config,model_path,module_id,phase,flow_step,tensor_role,attention_kind,calls,total_elements,protected_elements,fp_sidepath_ratio
,,expert.layer.0.pv,denoise,0,A,self,1465,249416250,2197500,0.00881057268722467
,,expert.layer.0.pv,denoise,0,B,self,1465,319252800,6293409,0.019712932823142036
,,expert.layer.0.pv,denoise,0,O,self,1465,70320000,1098750,0.015625
,,expert.layer.0.pv,denoise,1,A,self,1465,249416250,2197500,0.00881057268722467
,,expert.layer.0.pv,denoise,1,B,self,1465,319252800,6706188,0.021005886244380628
,,expert.layer.0.pv,denoise,1,O,self,1465,70320000,1098750,0.015625
,,expert.layer.0.pv,denoise,2,A,self,1465,249416250,2197500,0.00881057268722467
,,expert.layer.0.pv,denoise,2,B,self,1465,319252800,6797817,0.021292897039587436
,,expert.layer.0.pv,denoise,2,O,self,1465,70320000,1098750,0.015625
,,expert.layer.0.pv,denoise,3,A,self,1465,249416250,2197500,0.00881057268722467
,,expert.layer.0.pv,denoise,3,B,self,1465,319252800,6708525,0.021013206462088978
,,expert.layer.0.pv,denoise,3,O,self,1465,70320000,1098750,0.015625
,,expert.layer.0.pv,denoise,4,A,self,1465,249416250,2197500,0.00881057268722467
,,expert.layer.0.pv,denoise,4,B,self,1465,319252800,6520275,0.020423548360421585
,,expert.layer.0.pv,denoise,4,O,self,1465,70320000,1098750,0.015625
,,expert.layer.0.pv,denoise,5,A,self,1465,249416250,2197500,0.00881057268722467
,,expert.layer.0.pv,denoise,5,B,self,1465,319252800,6388143,0.02000966945317316
,,expert.layer.0.pv,denoise,5,O,self,1465,70320000,1098750,0.015625
,,expert.layer.0.pv,denoise,6,A,self,1465,249416250,2197500,0.00881057268722467
,,expert.layer.0.pv,denoise,6,B,self,1465,319252800,6411429,0.02008260851588459
,,expert.layer.0.pv,denoise,6,O,self,1465,70320000,1098750,0.015625
,,expert.layer.0.pv,denoise,7,A,self,1465,249416250,2197500,0.00881057268722467
,,expert.layer.0.pv,denoise,7,B,self,1465,319252800,6515625,0.02040898310053976
,,expert.layer.0.pv,denoise,7,O,self,1465,70320000,1098750,0.015625
,,expert.layer.0.pv,denoise,8,A,self,1465,249416250,2197500,0.00881057268722467
,,expert.layer.0.pv,denoise,8,B,self,1465,319252800,6406002,0.02006560944806122
,,expert.layer.0.pv,denoise,8,O,self,1465,70320000,1098750,0.015625
,,expert.layer.0.pv,denoise,9,A,self,1465,249416250,2197500,0.00881057268722467
,,expert.layer.0.pv,denoise,9,B,self,1465,319252800,6383418,0.019994869269744853
,,expert.layer.0.pv,denoise,9,O,self,1465,70320000,1098750,0.015625
,,expert.layer.0.qk,denoise,0,A,self,1465,70320000,1098750,0.015625
,,expert.layer.0.qk,denoise,0,B,self,1465,319252800,8205615,0.02570256235810618
,,expert.layer.0.qk,denoise,0,O,self,1465,249416250,2197500,0.00881057268722467
,,expert.layer.0.qk,denoise,1,A,self,1465,70320000,1098750,0.015625
,,expert.layer.0.qk,denoise,1,B,self,1465,319252800,8200350,0.025686070725143208
,,expert.layer.0.qk,denoise,1,O,self,1465,249416250,2197500,0.00881057268722467
,,expert.layer.0.qk,denoise,2,A,self,1465,70320000,1098750,0.015625
,,expert.layer.0.qk,denoise,2,B,self,1465,319252800,8194434,0.025667539955796785
,,expert.layer.0.qk,denoise,2,O,self,1465,249416250,2197500,0.00881057268722467
,,expert.layer.0.qk,denoise,3,A,self,1465,70320000,1098750,0.015625
,,expert.layer.0.qk,denoise,3,B,self,1465,319252800,8177280,0.025613808242245642
,,expert.layer.0.qk,denoise,3,O,self,1465,249416250,2197500,0.00881057268722467
,,expert.layer.0.qk,denoise,4,A,self,1465,70320000,1098750,0.015625
,,expert.layer.0.qk,denoise,4,B,self,1465,319252800,8163798,0.025571578385530213
,,expert.layer.0.qk,denoise,4,O,self,1465,249416250,2197500,0.00881057268722467
,,expert.layer.0.qk,denoise,5,A,self,1465,70320000,1098750,0.015625
,,expert.layer.0.qk,denoise,5,B,self,1465,319252800,8152110,0.02553496790004661
,,expert.layer.0.qk,denoise,5,O,self,1465,249416250,2197500,0.00881057268722467
,,expert.layer.0.qk,denoise,6,A,self,1465,70320000,1098750,0.015625
,,expert.layer.0.qk,denoise,6,B,self,1465,319252800,8144346,0.02551064861451489
,,expert.layer.0.qk,denoise,6,O,self,1465,249416250,2197500,0.00881057268722467
,,expert.layer.0.qk,denoise,7,A,self,1465,70320000,1098750,0.015625
,,expert.layer.0.qk,denoise,7,B,self,1465,319252800,8187891,0.02564704522560178
,,expert.layer.0.qk,denoise,7,O,self,1465,249416250,2197500,0.00881057268722467
,,expert.layer.0.qk,denoise,8,A,self,1465,70320000,1098750,0.015625
,,expert.layer.0.qk,denoise,8,B,self,1465,319252800,8198619,0.025680648689690427
,,expert.layer.0.qk,denoise,8,O,self,1465,249416250,2197500,0.00881057268722467
,,expert.layer.0.qk,denoise,9,A,self,1465,70320000,1098750,0.015625
,,expert.layer.0.qk,denoise,9,B,self,1465,319252800,8170911,0.025593858534678476
,,expert.layer.0.qk,denoise,9,O,self,1465,249416250,2197500,0.00881057268722467
,,expert.layer.1.pv,denoise,0,A,cross,1465,194478750,1098750,0.005649717514124294
,,expert.layer.1.pv,denoise,0,B,cross,1465,248932800,4426956,0.017783739226007983
,,expert.layer.1.pv,denoise,0,O,cross,1465,70320000,1098750,0.015625
,,expert.layer.1.pv,denoise,1,A,cross,1465,194478750,1098750,0.005649717514124294
,,expert.layer.1.pv,denoise,1,B,cross,1465,248932800,4431507,0.017802021268390505
,,expert.layer.1.pv,denoise,1,O,cross,1465,70320000,1098750,0.015625
,,expert.layer.1.pv,denoise,2,A,cross,1465,194478750,1098750,0.005649717514124294
,,expert.layer.1.pv,denoise,2,B,cross,1465,248932800,4431642,0.017802563583424923
,,expert.layer.1.pv,denoise,2,O,cross,1465,70320000,1098750,0.015625
,,expert.layer.1.pv,denoise,3,A,cross,1465,194478750,1098750,0.005649717514124294
,,expert.layer.1.pv,denoise,3,B,cross,1465,248932800,4432329,0.017805323364377856
,,expert.layer.1.pv,denoise,3,O,cross,1465,70320000,1098750,0.015625
,,expert.layer.1.pv,denoise,4,A,cross,1465,194478750,1098750,0.005649717514124294
,,expert.layer.1.pv,denoise,4,B,cross,1465,248932800,4435290,0.017817218140799444
,,expert.layer.1.pv,denoise,4,O,cross,1465,70320000,1098750,0.015625
,,expert.layer.1.pv,denoise,5,A,cross,1465,194478750,1098750,0.005649717514124294
,,expert.layer.1.pv,denoise,5,B,cross,1465,248932800,4435635,0.017818604056998515
,,expert.layer.1.pv,denoise,5,O,cross,1465,70320000,1098750,0.015625
,,expert.layer.1.pv,denoise,6,A,cross,1465,194478750,1098750,0.005649717514124294
,,expert.layer.1.pv,denoise,6,B,cross,1465,248932800,4434744,0.01781502477777135
,,expert.layer.1.pv,denoise,6,O,cross,1465,70320000,1098750,0.015625
,,expert.layer.1.pv,denoise,7,A,cross,1465,194478750,1098750,0.005649717514124294
,,expert.layer.1.pv,denoise,7,B,cross,1465,248932800,4434108,0.017812469871386977
,,expert.layer.1.pv,denoise,7,O,cross,1465,70320000,1098750,0.015625
,,expert.layer.1.pv,denoise,8,A,cross,1465,194478750,1098750,0.005649717514124294
,,expert.layer.1.pv,denoise,8,B,cross,1465,248932800,4433628,0.01781054164015349
,,expert.layer.1.pv,denoise,8,O,cross,1465,70320000,1098750,0.015625
,,expert.layer.1.pv,denoise,9,A,cross,1465,194478750,1098750,0.005649717514124294
,,expert.layer.1.pv,denoise,9,B,cross,1465,248932800,4429848,0.017795356819189756
,,expert.layer.1.pv,denoise,9,O,cross,1465,70320000,1098750,0.015625
,,expert.layer.1.qk,denoise,0,A,cross,1465,70320000,1098750,0.015625
,,expert.layer.1.qk,denoise,0,B,cross,1465,248932800,6679929,0.026834266115192535
,,expert.layer.1.qk,denoise,0,O,cross,1465,194478750,1098750,0.005649717514124294
,,expert.layer.1.qk,denoise,1,A,cross,1465,70320000,1098750,0.015625
,,expert.layer.1.qk,denoise,1,B,cross,1465,248932800,6686094,0.026859031835097667
,,expert.layer.1.qk,denoise,1,O,cross,1465,194478750,1098750,0.005649717514124294
,,expert.layer.1.qk,denoise,2,A,cross,1465,70320000,1098750,0.015625
,,expert.layer.1.qk,denoise,2,B,cross,1465,248932800,6684714,0.026853488170301382
,,expert.layer.1.qk,denoise,2,O,cross,1465,194478750,1098750,0.005649717514124294
,,expert.layer.1.qk,denoise,3,A,cross,1465,70320000,1098750,0.015625
,,expert.layer.1.qk,denoise,3,B,cross,1465,248932800,6684132,0.026851150189930777
,,expert.layer.1.qk,denoise,3,O,cross,1465,194478750,1098750,0.005649717514124294
,,expert.layer.1.qk,denoise,4,A,cross,1465,70320000,1098750,0.015625
,,expert.layer.1.qk,denoise,4,B,cross,1465,248932800,6687207,0.026863502921270318
,,expert.layer.1.qk,denoise,4,O,cross,1465,194478750,1098750,0.005649717514124294
,,expert.layer.1.qk,denoise,5,A,cross,1465,70320000,1098750,0.015625
,,expert.layer.1.qk,denoise,5,B,cross,1465,248932800,6691236,0.02687968801218642
,,expert.layer.1.qk,denoise,5,O,cross,1465,194478750,1098750,0.005649717514124294
,,expert.layer.1.qk,denoise,6,A,cross,1465,70320000,1098750,0.015625
,,expert.layer.1.qk,denoise,6,B,cross,1465,248932800,6696270,0.026899910337247642
,,expert.layer.1.qk,denoise,6,O,cross,1465,194478750,1098750,0.005649717514124294
,,expert.layer.1.qk,denoise,7,A,cross,1465,70320000,1098750,0.015625
,,expert.layer.1.qk,denoise,7,B,cross,1465,248932800,6698271,0.026907948651202253
,,expert.layer.1.qk,denoise,7,O,cross,1465,194478750,1098750,0.005649717514124294
,,expert.layer.1.qk,denoise,8,A,cross,1465,70320000,1098750,0.015625
,,expert.layer.1.qk,denoise,8,B,cross,1465,248932800,6697308,0.026904080137290065
,,expert.layer.1.qk,denoise,8,O,cross,1465,194478750,1098750,0.005649717514124294
,,expert.layer.1.qk,denoise,9,A,cross,1465,70320000,1098750,0.015625
,,expert.layer.1.qk,denoise,9,B,cross,1465,248932800,6698319,0.0269081414743256
,,expert.layer.1.qk,denoise,9,O,cross,1465,194478750,1098750,0.005649717514124294
,,expert.layer.10.pv,denoise,0,A,self,1465,249416250,2197500,0.00881057268722467
,,expert.layer.10.pv,denoise,0,B,self,1465,319252800,6549750,0.02051587331418863
,,expert.layer.10.pv,denoise,0,O,self,1465,70320000,1098750,0.015625
,,expert.layer.10.pv,denoise,1,A,self,1465,249416250,2197500,0.00881057268722467
,,expert.layer.10.pv,denoise,1,B,self,1465,319252800,6547311,0.020508233600457067
,,expert.layer.10.pv,denoise,1,O,self,1465,70320000,1098750,0.015625
,,expert.layer.10.pv,denoise,2,A,self,1465,249416250,2197500,0.00881057268722467
,,expert.layer.10.pv,denoise,2,B,self,1465,319252800,6550038,0.020516775420607116
,,expert.layer.10.pv,denoise,2,O,self,1465,70320000,1098750,0.015625
,,expert.layer.10.pv,denoise,3,A,self,1465,249416250,2197500,0.00881057268722467
,,expert.layer.10.pv,denoise,3,B,self,1465,319252800,6546306,0.02050508562493422
,,expert.layer.10.pv,denoise,3,O,self,1465,70320000,1098750,0.015625
,,expert.layer.10.pv,denoise,4,A,self,1465,249416250,2197500,0.00881057268722467
,,expert.layer.10.pv,denoise,4,B,self,1465,319252800,6544581,0.020499682383365157
,,expert.layer.10.pv,denoise,4,O,self,1465,70320000,1098750,0.015625
,,expert.layer.10.pv,denoise,5,A,self,1465,249416250,2197500,0.00881057268722467
,,expert.layer.10.pv,denoise,5,B,self,1465,319252800,6536895,0.02047560741832178
,,expert.layer.10.pv,denoise,5,O,self,1465,70320000,1098750,0.015625
,,expert.layer.10.pv,denoise,6,A,self,1465,249416250,2197500,0.00881057268722467
,,expert.layer.10.pv,denoise,6,B,self,1465,319252800,6537240,0.020476688066635593
,,expert.layer.10.pv,denoise,6,O,self,1465,70320000,1098750,0.015625
,,expert.layer.10.pv,denoise,7,A,self,1465,249416250,2197500,0.00881057268722467
,,expert.layer.10.pv,denoise,7,B,self,1465,319252800,6532842,0.020462912149869946
,,expert.layer.10.pv,denoise,7,O,self,1465,70320000,1098750,0.015625
,,expert.layer.10.pv,denoise,8,A,self,1465,249416250,2197500,0.00881057268722467
,,expert.layer.10.pv,denoise,8,B,self,1465,319252800,6544935,0.020500791222504547
,,expert.layer.10.pv,denoise,8,O,self,1465,70320000,1098750,0.015625
,,expert.layer.10.pv,denoise,9,A,self,1465,249416250,2197500,0.00881057268722467
,,expert.layer.10.pv,denoise,9,B,self,1465,319252800,6550899,0.02051947234292072
,,expert.layer.10.pv,denoise,9,O,self,1465,70320000,1098750,0.015625
,,expert.layer.10.qk,denoise,0,A,self,1465,70320000,1098750,0.015625
,,expert.layer.10.qk,denoise,0,B,self,1465,319252800,8250603,0.02584347889822736
,,expert.layer.10.qk,denoise,0,O,self,1465,249416250,2197500,0.00881057268722467
,,expert.layer.10.qk,denoise,1,A,self,1465,70320000,1098750,0.015625
,,expert.layer.10.qk,denoise,1,B,self,1465,319252800,8250837,0.025844211859692382
,,expert.layer.10.qk,denoise,1,O,self,1465,249416250,2197500,0.00881057268722467
,,expert.layer.10.qk,denoise,2,A,self,1465,70320000,1098750,0.015625
,,expert.layer.10.qk,denoise,2,B,self,1465,319252800,8247159,0.02583269120897295
,,expert.layer.10.qk,denoise,2,O,self,1465,249416250,2197500,0.00881057268722467
,,expert.layer.10.qk,denoise,3,A,self,1465,70320000,1098750,0.015625
,,expert.layer.10.qk,denoise,3,B,self,1465,319252800,8235594,0.025796465998105575
,,expert.layer.10.qk,denoise,3,O,self,1465,249416250,2197500,0.00881057268722467
,,expert.layer.10.qk,denoise,4,A,self,1465,70320000,1098750,0.015625
,,expert.layer.10.qk,denoise,4,B,self,1465,319252800,8217906,0.02574106162890349
,,expert.layer.10.qk,denoise,4,O,self,1465,249416250,2197500,0.00881057268722467
,,expert.layer.10.qk,denoise,5,A,self,1465,70320000,1098750,0.015625
,,expert.layer.10.qk,denoise,5,B,self,1465,319252800,8188911,0.025650240185833922
,,expert.layer.10.qk,denoise,5,O,self,1465,249416250,2197500,0.00881057268722467
,,expert.layer.10.qk,denoise,6,A,self,1465,70320000,1098750,0.015625
,,expert.layer.10.qk,denoise,6,B,self,1465,319252800,8160099,0.02555999195621777
,,expert.layer.10.qk,denoise,6,O,self,1465,249416250,2197500,0.00881057268722467
,,expert.layer.10.qk,denoise,7,A,self,1465,70320000,1098750,0.015625
,,expert.layer.10.qk,denoise,7,B,self,1465,319252800,8140329,0.025498066109365367
,,expert.layer.10.qk,denoise,7,O,self,1465,249416250,2197500,0.00881057268722467
,,expert.layer.10.qk,denoise,8,A,self,1465,70320000,1098750,0.015625
,,expert.layer.10.qk,denoise,8,B,self,1465,319252800,8120505,0.025435971117559502
,,expert.layer.10.qk,denoise,8,O,self,1465,249416250,2197500,0.00881057268722467
,,expert.layer.10.qk,denoise,9,A,self,1465,70320000,1098750,0.015625
,,expert.layer.10.qk,denoise,9,B,self,1465,319252800,8098878,0.02536822856369623
,,expert.layer.10.qk,denoise,9,O,self,1465,249416250,2197500,0.00881057268722467
,,expert.layer.11.pv,denoise,0,A,cross,1465,194478750,1098750,0.005649717514124294
,,expert.layer.11.pv,denoise,0,B,cross,1465,248932800,4398390,0.01766898536472494
,,expert.layer.11.pv,denoise,0,O,cross,1465,70320000,1098750,0.015625
,,expert.layer.11.pv,denoise,1,A,cross,1465,194478750,1098750,0.005649717514124294
,,expert.layer.11.pv,denoise,1,B,cross,1465,248932800,4398435,0.017669166136403076
,,expert.layer.11.pv,denoise,1,O,cross,1465,70320000,1098750,0.015625
,,expert.layer.11.pv,denoise,2,A,cross,1465,194478750,1098750,0.005649717514124294
,,expert.layer.11.pv,denoise,2,B,cross,1465,248932800,4398357,0.017668852798827635
,,expert.layer.11.pv,denoise,2,O,cross,1465,70320000,1098750,0.015625
,,expert.layer.11.pv,denoise,3,A,cross,1465,194478750,1098750,0.005649717514124294
,,expert.layer.11.pv,denoise,3,B,cross,1465,248932800,4398339,0.01766878049015638
,,expert.layer.11.pv,denoise,3,O,cross,1465,70320000,1098750,0.015625
,,expert.layer.11.pv,denoise,4,A,cross,1465,194478750,1098750,0.005649717514124294
,,expert.layer.11.pv,denoise,4,B,cross,1465,248932800,4398393,0.017668997416170146
,,expert.layer.11.pv,denoise,4,O,cross,1465,70320000,1098750,0.015625
,,expert.layer.11.pv,denoise,5,A,cross,1465,194478750,1098750,0.005649717514124294
,,expert.layer.11.pv,denoise,5,B,cross,1465,248932800,4398303,0.01766863587281387
,,expert.layer.11.pv,denoise,5,O,cross,1465,70320000,1098750,0.015625
,,expert.layer.11.pv,denoise,6,A,cross,1465,194478750,1098750,0.005649717514124294
,,expert.layer.11.pv,denoise,6,B,cross,1465,248932800,4398378,0.0176689371589441
,,expert.layer.11.pv,denoise,6,O,cross,1465,70320000,1098750,0.015625
,,expert.layer.11.pv,denoise,7,A,cross,1465,194478750,1098750,0.005649717514124294
,,expert.layer.11.pv,denoise,7,B,cross,1465,248932800,4398381,0.01766894921038931
,,expert.layer.11.pv,denoise,7,O,cross,1465,70320000,1098750,0.015625
,,expert.layer.11.pv,denoise,8,A,cross,1465,194478750,1098750,0.005649717514124294
,,expert.layer.11.pv,denoise,8,B,cross,1465,248932800,4398330,0.017668744335820753
,,expert.layer.11.pv,denoise,8,O,cross,1465,70320000,1098750,0.015625
,,expert.layer.11.pv,denoise,9,A,cross,1465,194478750,1098750,0.005649717514124294
,,expert.layer.11.pv,denoise,9,B,cross,1465,248932800,4398405,0.017669045621950985
,,expert.layer.11.pv,denoise,9,O,cross,1465,70320000,1098750,0.015625
,,expert.layer.11.qk,denoise,0,A,cross,1465,70320000,1098750,0.015625
,,expert.layer.11.qk,denoise,0,B,cross,1465,248932800,6799263,0.02731364850272845
,,expert.layer.11.qk,denoise,0,O,cross,1465,194478750,1098750,0.005649717514124294
,,expert.layer.11.qk,denoise,1,A,cross,1465,70320000,1098750,0.015625
,,expert.layer.11.qk,denoise,1,B,cross,1465,248932800,6803481,0.027330592834692736
,,expert.layer.11.qk,denoise,1,O,cross,1465,194478750,1098750,0.005649717514124294
,,expert.layer.11.qk,denoise,2,A,cross,1465,70320000,1098750,0.015625
,,expert.layer.11.qk,denoise,2,B,cross,1465,248932800,6804255,0.02733370210755674
,,expert.layer.11.qk,denoise,2,O,cross,1465,194478750,1098750,0.005649717514124294
,,expert.layer.11.qk,denoise,3,A,cross,1465,70320000,1098750,0.015625
,,expert.layer.11.qk,denoise,3,B,cross,1465,248932800,6804102,0.027333087483851062
,,expert.layer.11.qk,denoise,3,O,cross,1465,194478750,1098750,0.005649717514124294
,,expert.layer.11.qk,denoise,4,A,cross,1465,70320000,1098750,0.015625
,,expert.layer.11.qk,denoise,4,B,cross,1465,248932800,6804450,0.027334485451495343
,,expert.layer.11.qk,denoise,4,O,cross,1465,194478750,1098750,0.005649717514124294
,,expert.layer.11.qk,denoise,5,A,cross,1465,70320000,1098750,0.015625
,,expert.layer.11.qk,denoise,5,B,cross,1465,248932800,6804474,0.02733458186305702
,,expert.layer.11.qk,denoise,5,O,cross,1465,194478750,1098750,0.005649717514124294
,,expert.layer.11.qk,denoise,6,A,cross,1465,70320000,1098750,0.015625
,,expert.layer.11.qk,denoise,6,B,cross,1465,248932800,6801048,0.027320819112627986
,,expert.layer.11.qk,denoise,6,O,cross,1465,194478750,1098750,0.005649717514124294
,,expert.layer.11.qk,denoise,7,A,cross,1465,70320000,1098750,0.015625
,,expert.layer.11.qk,denoise,7,B,cross,1465,248932800,6799761,0.027315649042633193
,,expert.layer.11.qk,denoise,7,O,cross,1465,194478750,1098750,0.005649717514124294
,,expert.layer.11.qk,denoise,8,A,cross,1465,70320000,1098750,0.015625
,,expert.layer.11.qk,denoise,8,B,cross,1465,248932800,6799890,0.02731616725477719
,,expert.layer.11.qk,denoise,8,O,cross,1465,194478750,1098750,0.005649717514124294
,,expert.layer.11.qk,denoise,9,A,cross,1465,70320000,1098750,0.015625
,,expert.layer.11.qk,denoise,9,B,cross,1465,248932800,6803874,0.027332171574015157
,,expert.layer.11.qk,denoise,9,O,cross,1465,194478750,1098750,0.005649717514124294
,,expert.layer.12.pv,denoise,0,A,self,1465,249416250,2197500,0.00881057268722467
,,expert.layer.12.pv,denoise,0,B,self,1465,319252800,6628575,0.020762777961540198
,,expert.layer.12.pv,denoise,0,O,self,1465,70320000,1098750,0.015625
,,expert.layer.12.pv,denoise,1,A,self,1465,249416250,2197500,0.00881057268722467
,,expert.layer.12.pv,denoise,1,B,self,1465,319252800,6632079,0.02077375358963179
,,expert.layer.12.pv,denoise,1,O,self,1465,70320000,1098750,0.015625
,,expert.layer.12.pv,denoise,2,A,self,1465,249416250,2197500,0.00881057268722467
,,expert.layer.12.pv,denoise,2,B,self,1465,319252800,6642981,0.020807902076348275
,,expert.layer.12.pv,denoise,2,O,self,1465,70320000,1098750,0.015625
,,expert.layer.12.pv,denoise,3,A,self,1465,249416250,2197500,0.00881057268722467
,,expert.layer.12.pv,denoise,3,B,self,1465,319252800,6644163,0.020811604471440814
,,expert.layer.12.pv,denoise,3,O,self,1465,70320000,1098750,0.015625
,,expert.layer.12.pv,denoise,4,A,self,1465,249416250,2197500,0.00881057268722467
,,expert.layer.12.pv,denoise,4,B,self,1465,319252800,6649275,0.02082761686036896
,,expert.layer.12.pv,denoise,4,O,self,1465,70320000,1098750,0.015625
,,expert.layer.12.pv,denoise,5,A,self,1465,249416250,2197500,0.00881057268722467
,,expert.layer.12.pv,denoise,5,B,self,1465,319252800,6641265,0.020802527025604787
,,expert.layer.12.pv,denoise,5,O,self,1465,70320000,1098750,0.015625
,,expert.layer.12.pv,denoise,6,A,self,1465,249416250,2197500,0.00881057268722467
,,expert.layer.12.pv,denoise,6,B,self,1465,319252800,6638547,0.020794013396280314
,,expert.layer.12.pv,denoise,6,O,self,1465,70320000,1098750,0.015625
,,expert.layer.12.pv,denoise,7,A,self,1465,249416250,2197500,0.00881057268722467
,,expert.layer.12.pv,denoise,7,B,self,1465,319252800,6625119,0.02075195268451835
,,expert.layer.12.pv,denoise,7,O,self,1465,70320000,1098750,0.015625
,,expert.layer.12.pv,denoise,8,A,self,1465,249416250,2197500,0.00881057268722467
,,expert.layer.12.pv,denoise,8,B,self,1465,319252800,6616758,0.020725763407556646
,,expert.layer.12.pv,denoise,8,O,self,1465,70320000,1098750,0.015625
,,expert.layer.12.pv,denoise,9,A,self,1465,249416250,2197500,0.00881057268722467
,,expert.layer.12.pv,denoise,9,B,self,1465,319252800,6583500,0.020621588910105095
,,expert.layer.12.pv,denoise,9,O,self,1465,70320000,1098750,0.015625
,,expert.layer.12.qk,denoise,0,A,self,1465,70320000,1098750,0.015625
,,expert.layer.12.qk,denoise,0,B,self,1465,319252800,8205885,0.02570340808287351
,,expert.layer.12.qk,denoise,0,O,self,1465,249416250,2197500,0.00881057268722467
,,expert.layer.12.qk,denoise,1,A,self,1465,70320000,1098750,0.015625
,,expert.layer.12.qk,denoise,1,B,self,1465,319252800,8205615,0.02570256235810618
,,expert.layer.12.qk,denoise,1,O,self,1465,249416250,2197500,0.00881057268722467
,,expert.layer.12.qk,denoise,2,A,self,1465,70320000,1098750,0.015625
,,expert.layer.12.qk,denoise,2,B,self,1465,319252800,8205615,0.02570256235810618
,,expert.layer.12.qk,denoise,2,O,self,1465,249416250,2197500,0.00881057268722467
,,expert.layer.12.qk,denoise,3,A,self,1465,70320000,1098750,0.015625
,,expert.layer.12.qk,denoise,3,B,self,1465,319252800,8205105,0.025700964877990107
,,expert.layer.12.qk,denoise,3,O,self,1465,249416250,2197500,0.00881057268722467
,,expert.layer.12.qk,denoise,4,A,self,1465,70320000,1098750,0.015625
,,expert.layer.12.qk,denoise,4,B,self,1465,319252800,8204298,0.02569843710062997
,,expert.layer.12.qk,denoise,4,O,self,1465,249416250,2197500,0.00881057268722467
,,expert.layer.12.qk,denoise,5,A,self,1465,70320000,1098750,0.015625
,,expert.layer.12.qk,denoise,5,B,self,1465,319252800,8203761,0.025696755048037166
,,expert.layer.12.qk,denoise,5,O,self,1465,249416250,2197500,0.00881057268722467
,,expert.layer.12.qk,denoise,6,A,self,1465,70320000,1098750,0.015625
,,expert.layer.12.qk,denoise,6,B,self,1465,319252800,8203236,0.0256951105832118
,,expert.layer.12.qk,denoise,6,O,self,1465,249416250,2197500,0.00881057268722467
,,expert.layer.12.qk,denoise,7,A,self,1465,70320000,1098750,0.015625
,,expert.layer.12.qk,denoise,7,B,self,1465,319252800,8200278,0.025685845198538587
,,expert.layer.12.qk,denoise,7,O,self,1465,249416250,2197500,0.00881057268722467
,,expert.layer.12.qk,denoise,8,A,self,1465,70320000,1098750,0.015625
,,expert.layer.12.qk,denoise,8,B,self,1465,319252800,8196486,0.025673967464028506
,,expert.layer.12.qk,denoise,8,O,self,1465,249416250,2197500,0.00881057268722467
,,expert.layer.12.qk,denoise,9,A,self,1465,70320000,1098750,0.015625
,,expert.layer.12.qk,denoise,9,B,self,1465,319252800,8192802,0.025662428019425358
,,expert.layer.12.qk,denoise,9,O,self,1465,249416250,2197500,0.00881057268722467
,,expert.layer.13.pv,denoise,0,A,cross,1465,194478750,1098750,0.005649717514124294
,,expert.layer.13.pv,denoise,0,B,cross,1465,248932800,4333377,0.01740781849559399
,,expert.layer.13.pv,denoise,0,O,cross,1465,70320000,1098750,0.015625
,,expert.layer.13.pv,denoise,1,A,cross,1465,194478750,1098750,0.005649717514124294
,,expert.layer.13.pv,denoise,1,B,cross,1465,248932800,4333263,0.01740736054067604
,,expert.layer.13.pv,denoise,1,O,cross,1465,70320000,1098750,0.015625
,,expert.layer.13.pv,denoise,2,A,cross,1465,194478750,1098750,0.005649717514124294
,,expert.layer.13.pv,denoise,2,B,cross,1465,248932800,4333017,0.017406372322168875
,,expert.layer.13.pv,denoise,2,O,cross,1465,70320000,1098750,0.015625
,,expert.layer.13.pv,denoise,3,A,cross,1465,194478750,1098750,0.005649717514124294
,,expert.layer.13.pv,denoise,3,B,cross,1465,248932800,4332942,0.017406071036038643
,,expert.layer.13.pv,denoise,3,O,cross,1465,70320000,1098750,0.015625
,,expert.layer.13.pv,denoise,4,A,cross,1465,194478750,1098750,0.005649717514124294
,,expert.layer.13.pv,denoise,4,B,cross,1465,248932800,4332966,0.017406167447600315
,,expert.layer.13.pv,denoise,4,O,cross,1465,70320000,1098750,0.015625
,,expert.layer.13.pv,denoise,5,A,cross,1465,194478750,1098750,0.005649717514124294
,,expert.layer.13.pv,denoise,5,B,cross,1465,248932800,4332882,0.017405830007134457
,,expert.layer.13.pv,denoise,5,O,cross,1465,70320000,1098750,0.015625
,,expert.layer.13.pv,denoise,6,A,cross,1465,194478750,1098750,0.005649717514124294
,,expert.layer.13.pv,denoise,6,B,cross,1465,248932800,4332816,0.01740556487533985
,,expert.layer.13.pv,denoise,6,O,cross,1465,70320000,1098750,0.015625
,,expert.layer.13.pv,denoise,7,A,cross,1465,194478750,1098750,0.005649717514124294
,,expert.layer.13.pv,denoise,7,B,cross,1465,248932800,4332762,0.017405347949326085
,,expert.layer.13.pv,denoise,7,O,cross,1465,70320000,1098750,0.015625
,,expert.layer.13.pv,denoise,8,A,cross,1465,194478750,1098750,0.005649717514124294
,,expert.layer.13.pv,denoise,8,B,cross,1465,248932800,4332678,0.017405010508860223
,,expert.layer.13.pv,denoise,8,O,cross,1465,70320000,1098750,0.015625
,,expert.layer.13.pv,denoise,9,A,cross,1465,194478750,1098750,0.005649717514124294
,,expert.layer.13.pv,denoise,9,B,cross,1465,248932800,4332807,0.01740552872100422
,,expert.layer.13.pv,denoise,9,O,cross,1465,70320000,1098750,0.015625
,,expert.layer.13.qk,denoise,0,A,cross,1465,70320000,1098750,0.015625
,,expert.layer.13.qk,denoise,0,B,cross,1465,248932800,7165077,0.02878317762866123
,,expert.layer.13.qk,denoise,0,O,cross,1465,194478750,1098750,0.005649717514124294
,,expert.layer.13.qk,denoise,1,A,cross,1465,70320000,1098750,0.015625
,,expert.layer.13.qk,denoise,1,B,cross,1465,248932800,7165551,0.0287850817570043
,,expert.layer.13.qk,denoise,1,O,cross,1465,194478750,1098750,0.005649717514124294
,,expert.layer.13.qk,denoise,2,A,cross,1465,70320000,1098750,0.015625
,,expert.layer.13.qk,denoise,2,B,cross,1465,248932800,7167633,0.028793445459979562
,,expert.layer.13.qk,denoise,2,O,cross,1465,194478750,1098750,0.005649717514124294
,,expert.layer.13.qk,denoise,3,A,cross,1465,70320000,1098750,0.015625
,,expert.layer.13.qk,denoise,3,B,cross,1465,248932800,7173501,0.02881701808680897
,,expert.layer.13.qk,denoise,3,O,cross,1465,194478750,1098750,0.005649717514124294
,,expert.layer.13.qk,denoise,4,A,cross,1465,70320000,1098750,0.015625
,,expert.layer.13.qk,denoise,4,B,cross,1465,248932800,7175409,0.02882468280596209
,,expert.layer.13.qk,denoise,4,O,cross,1465,194478750,1098750,0.005649717514124294
,,expert.layer.13.qk,denoise,5,A,cross,1465,70320000,1098750,0.015625
,,expert.layer.13.qk,denoise,5,B,cross,1465,248932800,7179294,0.028840289427508145
,,expert.layer.13.qk,denoise,5,O,cross,1465,194478750,1098750,0.005649717514124294
,,expert.layer.13.qk,denoise,6,A,cross,1465,70320000,1098750,0.015625
,,expert.layer.13.qk,denoise,6,B,cross,1465,248932800,7180428,0.028844844873797265
,,expert.layer.13.qk,denoise,6,O,cross,1465,194478750,1098750,0.005649717514124294
,,expert.layer.13.qk,denoise,7,A,cross,1465,70320000,1098750,0.015625
,,expert.layer.13.qk,denoise,7,B,cross,1465,248932800,7180986,0.028847086442606196
,,expert.layer.13.qk,denoise,7,O,cross,1465,194478750,1098750,0.005649717514124294
,,expert.layer.13.qk,denoise,8,A,cross,1465,70320000,1098750,0.015625
,,expert.layer.13.qk,denoise,8,B,cross,1465,248932800,7178628,0.02883761400667168
,,expert.layer.13.qk,denoise,8,O,cross,1465,194478750,1098750,0.005649717514124294
,,expert.layer.13.qk,denoise,9,A,cross,1465,70320000,1098750,0.015625
,,expert.layer.13.qk,denoise,9,B,cross,1465,248932800,7173114,0.028815463450376968
,,expert.layer.13.qk,denoise,9,O,cross,1465,194478750,1098750,0.005649717514124294
,,expert.layer.14.pv,denoise,0,A,self,1465,249416250,2197500,0.00881057268722467
,,expert.layer.14.pv,denoise,0,B,self,1465,319252800,7026954,0.02201062606185443
,,expert.layer.14.pv,denoise,0,O,self,1465,70320000,1098750,0.015625
,,expert.layer.14.pv,denoise,1,A,self,1465,249416250,2197500,0.00881057268722467
,,expert.layer.14.pv,denoise,1,B,self,1465,319252800,7022646,0.02199713205334456
,,expert.layer.14.pv,denoise,1,O,self,1465,70320000,1098750,0.015625
,,expert.layer.14.pv,denoise,2,A,self,1465,249416250,2197500,0.00881057268722467
,,expert.layer.14.pv,denoise,2,B,self,1465,319252800,7021011,0.021992010720031274
,,expert.layer.14.pv,denoise,2,O,self,1465,70320000,1098750,0.015625
,,expert.layer.14.pv,denoise,3,A,self,1465,249416250,2197500,0.00881057268722467
,,expert.layer.14.pv,denoise,3,B,self,1465,319252800,7020426,0.021990178316368722
,,expert.layer.14.pv,denoise,3,O,self,1465,70320000,1098750,0.015625
,,expert.layer.14.pv,denoise,4,A,self,1465,249416250,2197500,0.00881057268722467
,,expert.layer.14.pv,denoise,4,B,self,1465,319252800,7011354,0.021961761964186376
,,expert.layer.14.pv,denoise,4,O,self,1465,70320000,1098750,0.015625
,,expert.layer.14.pv,denoise,5,A,self,1465,249416250,2197500,0.00881057268722467
,,expert.layer.14.pv,denoise,5,B,self,1465,319252800,7013007,0.021966939679150817
,,expert.layer.14.pv,denoise,5,O,self,1465,70320000,1098750,0.015625
,,expert.layer.14.pv,denoise,6,A,self,1465,249416250,2197500,0.00881057268722467
,,expert.layer.14.pv,denoise,6,B,self,1465,319252800,7005663,0.021943935965479396
,,expert.layer.14.pv,denoise,6,O,self,1465,70320000,1098750,0.015625
,,expert.layer.14.pv,denoise,7,A,self,1465,249416250,2197500,0.00881057268722467
,,expert.layer.14.pv,denoise,7,B,self,1465,319252800,7009965,0.021957411180105548
,,expert.layer.14.pv,denoise,7,O,self,1465,70320000,1098750,0.015625
,,expert.layer.14.pv,denoise,8,A,self,1465,249416250,2197500,0.00881057268722467
,,expert.layer.14.pv,denoise,8,B,self,1465,319252800,6998319,0.02192093225180797
,,expert.layer.14.pv,denoise,8,O,self,1465,70320000,1098750,0.015625
,,expert.layer.14.pv,denoise,9,A,self,1465,249416250,2197500,0.00881057268722467
,,expert.layer.14.pv,denoise,9,B,self,1465,319252800,7014867,0.021972765783103546
,,expert.layer.14.pv,denoise,9,O,self,1465,70320000,1098750,0.015625
,,expert.layer.14.qk,denoise,0,A,self,1465,70320000,1098750,0.015625
,,expert.layer.14.qk,denoise,0,B,self,1465,319252800,8246259,0.02582987212641518
,,expert.layer.14.qk,denoise,0,O,self,1465,249416250,2197500,0.00881057268722467
,,expert.layer.14.qk,denoise,1,A,self,1465,70320000,1098750,0.015625
,,expert.layer.14.qk,denoise,1,B,self,1465,319252800,8246673,0.025831168904391754
,,expert.layer.14.qk,denoise,1,O,self,1465,249416250,2197500,0.00881057268722467
,,expert.layer.14.qk,denoise,2,A,self,1465,70320000,1098750,0.015625
,,expert.layer.14.qk,denoise,2,B,self,1465,319252800,8246901,0.025831883071973056
,,expert.layer.14.qk,denoise,2,O,self,1465,249416250,2197500,0.00881057268722467
,,expert.layer.14.qk,denoise,3,A,self,1465,70320000,1098750,0.015625
,,expert.layer.14.qk,denoise,3,B,self,1465,319252800,8245995,0.025829045195531565
,,expert.layer.14.qk,denoise,3,O,self,1465,249416250,2197500,0.00881057268722467
,,expert.layer.14.qk,denoise,4,A,self,1465,70320000,1098750,0.015625
,,expert.layer.14.qk,denoise,4,B,self,1465,319252800,8244108,0.025823134519102103
,,expert.layer.14.qk,denoise,4,O,self,1465,249416250,2197500,0.00881057268722467
,,expert.layer.14.qk,denoise,5,A,self,1465,70320000,1098750,0.015625
,,expert.layer.14.qk,denoise,5,B,self,1465,319252800,8244756,0.025825164258543698
,,expert.layer.14.qk,denoise,5,O,self,1465,249416250,2197500,0.00881057268722467
,,expert.layer.14.qk,denoise,6,A,self,1465,70320000,1098750,0.015625
,,expert.layer.14.qk,denoise,6,B,self,1465,319252800,8245587,0.02582776721143871
,,expert.layer.14.qk,denoise,6,O,self,1465,249416250,2197500,0.00881057268722467
,,expert.layer.14.qk,denoise,7,A,self,1465,70320000,1098750,0.015625
,,expert.layer.14.qk,denoise,7,B,self,1465,319252800,8246223,0.025829759363112867
,,expert.layer.14.qk,denoise,7,O,self,1465,249416250,2197500,0.00881057268722467
,,expert.layer.14.qk,denoise,8,A,self,1465,70320000,1098750,0.015625
,,expert.layer.14.qk,denoise,8,B,self,1465,319252800,8248926,0.025838226007728046
,,expert.layer.14.qk,denoise,8,O,self,1465,249416250,2197500,0.00881057268722467
,,expert.layer.14.qk,denoise,9,A,self,1465,70320000,1098750,0.015625
,,expert.layer.14.qk,denoise,9,B,self,1465,319252800,8250933,0.025844512561831876
,,expert.layer.14.qk,denoise,9,O,self,1465,249416250,2197500,0.00881057268722467
,,expert.layer.15.pv,denoise,0,A,cross,1465,194478750,1098750,0.005649717514124294
,,expert.layer.15.pv,denoise,0,B,cross,1465,248932800,4514421,0.018135099111085403
,,expert.layer.15.pv,denoise,0,O,cross,1465,70320000,1098750,0.015625
,,expert.layer.15.pv,denoise,1,A,cross,1465,194478750,1098750,0.005649717514124294
,,expert.layer.15.pv,denoise,1,B,cross,1465,248932800,4511895,0.018124951794219163
,,expert.layer.15.pv,denoise,1,O,cross,1465,70320000,1098750,0.015625
,,expert.layer.15.pv,denoise,2,A,cross,1465,194478750,1098750,0.005649717514124294
,,expert.layer.15.pv,denoise,2,B,cross,1465,248932800,4511607,0.018123794855479068
,,expert.layer.15.pv,denoise,2,O,cross,1465,70320000,1098750,0.015625
,,expert.layer.15.pv,denoise,3,A,cross,1465,194478750,1098750,0.005649717514124294
,,expert.layer.15.pv,denoise,3,B,cross,1465,248932800,4508934,0.018113057017797574
,,expert.layer.15.pv,denoise,3,O,cross,1465,70320000,1098750,0.015625
,,expert.layer.15.pv,denoise,4,A,cross,1465,194478750,1098750,0.005649717514124294
,,expert.layer.15.pv,denoise,4,B,cross,1465,248932800,4507851,0.018108706446077014
,,expert.layer.15.pv,denoise,4,O,cross,1465,70320000,1098750,0.015625
,,expert.layer.15.pv,denoise,5,A,cross,1465,194478750,1098750,0.005649717514124294
,,expert.layer.15.pv,denoise,5,B,cross,1465,248932800,4506429,0.0181029940610478
,,expert.layer.15.pv,denoise,5,O,cross,1465,70320000,1098750,0.015625
,,expert.layer.15.pv,denoise,6,A,cross,1465,194478750,1098750,0.005649717514124294
,,expert.layer.15.pv,denoise,6,B,cross,1465,248932800,4505250,0.018098257843080542
,,expert.layer.15.pv,denoise,6,O,cross,1465,70320000,1098750,0.015625
,,expert.layer.15.pv,denoise,7,A,cross,1465,194478750,1098750,0.005649717514124294
,,expert.layer.15.pv,denoise,7,B,cross,1465,248932800,4504332,0.018094570100846495
,,expert.layer.15.pv,denoise,7,O,cross,1465,70320000,1098750,0.015625
,,expert.layer.15.pv,denoise,8,A,cross,1465,194478750,1098750,0.005649717514124294
,,expert.layer.15.pv,denoise,8,B,cross,1465,248932800,4502916,0.0180888818187077
,,expert.layer.15.pv,denoise,8,O,cross,1465,70320000,1098750,0.015625
,,expert.layer.15.pv,denoise,9,A,cross,1465,194478750,1098750,0.005649717514124294
,,expert.layer.15.pv,denoise,9,B,cross,1465,248932800,4503450,0.018091026975954955
,,expert.layer.15.pv,denoise,9,O,cross,1465,70320000,1098750,0.015625
,,expert.layer.15.qk,denoise,0,A,cross,1465,70320000,1098750,0.015625
,,expert.layer.15.qk,denoise,0,B,cross,1465,248932800,7092783,0.02849276190200729
,,expert.layer.15.qk,denoise,0,O,cross,1465,194478750,1098750,0.005649717514124294
,,expert.layer.15.qk,denoise,1,A,cross,1465,70320000,1098750,0.015625
,,expert.layer.15.qk,denoise,1,B,cross,1465,248932800,7088988,0.028477516823817512
,,expert.layer.15.qk,denoise,1,O,cross,1465,194478750,1098750,0.005649717514124294
,,expert.layer.15.qk,denoise,2,A,cross,1465,70320000,1098750,0.015625
,,expert.layer.15.qk,denoise,2,B,cross,1465,248932800,7084851,0.028460897880873873
,,expert.layer.15.qk,denoise,2,O,cross,1465,194478750,1098750,0.005649717514124294
,,expert.layer.15.qk,denoise,3,A,cross,1465,70320000,1098750,0.015625
,,expert.layer.15.qk,denoise,3,B,cross,1465,248932800,7080840,0.02844478509862903
,,expert.layer.15.qk,denoise,3,O,cross,1465,194478750,1098750,0.005649717514124294
,,expert.layer.15.qk,denoise,4,A,cross,1465,70320000,1098750,0.015625
,,expert.layer.15.qk,denoise,4,B,cross,1465,248932800,7072611,0.02841172798441989
,,expert.layer.15.qk,denoise,4,O,cross,1465,194478750,1098750,0.005649717514124294
,,expert.layer.15.qk,denoise,5,A,cross,1465,70320000,1098750,0.015625
,,expert.layer.15.qk,denoise,5,B,cross,1465,248932800,7062645,0.028371693083434565
,,expert.layer.15.qk,denoise,5,O,cross,1465,194478750,1098750,0.005649717514124294
,,expert.layer.15.qk,denoise,6,A,cross,1465,70320000,1098750,0.015625
,,expert.layer.15.qk,denoise,6,B,cross,1465,248932800,7051293,0.02832609041476254
,,expert.layer.15.qk,denoise,6,O,cross,1465,194478750,1098750,0.005649717514124294
,,expert.layer.15.qk,denoise,7,A,cross,1465,70320000,1098750,0.015625
,,expert.layer.15.qk,denoise,7,B,cross,1465,248932800,7040718,0.028283609070399722
,,expert.layer.15.qk,denoise,7,O,cross,1465,194478750,1098750,0.005649717514124294
,,expert.layer.15.qk,denoise,8,A,cross,1465,70320000,1098750,0.015625
,,expert.layer.15.qk,denoise,8,B,cross,1465,248932800,7033140,0.028253167119801005
,,expert.layer.15.qk,denoise,8,O,cross,1465,194478750,1098750,0.005649717514124294
,,expert.layer.15.qk,denoise,9,A,cross,1465,70320000,1098750,0.015625
,,expert.layer.15.qk,denoise,9,B,cross,1465,248932800,7023060,0.028212674263897727
,,expert.layer.15.qk,denoise,9,O,cross,1465,194478750,1098750,0.005649717514124294
,,expert.layer.2.pv,denoise,0,A,self,1465,249416250,2197500,0.00881057268722467
,,expert.layer.2.pv,denoise,0,B,self,1465,319252800,6840984,0.02142810963600006
,,expert.layer.2.pv,denoise,0,O,self,1465,70320000,1098750,0.015625
,,expert.layer.2.pv,denoise,1,A,self,1465,249416250,2197500,0.00881057268722467
,,expert.layer.2.pv,denoise,1,B,self,1465,319252800,6821235,0.021366249567740674
,,expert.layer.2.pv,denoise,1,O,self,1465,70320000,1098750,0.015625
,,expert.layer.2.pv,denoise,2,A,self,1465,249416250,2197500,0.00881057268722467
,,expert.layer.2.pv,denoise,2,B,self,1465,319252800,6795081,0.02128432702861181
,,expert.layer.2.pv,denoise,2,O,self,1465,70320000,1098750,0.015625
,,expert.layer.2.pv,denoise,3,A,self,1465,249416250,2197500,0.00881057268722467
,,expert.layer.2.pv,denoise,3,B,self,1465,319252800,6765759,0.021192481318879585
,,expert.layer.2.pv,denoise,3,O,self,1465,70320000,1098750,0.015625
,,expert.layer.2.pv,denoise,4,A,self,1465,249416250,2197500,0.00881057268722467
,,expert.layer.2.pv,denoise,4,B,self,1465,319252800,6754725,0.021157919366721293
,,expert.layer.2.pv,denoise,4,O,self,1465,70320000,1098750,0.015625
,,expert.layer.2.pv,denoise,5,A,self,1465,249416250,2197500,0.00881057268722467
,,expert.layer.2.pv,denoise,5,B,self,1465,319252800,6767781,0.021198814857692712
,,expert.layer.2.pv,denoise,5,O,self,1465,70320000,1098750,0.015625
,,expert.layer.2.pv,denoise,6,A,self,1465,249416250,2197500,0.00881057268722467
,,expert.layer.2.pv,denoise,6,B,self,1465,319252800,6800256,0.021300536753319
,,expert.layer.2.pv,denoise,6,O,self,1465,70320000,1098750,0.015625
,,expert.layer.2.pv,denoise,7,A,self,1465,249416250,2197500,0.00881057268722467
,,expert.layer.2.pv,denoise,7,B,self,1465,319252800,6841827,0.021430750176662506
,,expert.layer.2.pv,denoise,7,O,self,1465,70320000,1098750,0.015625
,,expert.layer.2.pv,denoise,8,A,self,1465,249416250,2197500,0.00881057268722467
,,expert.layer.2.pv,denoise,8,B,self,1465,319252800,6874065,0.021531729713881915
,,expert.layer.2.pv,denoise,8,O,self,1465,70320000,1098750,0.015625
,,expert.layer.2.pv,denoise,9,A,self,1465,249416250,2197500,0.00881057268722467
,,expert.layer.2.pv,denoise,9,B,self,1465,319252800,6947181,0.021760751980875345
,,expert.layer.2.pv,denoise,9,O,self,1465,70320000,1098750,0.015625
,,expert.layer.2.qk,denoise,0,A,self,1465,70320000,1098750,0.015625
,,expert.layer.2.qk,denoise,0,B,self,1465,319252800,8254824,0.025856700395423312
,,expert.layer.2.qk,denoise,0,O,self,1465,249416250,2197500,0.00881057268722467
,,expert.layer.2.qk,denoise,1,A,self,1465,70320000,1098750,0.015625
,,expert.layer.2.qk,denoise,1,B,self,1465,319252800,8254824,0.025856700395423312
,,expert.layer.2.qk,denoise,1,O,self,1465,249416250,2197500,0.00881057268722467
,,expert.layer.2.qk,denoise,2,A,self,1465,70320000,1098750,0.015625
,,expert.layer.2.qk,denoise,2,B,self,1465,319252800,8254827,0.025856709792365172
,,expert.layer.2.qk,denoise,2,O,self,1465,249416250,2197500,0.00881057268722467
,,expert.layer.2.qk,denoise,3,A,self,1465,70320000,1098750,0.015625
,,expert.layer.2.qk,denoise,3,B,self,1465,319252800,8254824,0.025856700395423312
,,expert.layer.2.qk,denoise,3,O,self,1465,249416250,2197500,0.00881057268722467
,,expert.layer.2.qk,denoise,4,A,self,1465,70320000,1098750,0.015625
,,expert.layer.2.qk,denoise,4,B,self,1465,319252800,8254824,0.025856700395423312
,,expert.layer.2.qk,denoise,4,O,self,1465,249416250,2197500,0.00881057268722467
,,expert.layer.2.qk,denoise,5,A,self,1465,70320000,1098750,0.015625
,,expert.layer.2.qk,denoise,5,B,self,1465,319252800,8254824,0.025856700395423312
,,expert.layer.2.qk,denoise,5,O,self,1465,249416250,2197500,0.00881057268722467
,,expert.layer.2.qk,denoise,6,A,self,1465,70320000,1098750,0.015625
,,expert.layer.2.qk,denoise,6,B,self,1465,319252800,8254827,0.025856709792365172
,,expert.layer.2.qk,denoise,6,O,self,1465,249416250,2197500,0.00881057268722467
,,expert.layer.2.qk,denoise,7,A,self,1465,70320000,1098750,0.015625
,,expert.layer.2.qk,denoise,7,B,self,1465,319252800,8254830,0.025856719189307032
,,expert.layer.2.qk,denoise,7,O,self,1465,249416250,2197500,0.00881057268722467
,,expert.layer.2.qk,denoise,8,A,self,1465,70320000,1098750,0.015625
,,expert.layer.2.qk,denoise,8,B,self,1465,319252800,8254551,0.025855845273714123
,,expert.layer.2.qk,denoise,8,O,self,1465,249416250,2197500,0.00881057268722467
,,expert.layer.2.qk,denoise,9,A,self,1465,70320000,1098750,0.015625
,,expert.layer.2.qk,denoise,9,B,self,1465,319252800,8241687,0.025815551187021696
,,expert.layer.2.qk,denoise,9,O,self,1465,249416250,2197500,0.00881057268722467
,,expert.layer.3.pv,denoise,0,A,cross,1465,194478750,1098750,0.005649717514124294
,,expert.layer.3.pv,denoise,0,B,cross,1465,248932800,4414512,0.017733749831279767
,,expert.layer.3.pv,denoise,0,O,cross,1465,70320000,1098750,0.015625
,,expert.layer.3.pv,denoise,1,A,cross,1465,194478750,1098750,0.005649717514124294
,,expert.layer.3.pv,denoise,1,B,cross,1465,248932800,4414008,0.017731725188484603
,,expert.layer.3.pv,denoise,1,O,cross,1465,70320000,1098750,0.015625
,,expert.layer.3.pv,denoise,2,A,cross,1465,194478750,1098750,0.005649717514124294
,,expert.layer.3.pv,denoise,2,B,cross,1465,248932800,4414395,0.017733279824916605
,,expert.layer.3.pv,denoise,2,O,cross,1465,70320000,1098750,0.015625
,,expert.layer.3.pv,denoise,3,A,cross,1465,194478750,1098750,0.005649717514124294
,,expert.layer.3.pv,denoise,3,B,cross,1465,248932800,4414959,0.017735545496615955
,,expert.layer.3.pv,denoise,3,O,cross,1465,70320000,1098750,0.015625
,,expert.layer.3.pv,denoise,4,A,cross,1465,194478750,1098750,0.005649717514124294
,,expert.layer.3.pv,denoise,4,B,cross,1465,248932800,4415364,0.017737172441719212
,,expert.layer.3.pv,denoise,4,O,cross,1465,70320000,1098750,0.015625
,,expert.layer.3.pv,denoise,5,A,cross,1465,194478750,1098750,0.005649717514124294
,,expert.layer.3.pv,denoise,5,B,cross,1465,248932800,4416291,0.01774089633828889
,,expert.layer.3.pv,denoise,5,O,cross,1465,70320000,1098750,0.015625
,,expert.layer.3.pv,denoise,6,A,cross,1465,194478750,1098750,0.005649717514124294
,,expert.layer.3.pv,denoise,6,B,cross,1465,248932800,4416894,0.01774331867877596
,,expert.layer.3.pv,denoise,6,O,cross,1465,70320000,1098750,0.015625
,,expert.layer.3.pv,denoise,7,A,cross,1465,194478750,1098750,0.005649717514124294
,,expert.layer.3.pv,denoise,7,B,cross,1465,248932800,4417302,0.017744957675324424
,,expert.layer.3.pv,denoise,7,O,cross,1465,70320000,1098750,0.015625
,,expert.layer.3.pv,denoise,8,A,cross,1465,194478750,1098750,0.005649717514124294
,,expert.layer.3.pv,denoise,8,B,cross,1465,248932800,4417269,0.017744825109427122
,,expert.layer.3.pv,denoise,8,O,cross,1465,70320000,1098750,0.015625
,,expert.layer.3.pv,denoise,9,A,cross,1465,194478750,1098750,0.005649717514124294
,,expert.layer.3.pv,denoise,9,B,cross,1465,248932800,4417617,0.017746223077071403
,,expert.layer.3.pv,denoise,9,O,cross,1465,70320000,1098750,0.015625
,,expert.layer.3.qk,denoise,0,A,cross,1465,70320000,1098750,0.015625
,,expert.layer.3.qk,denoise,0,B,cross,1465,248932800,7157235,0.028751675150884094
,,expert.layer.3.qk,denoise,0,O,cross,1465,194478750,1098750,0.005649717514124294
,,expert.layer.3.qk,denoise,1,A,cross,1465,70320000,1098750,0.015625
,,expert.layer.3.qk,denoise,1,B,cross,1465,248932800,7157751,0.028753747999460094
,,expert.layer.3.qk,denoise,1,O,cross,1465,194478750,1098750,0.005649717514124294
,,expert.layer.3.qk,denoise,2,A,cross,1465,70320000,1098750,0.015625
,,expert.layer.3.qk,denoise,2,B,cross,1465,248932800,7163919,0.028778525770810436
,,expert.layer.3.qk,denoise,2,O,cross,1465,194478750,1098750,0.005649717514124294
,,expert.layer.3.qk,denoise,3,A,cross,1465,70320000,1098750,0.015625
,,expert.layer.3.qk,denoise,3,B,cross,1465,248932800,7169682,0.02880167659705752
,,expert.layer.3.qk,denoise,3,O,cross,1465,194478750,1098750,0.005649717514124294
,,expert.layer.3.qk,denoise,4,A,cross,1465,70320000,1098750,0.015625
,,expert.layer.3.qk,denoise,4,B,cross,1465,248932800,7171776,0.028810088505813618
,,expert.layer.3.qk,denoise,4,O,cross,1465,194478750,1098750,0.005649717514124294
,,expert.layer.3.qk,denoise,5,A,cross,1465,70320000,1098750,0.015625
,,expert.layer.3.qk,denoise,5,B,cross,1465,248932800,7181778,0.028850268024141455
,,expert.layer.3.qk,denoise,5,O,cross,1465,194478750,1098750,0.005649717514124294
,,expert.layer.3.qk,denoise,6,A,cross,1465,70320000,1098750,0.015625
,,expert.layer.3.qk,denoise,6,B,cross,1465,248932800,7182102,0.02885156958022406
,,expert.layer.3.qk,denoise,6,O,cross,1465,194478750,1098750,0.005649717514124294
,,expert.layer.3.qk,denoise,7,A,cross,1465,70320000,1098750,0.015625
,,expert.layer.3.qk,denoise,7,B,cross,1465,248932800,7183446,0.02885696862767783
,,expert.layer.3.qk,denoise,7,O,cross,1465,194478750,1098750,0.005649717514124294
,,expert.layer.3.qk,denoise,8,A,cross,1465,70320000,1098750,0.015625
,,expert.layer.3.qk,denoise,8,B,cross,1465,248932800,7172943,0.02881477651800004
,,expert.layer.3.qk,denoise,8,O,cross,1465,194478750,1098750,0.005649717514124294
,,expert.layer.3.qk,denoise,9,A,cross,1465,70320000,1098750,0.015625
,,expert.layer.3.qk,denoise,9,B,cross,1465,248932800,7156923,0.028750421800582324
,,expert.layer.3.qk,denoise,9,O,cross,1465,194478750,1098750,0.005649717514124294
,,expert.layer.4.pv,denoise,0,A,self,1465,249416250,2197500,0.00881057268722467
,,expert.layer.4.pv,denoise,0,B,self,1465,319252800,6849630,0.021455191622438394
,,expert.layer.4.pv,denoise,0,O,self,1465,70320000,1098750,0.015625
,,expert.layer.4.pv,denoise,1,A,self,1465,249416250,2197500,0.00881057268722467
,,expert.layer.4.pv,denoise,1,B,self,1465,319252800,6851151,0.02145995587196103
,,expert.layer.4.pv,denoise,1,O,self,1465,70320000,1098750,0.015625
,,expert.layer.4.pv,denoise,2,A,self,1465,249416250,2197500,0.00881057268722467
,,expert.layer.4.pv,denoise,2,B,self,1465,319252800,6865995,0.021506451940280554
,,expert.layer.4.pv,denoise,2,O,self,1465,70320000,1098750,0.015625
,,expert.layer.4.pv,denoise,3,A,self,1465,249416250,2197500,0.00881057268722467
,,expert.layer.4.pv,denoise,3,B,self,1465,319252800,6865614,0.02150525852866443
,,expert.layer.4.pv,denoise,3,O,self,1465,70320000,1098750,0.015625
,,expert.layer.4.pv,denoise,4,A,self,1465,249416250,2197500,0.00881057268722467
,,expert.layer.4.pv,denoise,4,B,self,1465,319252800,6863439,0.021498445745816483
,,expert.layer.4.pv,denoise,4,O,self,1465,70320000,1098750,0.015625
,,expert.layer.4.pv,denoise,5,A,self,1465,249416250,2197500,0.00881057268722467
,,expert.layer.4.pv,denoise,5,B,self,1465,319252800,6861114,0.02149116311587557
,,expert.layer.4.pv,denoise,5,O,self,1465,70320000,1098750,0.015625
,,expert.layer.4.pv,denoise,6,A,self,1465,249416250,2197500,0.00881057268722467
,,expert.layer.4.pv,denoise,6,B,self,1465,319252800,6852267,0.021463451534332666
,,expert.layer.4.pv,denoise,6,O,self,1465,70320000,1098750,0.015625
,,expert.layer.4.pv,denoise,7,A,self,1465,249416250,2197500,0.00881057268722467
,,expert.layer.4.pv,denoise,7,B,self,1465,319252800,6851715,0.021461722497030565
,,expert.layer.4.pv,denoise,7,O,self,1465,70320000,1098750,0.015625
,,expert.layer.4.pv,denoise,8,A,self,1465,249416250,2197500,0.00881057268722467
,,expert.layer.4.pv,denoise,8,B,self,1465,319252800,6854541,0.021470574416261972
,,expert.layer.4.pv,denoise,8,O,self,1465,70320000,1098750,0.015625
,,expert.layer.4.pv,denoise,9,A,self,1465,249416250,2197500,0.00881057268722467
,,expert.layer.4.pv,denoise,9,B,self,1465,319252800,6850311,0.02145732472824044
,,expert.layer.4.pv,denoise,9,O,self,1465,70320000,1098750,0.015625
,,expert.layer.4.qk,denoise,0,A,self,1465,70320000,1098750,0.015625
,,expert.layer.4.qk,denoise,0,B,self,1465,319252800,7530384,0.023587526875253718
,,expert.layer.4.qk,denoise,0,O,self,1465,249416250,2197500,0.00881057268722467
,,expert.layer.4.qk,denoise,1,A,self,1465,70320000,1098750,0.015625
,,expert.layer.4.qk,denoise,1,B,self,1465,319252800,7450527,0.023337389679902572
,,expert.layer.4.qk,denoise,1,O,self,1465,249416250,2197500,0.00881057268722467
,,expert.layer.4.qk,denoise,2,A,self,1465,70320000,1098750,0.015625
,,expert.layer.4.qk,denoise,2,B,self,1465,319252800,7425960,0.023260438123017244
,,expert.layer.4.qk,denoise,2,O,self,1465,249416250,2197500,0.00881057268722467
,,expert.layer.4.qk,denoise,3,A,self,1465,70320000,1098750,0.015625
,,expert.layer.4.qk,denoise,3,B,self,1465,319252800,7472712,0.023406880064951664
,,expert.layer.4.qk,denoise,3,O,self,1465,249416250,2197500,0.00881057268722467
,,expert.layer.4.qk,denoise,4,A,self,1465,70320000,1098750,0.015625
,,expert.layer.4.qk,denoise,4,B,self,1465,319252800,7470459,0.02339982296161537
,,expert.layer.4.qk,denoise,4,O,self,1465,249416250,2197500,0.00881057268722467
,,expert.layer.4.qk,denoise,5,A,self,1465,70320000,1098750,0.015625
,,expert.layer.4.qk,denoise,5,B,self,1465,319252800,7483260,0.023439919712528755
,,expert.layer.4.qk,denoise,5,O,self,1465,249416250,2197500,0.00881057268722467
,,expert.layer.4.qk,denoise,6,A,self,1465,70320000,1098750,0.015625
,,expert.layer.4.qk,denoise,6,B,self,1465,319252800,7600926,0.02380848656613192
,,expert.layer.4.qk,denoise,6,O,self,1465,249416250,2197500,0.00881057268722467
,,expert.layer.4.qk,denoise,7,A,self,1465,70320000,1098750,0.015625
,,expert.layer.4.qk,denoise,7,B,self,1465,319252800,7897326,0.02473690442182496
,,expert.layer.4.qk,denoise,7,O,self,1465,249416250,2197500,0.00881057268722467
,,expert.layer.4.qk,denoise,8,A,self,1465,70320000,1098750,0.015625
,,expert.layer.4.qk,denoise,8,B,self,1465,319252800,8165961,0.025578353580610728
,,expert.layer.4.qk,denoise,8,O,self,1465,249416250,2197500,0.00881057268722467
,,expert.layer.4.qk,denoise,9,A,self,1465,70320000,1098750,0.015625
,,expert.layer.4.qk,denoise,9,B,self,1465,319252800,8207970,0.02570993895746568
,,expert.layer.4.qk,denoise,9,O,self,1465,249416250,2197500,0.00881057268722467
,,expert.layer.5.pv,denoise,0,A,cross,1465,194478750,1098750,0.005649717514124294
,,expert.layer.5.pv,denoise,0,B,cross,1465,248932800,4453299,0.01788956296639093
,,expert.layer.5.pv,denoise,0,O,cross,1465,70320000,1098750,0.015625
,,expert.layer.5.pv,denoise,1,A,cross,1465,194478750,1098750,0.005649717514124294
,,expert.layer.5.pv,denoise,1,B,cross,1465,248932800,4452714,0.017887212934575115
,,expert.layer.5.pv,denoise,1,O,cross,1465,70320000,1098750,0.015625
,,expert.layer.5.pv,denoise,2,A,cross,1465,194478750,1098750,0.005649717514124294
,,expert.layer.5.pv,denoise,2,B,cross,1465,248932800,4453287,0.01788951476061009
,,expert.layer.5.pv,denoise,2,O,cross,1465,70320000,1098750,0.015625
,,expert.layer.5.pv,denoise,3,A,cross,1465,194478750,1098750,0.005649717514124294
,,expert.layer.5.pv,denoise,3,B,cross,1465,248932800,4452867,0.017887827558280788
,,expert.layer.5.pv,denoise,3,O,cross,1465,70320000,1098750,0.015625
,,expert.layer.5.pv,denoise,4,A,cross,1465,194478750,1098750,0.005649717514124294
,,expert.layer.5.pv,denoise,4,B,cross,1465,248932800,4452702,0.017887164728794275
,,expert.layer.5.pv,denoise,4,O,cross,1465,70320000,1098750,0.015625
,,expert.layer.5.pv,denoise,5,A,cross,1465,194478750,1098750,0.005649717514124294
,,expert.layer.5.pv,denoise,5,B,cross,1465,248932800,4452738,0.01788730934613679
,,expert.layer.5.pv,denoise,5,O,cross,1465,70320000,1098750,0.015625
,,expert.layer.5.pv,denoise,6,A,cross,1465,194478750,1098750,0.005649717514124294
,,expert.layer.5.pv,denoise,6,B,cross,1465,248932800,4452735,0.01788729729469158
,,expert.layer.5.pv,denoise,6,O,cross,1465,70320000,1098750,0.015625
,,expert.layer.5.pv,denoise,7,A,cross,1465,194478750,1098750,0.005649717514124294
,,expert.layer.5.pv,denoise,7,B,cross,1465,248932800,4453506,0.017890394516110374
,,expert.layer.5.pv,denoise,7,O,cross,1465,70320000,1098750,0.015625
,,expert.layer.5.pv,denoise,8,A,cross,1465,194478750,1098750,0.005649717514124294
,,expert.layer.5.pv,denoise,8,B,cross,1465,248932800,4453191,0.017889129114363394
,,expert.layer.5.pv,denoise,8,O,cross,1465,70320000,1098750,0.015625
,,expert.layer.5.pv,denoise,9,A,cross,1465,194478750,1098750,0.005649717514124294
,,expert.layer.5.pv,denoise,9,B,cross,1465,248932800,4453623,0.017890864522473536
,,expert.layer.5.pv,denoise,9,O,cross,1465,70320000,1098750,0.015625
,,expert.layer.5.qk,denoise,0,A,cross,1465,70320000,1098750,0.015625
,,expert.layer.5.qk,denoise,0,B,cross,1465,248932800,6853743,0.027532502747729507
,,expert.layer.5.qk,denoise,0,O,cross,1465,194478750,1098750,0.005649717514124294
,,expert.layer.5.qk,denoise,1,A,cross,1465,70320000,1098750,0.015625
,,expert.layer.5.qk,denoise,1,B,cross,1465,248932800,6850734,0.02752041514818457
,,expert.layer.5.qk,denoise,1,O,cross,1465,194478750,1098750,0.005649717514124294
,,expert.layer.5.qk,denoise,2,A,cross,1465,70320000,1098750,0.015625
,,expert.layer.5.qk,denoise,2,B,cross,1465,248932800,6844584,0.027495709685505486
,,expert.layer.5.qk,denoise,2,O,cross,1465,194478750,1098750,0.005649717514124294
,,expert.layer.5.qk,denoise,3,A,cross,1465,70320000,1098750,0.015625
,,expert.layer.5.qk,denoise,3,B,cross,1465,248932800,6832851,0.027448576483291878
,,expert.layer.5.qk,denoise,3,O,cross,1465,194478750,1098750,0.005649717514124294
,,expert.layer.5.qk,denoise,4,A,cross,1465,70320000,1098750,0.015625
,,expert.layer.5.qk,denoise,4,B,cross,1465,248932800,6816867,0.027384366383216674
,,expert.layer.5.qk,denoise,4,O,cross,1465,194478750,1098750,0.005649717514124294
,,expert.layer.5.qk,denoise,5,A,cross,1465,70320000,1098750,0.015625
,,expert.layer.5.qk,denoise,5,B,cross,1465,248932800,6800691,0.02731938499064808
,,expert.layer.5.qk,denoise,5,O,cross,1465,194478750,1098750,0.005649717514124294
,,expert.layer.5.qk,denoise,6,A,cross,1465,70320000,1098750,0.015625
,,expert.layer.5.qk,denoise,6,B,cross,1465,248932800,6795966,0.027300403964443415
,,expert.layer.5.qk,denoise,6,O,cross,1465,194478750,1098750,0.005649717514124294
,,expert.layer.5.qk,denoise,7,A,cross,1465,70320000,1098750,0.015625
,,expert.layer.5.qk,denoise,7,B,cross,1465,248932800,6783819,0.027251607662790923
,,expert.layer.5.qk,denoise,7,O,cross,1465,194478750,1098750,0.005649717514124294
,,expert.layer.5.qk,denoise,8,A,cross,1465,70320000,1098750,0.015625
,,expert.layer.5.qk,denoise,8,B,cross,1465,248932800,6768963,0.02719192890611442
,,expert.layer.5.qk,denoise,8,O,cross,1465,194478750,1098750,0.005649717514124294
,,expert.layer.5.qk,denoise,9,A,cross,1465,70320000,1098750,0.015625
,,expert.layer.5.qk,denoise,9,B,cross,1465,248932800,6761400,0.027161547212741752
,,expert.layer.5.qk,denoise,9,O,cross,1465,194478750,1098750,0.005649717514124294
,,expert.layer.6.pv,denoise,0,A,self,1465,249416250,2197500,0.00881057268722467
,,expert.layer.6.pv,denoise,0,B,self,1465,319252800,6644655,0.02081314556990573
,,expert.layer.6.pv,denoise,0,O,self,1465,70320000,1098750,0.015625
,,expert.layer.6.pv,denoise,1,A,self,1465,249416250,2197500,0.00881057268722467
,,expert.layer.6.pv,denoise,1,B,self,1465,319252800,6658932,0.02085786561621386
,,expert.layer.6.pv,denoise,1,O,self,1465,70320000,1098750,0.015625
,,expert.layer.6.pv,denoise,2,A,self,1465,249416250,2197500,0.00881057268722467
,,expert.layer.6.pv,denoise,2,B,self,1465,319252800,6682086,0.020930391213483484
,,expert.layer.6.pv,denoise,2,O,self,1465,70320000,1098750,0.015625
,,expert.layer.6.pv,denoise,3,A,self,1465,249416250,2197500,0.00881057268722467
,,expert.layer.6.pv,denoise,3,B,self,1465,319252800,6693501,0.020966146577257896
,,expert.layer.6.pv,denoise,3,O,self,1465,70320000,1098750,0.015625
,,expert.layer.6.pv,denoise,4,A,self,1465,249416250,2197500,0.00881057268722467
,,expert.layer.6.pv,denoise,4,B,self,1465,319252800,6688134,0.020949335448271714
,,expert.layer.6.pv,denoise,4,O,self,1465,70320000,1098750,0.015625
,,expert.layer.6.pv,denoise,5,A,self,1465,249416250,2197500,0.00881057268722467
,,expert.layer.6.pv,denoise,5,B,self,1465,319252800,6703998,0.020999026476823383
,,expert.layer.6.pv,denoise,5,O,self,1465,70320000,1098750,0.015625
,,expert.layer.6.pv,denoise,6,A,self,1465,249416250,2197500,0.00881057268722467
,,expert.layer.6.pv,denoise,6,B,self,1465,319252800,6729510,0.02107893807039437
,,expert.layer.6.pv,denoise,6,O,self,1465,70320000,1098750,0.015625
,,expert.layer.6.pv,denoise,7,A,self,1465,249416250,2197500,0.00881057268722467
,,expert.layer.6.pv,denoise,7,B,self,1465,319252800,6734118,0.021093371773090164
,,expert.layer.6.pv,denoise,7,O,self,1465,70320000,1098750,0.015625
,,expert.layer.6.pv,denoise,8,A,self,1465,249416250,2197500,0.00881057268722467
,,expert.layer.6.pv,denoise,8,B,self,1465,319252800,6716859,0.02103931116657395
,,expert.layer.6.pv,denoise,8,O,self,1465,70320000,1098750,0.015625
,,expert.layer.6.pv,denoise,9,A,self,1465,249416250,2197500,0.00881057268722467
,,expert.layer.6.pv,denoise,9,B,self,1465,319252800,6719778,0.02104845439100299
,,expert.layer.6.pv,denoise,9,O,self,1465,70320000,1098750,0.015625
,,expert.layer.6.qk,denoise,0,A,self,1465,70320000,1098750,0.015625
,,expert.layer.6.qk,denoise,0,B,self,1465,319252800,8225886,0.02576605749424907
,,expert.layer.6.qk,denoise,0,O,self,1465,249416250,2197500,0.00881057268722467
,,expert.layer.6.qk,denoise,1,A,self,1465,70320000,1098750,0.015625
,,expert.layer.6.qk,denoise,1,B,self,1465,319252800,8221833,0.025753362225797237
,,expert.layer.6.qk,denoise,1,O,self,1465,249416250,2197500,0.00881057268722467
,,expert.layer.6.qk,denoise,2,A,self,1465,70320000,1098750,0.015625
,,expert.layer.6.qk,denoise,2,B,self,1465,319252800,8206464,0.025705221692652342
,,expert.layer.6.qk,denoise,2,O,self,1465,249416250,2197500,0.00881057268722467
,,expert.layer.6.qk,denoise,3,A,self,1465,70320000,1098750,0.015625
,,expert.layer.6.qk,denoise,3,B,self,1465,319252800,8193705,0.02566525649892499
,,expert.layer.6.qk,denoise,3,O,self,1465,249416250,2197500,0.00881057268722467
,,expert.layer.6.qk,denoise,4,A,self,1465,70320000,1098750,0.015625
,,expert.layer.6.qk,denoise,4,B,self,1465,319252800,8162223,0.02556664499105411
,,expert.layer.6.qk,denoise,4,O,self,1465,249416250,2197500,0.00881057268722467
,,expert.layer.6.qk,denoise,5,A,self,1465,70320000,1098750,0.015625
,,expert.layer.6.qk,denoise,5,B,self,1465,319252800,8137107,0.025487973793808544
,,expert.layer.6.qk,denoise,5,O,self,1465,249416250,2197500,0.00881057268722467
,,expert.layer.6.qk,denoise,6,A,self,1465,70320000,1098750,0.015625
,,expert.layer.6.qk,denoise,6,B,self,1465,319252800,8096511,0.02536081437656929
,,expert.layer.6.qk,denoise,6,O,self,1465,249416250,2197500,0.00881057268722467
,,expert.layer.6.qk,denoise,7,A,self,1465,70320000,1098750,0.015625
,,expert.layer.6.qk,denoise,7,B,self,1465,319252800,8084886,0.025324401226864728
,,expert.layer.6.qk,denoise,7,O,self,1465,249416250,2197500,0.00881057268722467
,,expert.layer.6.qk,denoise,8,A,self,1465,70320000,1098750,0.015625
,,expert.layer.6.qk,denoise,8,B,self,1465,319252800,8060544,0.025248154440618845
,,expert.layer.6.qk,denoise,8,O,self,1465,249416250,2197500,0.00881057268722467
,,expert.layer.6.qk,denoise,9,A,self,1465,70320000,1098750,0.015625
,,expert.layer.6.qk,denoise,9,B,self,1465,319252800,7950582,0.02490371893371021
,,expert.layer.6.qk,denoise,9,O,self,1465,249416250,2197500,0.00881057268722467
,,expert.layer.7.pv,denoise,0,A,cross,1465,194478750,1098750,0.005649717514124294
,,expert.layer.7.pv,denoise,0,B,cross,1465,248932800,4664208,0.018736815718941015
,,expert.layer.7.pv,denoise,0,O,cross,1465,70320000,1098750,0.015625
,,expert.layer.7.pv,denoise,1,A,cross,1465,194478750,1098750,0.005649717514124294
,,expert.layer.7.pv,denoise,1,B,cross,1465,248932800,4664109,0.018736418021249108
,,expert.layer.7.pv,denoise,1,O,cross,1465,70320000,1098750,0.015625
,,expert.layer.7.pv,denoise,2,A,cross,1465,194478750,1098750,0.005649717514124294
,,expert.layer.7.pv,denoise,2,B,cross,1465,248932800,4663689,0.018734730818919805
,,expert.layer.7.pv,denoise,2,O,cross,1465,70320000,1098750,0.015625
,,expert.layer.7.pv,denoise,3,A,cross,1465,194478750,1098750,0.005649717514124294
,,expert.layer.7.pv,denoise,3,B,cross,1465,248932800,4663149,0.01873256155878213
,,expert.layer.7.pv,denoise,3,O,cross,1465,70320000,1098750,0.015625
,,expert.layer.7.pv,denoise,4,A,cross,1465,194478750,1098750,0.005649717514124294
,,expert.layer.7.pv,denoise,4,B,cross,1465,248932800,4662771,0.018731043076685758
,,expert.layer.7.pv,denoise,4,O,cross,1465,70320000,1098750,0.015625
,,expert.layer.7.pv,denoise,5,A,cross,1465,194478750,1098750,0.005649717514124294
,,expert.layer.7.pv,denoise,5,B,cross,1465,248932800,4662624,0.0187304525558705
,,expert.layer.7.pv,denoise,5,O,cross,1465,70320000,1098750,0.015625
,,expert.layer.7.pv,denoise,6,A,cross,1465,194478750,1098750,0.005649717514124294
,,expert.layer.7.pv,denoise,6,B,cross,1465,248932800,4662624,0.0187304525558705
,,expert.layer.7.pv,denoise,6,O,cross,1465,70320000,1098750,0.015625
,,expert.layer.7.pv,denoise,7,A,cross,1465,194478750,1098750,0.005649717514124294
,,expert.layer.7.pv,denoise,7,B,cross,1465,248932800,4662393,0.018729524594589382
,,expert.layer.7.pv,denoise,7,O,cross,1465,70320000,1098750,0.015625
,,expert.layer.7.pv,denoise,8,A,cross,1465,194478750,1098750,0.005649717514124294
,,expert.layer.7.pv,denoise,8,B,cross,1465,248932800,4662894,0.018731537185939336
,,expert.layer.7.pv,denoise,8,O,cross,1465,70320000,1098750,0.015625
,,expert.layer.7.pv,denoise,9,A,cross,1465,194478750,1098750,0.005649717514124294
,,expert.layer.7.pv,denoise,9,B,cross,1465,248932800,4662876,0.01873146487726808
,,expert.layer.7.pv,denoise,9,O,cross,1465,70320000,1098750,0.015625
,,expert.layer.7.qk,denoise,0,A,cross,1465,70320000,1098750,0.015625
,,expert.layer.7.qk,denoise,0,B,cross,1465,248932800,7121451,0.02860792551242745
,,expert.layer.7.qk,denoise,0,O,cross,1465,194478750,1098750,0.005649717514124294
,,expert.layer.7.qk,denoise,1,A,cross,1465,70320000,1098750,0.015625
,,expert.layer.7.qk,denoise,1,B,cross,1465,248932800,7112853,0.02857338607045757
,,expert.layer.7.qk,denoise,1,O,cross,1465,194478750,1098750,0.005649717514124294
,,expert.layer.7.qk,denoise,2,A,cross,1465,70320000,1098750,0.015625
,,expert.layer.7.qk,denoise,2,B,cross,1465,248932800,7101186,0.028526518000038564
,,expert.layer.7.qk,denoise,2,O,cross,1465,194478750,1098750,0.005649717514124294
,,expert.layer.7.qk,denoise,3,A,cross,1465,70320000,1098750,0.015625
,,expert.layer.7.qk,denoise,3,B,cross,1465,248932800,7095897,0.028505271302134552
,,expert.layer.7.qk,denoise,3,O,cross,1465,194478750,1098750,0.005649717514124294
,,expert.layer.7.qk,denoise,4,A,cross,1465,70320000,1098750,0.015625
,,expert.layer.7.qk,denoise,4,B,cross,1465,248932800,7092612,0.028492074969630358
,,expert.layer.7.qk,denoise,4,O,cross,1465,194478750,1098750,0.005649717514124294
,,expert.layer.7.qk,denoise,5,A,cross,1465,70320000,1098750,0.015625
,,expert.layer.7.qk,denoise,5,B,cross,1465,248932800,7088337,0.02847490166020709
,,expert.layer.7.qk,denoise,5,O,cross,1465,194478750,1098750,0.005649717514124294
,,expert.layer.7.qk,denoise,6,A,cross,1465,70320000,1098750,0.015625
,,expert.layer.7.qk,denoise,6,B,cross,1465,248932800,7088760,0.028476600913981603
,,expert.layer.7.qk,denoise,6,O,cross,1465,194478750,1098750,0.005649717514124294
,,expert.layer.7.qk,denoise,7,A,cross,1465,70320000,1098750,0.015625
,,expert.layer.7.qk,denoise,7,B,cross,1465,248932800,7090803,0.028484807948169145
,,expert.layer.7.qk,denoise,7,O,cross,1465,194478750,1098750,0.005649717514124294
,,expert.layer.7.qk,denoise,8,A,cross,1465,70320000,1098750,0.015625
,,expert.layer.7.qk,denoise,8,B,cross,1465,248932800,7094460,0.02849949865987929
,,expert.layer.7.qk,denoise,8,O,cross,1465,194478750,1098750,0.005649717514124294
,,expert.layer.7.qk,denoise,9,A,cross,1465,70320000,1098750,0.015625
,,expert.layer.7.qk,denoise,9,B,cross,1465,248932800,7095852,0.02850509053045641
,,expert.layer.7.qk,denoise,9,O,cross,1465,194478750,1098750,0.005649717514124294
,,expert.layer.8.pv,denoise,0,A,self,1465,249416250,2197500,0.00881057268722467
,,expert.layer.8.pv,denoise,0,B,self,1465,319252800,6868329,0.021513762761047044
,,expert.layer.8.pv,denoise,0,O,self,1465,70320000,1098750,0.015625
,,expert.layer.8.pv,denoise,1,A,self,1465,249416250,2197500,0.00881057268722467
,,expert.layer.8.pv,denoise,1,B,self,1465,319252800,6875028,0.02153474613221873
,,expert.layer.8.pv,denoise,1,O,self,1465,70320000,1098750,0.015625
,,expert.layer.8.pv,denoise,2,A,self,1465,249416250,2197500,0.00881057268722467
,,expert.layer.8.pv,denoise,2,B,self,1465,319252800,6877209,0.021541577708950398
,,expert.layer.8.pv,denoise,2,O,self,1465,70320000,1098750,0.015625
,,expert.layer.8.pv,denoise,3,A,self,1465,249416250,2197500,0.00881057268722467
,,expert.layer.8.pv,denoise,3,B,self,1465,319252800,6872778,0.0215276984258243
,,expert.layer.8.pv,denoise,3,O,self,1465,70320000,1098750,0.015625
,,expert.layer.8.pv,denoise,4,A,self,1465,249416250,2197500,0.00881057268722467
,,expert.layer.8.pv,denoise,4,B,self,1465,319252800,6876006,0.021537809535264844
,,expert.layer.8.pv,denoise,4,O,self,1465,70320000,1098750,0.015625
,,expert.layer.8.pv,denoise,5,A,self,1465,249416250,2197500,0.00881057268722467
,,expert.layer.8.pv,denoise,5,B,self,1465,319252800,6870534,0.02152066951331359
,,expert.layer.8.pv,denoise,5,O,self,1465,70320000,1098750,0.015625
,,expert.layer.8.pv,denoise,6,A,self,1465,249416250,2197500,0.00881057268722467
,,expert.layer.8.pv,denoise,6,B,self,1465,319252800,6875394,0.02153589255912556
,,expert.layer.8.pv,denoise,6,O,self,1465,70320000,1098750,0.015625
,,expert.layer.8.pv,denoise,7,A,self,1465,249416250,2197500,0.00881057268722467
,,expert.layer.8.pv,denoise,7,B,self,1465,319252800,6858606,0.021483307272481243
,,expert.layer.8.pv,denoise,7,O,self,1465,70320000,1098750,0.015625
,,expert.layer.8.pv,denoise,8,A,self,1465,249416250,2197500,0.00881057268722467
,,expert.layer.8.pv,denoise,8,B,self,1465,319252800,6838773,0.0214211840898498
,,expert.layer.8.pv,denoise,8,O,self,1465,70320000,1098750,0.015625
,,expert.layer.8.pv,denoise,9,A,self,1465,249416250,2197500,0.00881057268722467
,,expert.layer.8.pv,denoise,9,B,self,1465,319252800,6832128,0.02140036986363158
,,expert.layer.8.pv,denoise,9,O,self,1465,70320000,1098750,0.015625
,,expert.layer.8.qk,denoise,0,A,self,1465,70320000,1098750,0.015625
,,expert.layer.8.qk,denoise,0,B,self,1465,319252800,8157102,0.025550604411300387
,,expert.layer.8.qk,denoise,0,O,self,1465,249416250,2197500,0.00881057268722467
,,expert.layer.8.qk,denoise,1,A,self,1465,70320000,1098750,0.015625
,,expert.layer.8.qk,denoise,1,B,self,1465,319252800,8148966,0.025525119904978123
,,expert.layer.8.qk,denoise,1,O,self,1465,249416250,2197500,0.00881057268722467
,,expert.layer.8.qk,denoise,2,A,self,1465,70320000,1098750,0.015625
,,expert.layer.8.qk,denoise,2,B,self,1465,319252800,8125659,0.02545211506367368
,,expert.layer.8.qk,denoise,2,O,self,1465,249416250,2197500,0.00881057268722467
,,expert.layer.8.qk,denoise,3,A,self,1465,70320000,1098750,0.015625
,,expert.layer.8.qk,denoise,3,B,self,1465,319252800,8108811,0.025399341838192178
,,expert.layer.8.qk,denoise,3,O,self,1465,249416250,2197500,0.00881057268722467
,,expert.layer.8.qk,denoise,4,A,self,1465,70320000,1098750,0.015625
,,expert.layer.8.qk,denoise,4,B,self,1465,319252800,8096079,0.02535946121694156
,,expert.layer.8.qk,denoise,4,O,self,1465,249416250,2197500,0.00881057268722467
,,expert.layer.8.qk,denoise,5,A,self,1465,70320000,1098750,0.015625
,,expert.layer.8.qk,denoise,5,B,self,1465,319252800,8094987,0.025356040730104796
,,expert.layer.8.qk,denoise,5,O,self,1465,249416250,2197500,0.00881057268722467
,,expert.layer.8.qk,denoise,6,A,self,1465,70320000,1098750,0.015625
,,expert.layer.8.qk,denoise,6,B,self,1465,319252800,8088240,0.02533490700786336
,,expert.layer.8.qk,denoise,6,O,self,1465,249416250,2197500,0.00881057268722467
,,expert.layer.8.qk,denoise,7,A,self,1465,70320000,1098750,0.015625
,,expert.layer.8.qk,denoise,7,B,self,1465,319252800,8116179,0.025422420727398476
,,expert.layer.8.qk,denoise,7,O,self,1465,249416250,2197500,0.00881057268722467
,,expert.layer.8.qk,denoise,8,A,self,1465,70320000,1098750,0.015625
,,expert.layer.8.qk,denoise,8,B,self,1465,319252800,8157402,0.02555154410548631
,,expert.layer.8.qk,denoise,8,O,self,1465,249416250,2197500,0.00881057268722467
,,expert.layer.8.qk,denoise,9,A,self,1465,70320000,1098750,0.015625
,,expert.layer.8.qk,denoise,9,B,self,1465,319252800,8195367,0.02567046240471501
,,expert.layer.8.qk,denoise,9,O,self,1465,249416250,2197500,0.00881057268722467
,,expert.layer.9.pv,denoise,0,A,cross,1465,194478750,1098750,0.005649717514124294
,,expert.layer.9.pv,denoise,0,B,cross,1465,248932800,4561860,0.018325668614180213
,,expert.layer.9.pv,denoise,0,O,cross,1465,70320000,1098750,0.015625
,,expert.layer.9.pv,denoise,1,A,cross,1465,194478750,1098750,0.005649717514124294
,,expert.layer.9.pv,denoise,1,B,cross,1465,248932800,4561521,0.018324306800871562
,,expert.layer.9.pv,denoise,1,O,cross,1465,70320000,1098750,0.015625
,,expert.layer.9.pv,denoise,2,A,cross,1465,194478750,1098750,0.005649717514124294
,,expert.layer.9.pv,denoise,2,B,cross,1465,248932800,4560012,0.018318244923931276
,,expert.layer.9.pv,denoise,2,O,cross,1465,70320000,1098750,0.015625
,,expert.layer.9.pv,denoise,3,A,cross,1465,194478750,1098750,0.005649717514124294
,,expert.layer.9.pv,denoise,3,B,cross,1465,248932800,4559445,0.01831596720078672
,,expert.layer.9.pv,denoise,3,O,cross,1465,70320000,1098750,0.015625
,,expert.layer.9.pv,denoise,4,A,cross,1465,194478750,1098750,0.005649717514124294
,,expert.layer.9.pv,denoise,4,B,cross,1465,248932800,4558236,0.018311110468367368
,,expert.layer.9.pv,denoise,4,O,cross,1465,70320000,1098750,0.015625
,,expert.layer.9.pv,denoise,5,A,cross,1465,194478750,1098750,0.005649717514124294
,,expert.layer.9.pv,denoise,5,B,cross,1465,248932800,4557591,0.018308519407647366
,,expert.layer.9.pv,denoise,5,O,cross,1465,70320000,1098750,0.015625
,,expert.layer.9.pv,denoise,6,A,cross,1465,194478750,1098750,0.005649717514124294
,,expert.layer.9.pv,denoise,6,B,cross,1465,248932800,4555863,0.018301577775206804
,,expert.layer.9.pv,denoise,6,O,cross,1465,70320000,1098750,0.015625
,,expert.layer.9.pv,denoise,7,A,cross,1465,194478750,1098750,0.005649717514124294
,,expert.layer.9.pv,denoise,7,B,cross,1465,248932800,4555293,0.018299288000617035
,,expert.layer.9.pv,denoise,7,O,cross,1465,70320000,1098750,0.015625
,,expert.layer.9.pv,denoise,8,A,cross,1465,194478750,1098750,0.005649717514124294
,,expert.layer.9.pv,denoise,8,B,cross,1465,248932800,4554888,0.018297661055513777
,,expert.layer.9.pv,denoise,8,O,cross,1465,70320000,1098750,0.015625
,,expert.layer.9.pv,denoise,9,A,cross,1465,194478750,1098750,0.005649717514124294
,,expert.layer.9.pv,denoise,9,B,cross,1465,248932800,4554177,0.01829480486299917
,,expert.layer.9.pv,denoise,9,O,cross,1465,70320000,1098750,0.015625
,,expert.layer.9.qk,denoise,0,A,cross,1465,70320000,1098750,0.015625
,,expert.layer.9.qk,denoise,0,B,cross,1465,248932800,6906870,0.02774592179094117
,,expert.layer.9.qk,denoise,0,O,cross,1465,194478750,1098750,0.005649717514124294
,,expert.layer.9.qk,denoise,1,A,cross,1465,70320000,1098750,0.015625
,,expert.layer.9.qk,denoise,1,B,cross,1465,248932800,6908145,0.027751043655155128
,,expert.layer.9.qk,denoise,1,O,cross,1465,194478750,1098750,0.005649717514124294
,,expert.layer.9.qk,denoise,2,A,cross,1465,70320000,1098750,0.015625
,,expert.layer.9.qk,denoise,2,B,cross,1465,248932800,6907362,0.027747898227955495
,,expert.layer.9.qk,denoise,2,O,cross,1465,194478750,1098750,0.005649717514124294
,,expert.layer.9.qk,denoise,3,A,cross,1465,70320000,1098750,0.015625
,,expert.layer.9.qk,denoise,3,B,cross,1465,248932800,6905082,0.027738739129596422
,,expert.layer.9.qk,denoise,3,O,cross,1465,194478750,1098750,0.005649717514124294
,,expert.layer.9.qk,denoise,4,A,cross,1465,70320000,1098750,0.015625
,,expert.layer.9.qk,denoise,4,B,cross,1465,248932800,6904287,0.027735545496615954
,,expert.layer.9.qk,denoise,4,O,cross,1465,194478750,1098750,0.005649717514124294
,,expert.layer.9.qk,denoise,5,A,cross,1465,70320000,1098750,0.015625
,,expert.layer.9.qk,denoise,5,B,cross,1465,248932800,6902757,0.027729399259559206
,,expert.layer.9.qk,denoise,5,O,cross,1465,194478750,1098750,0.005649717514124294
,,expert.layer.9.qk,denoise,6,A,cross,1465,70320000,1098750,0.015625
,,expert.layer.9.qk,denoise,6,B,cross,1465,248932800,6898356,0.02771171978943715
,,expert.layer.9.qk,denoise,6,O,cross,1465,194478750,1098750,0.005649717514124294
,,expert.layer.9.qk,denoise,7,A,cross,1465,70320000,1098750,0.015625
,,expert.layer.9.qk,denoise,7,B,cross,1465,248932800,6886431,0.027663815294730144
,,expert.layer.9.qk,denoise,7,O,cross,1465,194478750,1098750,0.005649717514124294
,,expert.layer.9.qk,denoise,8,A,cross,1465,70320000,1098750,0.015625
,,expert.layer.9.qk,denoise,8,B,cross,1465,248932800,6878631,0.02763248153718594
,,expert.layer.9.qk,denoise,8,O,cross,1465,194478750,1098750,0.005649717514124294
,,expert.layer.9.qk,denoise,9,A,cross,1465,70320000,1098750,0.015625
,,expert.layer.9.qk,denoise,9,B,cross,1465,248932800,6872400,0.027607450685486205
,,expert.layer.9.qk,denoise,9,O,cross,1465,194478750,1098750,0.005649717514124294
,,expert.layers.0.mlp.down_proj,denoise,0,activation,unknown,1465,150016000,1465000,0.009765625
,,expert.layers.0.mlp.down_proj,denoise,0,output,unknown,1465,52740000,512750,0.009722222222222222
,,expert.layers.0.mlp.down_proj,denoise,0,weight_runtime_mask,unknown,1465,2160230400,42765296,0.019796636506920744
,,expert.layers.0.mlp.down_proj,denoise,1,activation,unknown,1465,150016000,1465000,0.009765625
,,expert.layers.0.mlp.down_proj,denoise,1,output,unknown,1465,52740000,512750,0.009722222222222222
,,expert.layers.0.mlp.down_proj,denoise,1,weight_runtime_mask,unknown,1465,2160230400,42765542,0.01979675038366278
,,expert.layers.0.mlp.down_proj,denoise,2,activation,unknown,1465,150016000,1465000,0.009765625
,,expert.layers.0.mlp.down_proj,denoise,2,output,unknown,1465,52740000,512750,0.009722222222222222
,,expert.layers.0.mlp.down_proj,denoise,2,weight_runtime_mask,unknown,1465,2160230400,42765131,0.019796560126179134
,,expert.layers.0.mlp.down_proj,denoise,3,activation,unknown,1465,150016000,1465000,0.009765625
,,expert.layers.0.mlp.down_proj,denoise,3,output,unknown,1465,52740000,512750,0.009722222222222222
,,expert.layers.0.mlp.down_proj,denoise,3,weight_runtime_mask,unknown,1465,2160230400,42765504,0.01979673279294653
,,expert.layers.0.mlp.down_proj,denoise,4,activation,unknown,1465,150016000,1465000,0.009765625
,,expert.layers.0.mlp.down_proj,denoise,4,output,unknown,1465,52740000,512750,0.009722222222222222
,,expert.layers.0.mlp.down_proj,denoise,4,weight_runtime_mask,unknown,1465,2160230400,42766290,0.019797096643024745
,,expert.layers.0.mlp.down_proj,denoise,5,activation,unknown,1465,150016000,1465000,0.009765625
,,expert.layers.0.mlp.down_proj,denoise,5,output,unknown,1465,52740000,512750,0.009722222222222222
,,expert.layers.0.mlp.down_proj,denoise,5,weight_runtime_mask,unknown,1465,2160230400,42765972,0.01979694943650455
,,expert.layers.0.mlp.down_proj,denoise,6,activation,unknown,1465,150016000,1465000,0.009765625
,,expert.layers.0.mlp.down_proj,denoise,6,output,unknown,1465,52740000,512750,0.009722222222222222
,,expert.layers.0.mlp.down_proj,denoise,6,weight_runtime_mask,unknown,1465,2160230400,42766274,0.019797089236407377
,,expert.layers.0.mlp.down_proj,denoise,7,activation,unknown,1465,150016000,1465000,0.009765625
,,expert.layers.0.mlp.down_proj,denoise,7,output,unknown,1465,52740000,512750,0.009722222222222222
,,expert.layers.0.mlp.down_proj,denoise,7,weight_runtime_mask,unknown,1465,2160230400,42766716,0.019797293844212173
,,expert.layers.0.mlp.down_proj,denoise,8,activation,unknown,1465,150016000,1465000,0.009765625
,,expert.layers.0.mlp.down_proj,denoise,8,output,unknown,1465,52740000,512750,0.009722222222222222
,,expert.layers.0.mlp.down_proj,denoise,8,weight_runtime_mask,unknown,1465,2160230400,42767207,0.01979752113478266
,,expert.layers.0.mlp.down_proj,denoise,9,activation,unknown,1465,150016000,1465000,0.009765625
,,expert.layers.0.mlp.down_proj,denoise,9,output,unknown,1465,52740000,512750,0.009722222222222222
,,expert.layers.0.mlp.down_proj,denoise,9,weight_runtime_mask,unknown,1465,2160230400,42763348,0.019795734751256164
,,expert.layers.0.mlp.gate_proj,denoise,0,activation,unknown,1465,52740000,512750,0.009722222222222222
,,expert.layers.0.mlp.gate_proj,denoise,0,output,unknown,1465,150016000,1465000,0.009765625
,,expert.layers.0.mlp.gate_proj,denoise,0,weight_runtime_mask,unknown,1465,2160230400,42556491,0.019699977835697526
,,expert.layers.0.mlp.gate_proj,denoise,1,activation,unknown,1465,52740000,512750,0.009722222222222222
,,expert.layers.0.mlp.gate_proj,denoise,1,output,unknown,1465,150016000,1465000,0.009765625
,,expert.layers.0.mlp.gate_proj,denoise,1,weight_runtime_mask,unknown,1465,2160230400,42560217,0.01970170265171715
,,expert.layers.0.mlp.gate_proj,denoise,2,activation,unknown,1465,52740000,512750,0.009722222222222222
,,expert.layers.0.mlp.gate_proj,denoise,2,output,unknown,1465,150016000,1465000,0.009765625
,,expert.layers.0.mlp.gate_proj,denoise,2,weight_runtime_mask,unknown,1465,2160230400,42563844,0.01970338163929181
,,expert.layers.0.mlp.gate_proj,denoise,3,activation,unknown,1465,52740000,512750,0.009722222222222222
,,expert.layers.0.mlp.gate_proj,denoise,3,output,unknown,1465,150016000,1465000,0.009765625
,,expert.layers.0.mlp.gate_proj,denoise,3,weight_runtime_mask,unknown,1465,2160230400,42568048,0.01970532772800531
,,expert.layers.0.mlp.gate_proj,denoise,4,activation,unknown,1465,52740000,512750,0.009722222222222222
,,expert.layers.0.mlp.gate_proj,denoise,4,output,unknown,1465,150016000,1465000,0.009765625
,,expert.layers.0.mlp.gate_proj,denoise,4,weight_runtime_mask,unknown,1465,2160230400,42569354,0.01970593229314799
,,expert.layers.0.mlp.gate_proj,denoise,5,activation,unknown,1465,52740000,512750,0.009722222222222222
,,expert.layers.0.mlp.gate_proj,denoise,5,output,unknown,1465,150016000,1465000,0.009765625
,,expert.layers.0.mlp.gate_proj,denoise,5,weight_runtime_mask,unknown,1465,2160230400,42568466,0.019705521225884055
,,expert.layers.0.mlp.gate_proj,denoise,6,activation,unknown,1465,52740000,512750,0.009722222222222222
,,expert.layers.0.mlp.gate_proj,denoise,6,output,unknown,1465,150016000,1465000,0.009765625
,,expert.layers.0.mlp.gate_proj,denoise,6,weight_runtime_mask,unknown,1465,2160230400,42568107,0.019705355039906853
,,expert.layers.0.mlp.gate_proj,denoise,7,activation,unknown,1465,52740000,512750,0.009722222222222222
,,expert.layers.0.mlp.gate_proj,denoise,7,output,unknown,1465,150016000,1465000,0.009765625
,,expert.layers.0.mlp.gate_proj,denoise,7,weight_runtime_mask,unknown,1465,2160230400,42567757,0.019705193020151925
,,expert.layers.0.mlp.gate_proj,denoise,8,activation,unknown,1465,52740000,512750,0.009722222222222222
,,expert.layers.0.mlp.gate_proj,denoise,8,output,unknown,1465,150016000,1465000,0.009765625
,,expert.layers.0.mlp.gate_proj,denoise,8,weight_runtime_mask,unknown,1465,2160230400,42566827,0.019704762510517396
,,expert.layers.0.mlp.gate_proj,denoise,9,activation,unknown,1465,52740000,512750,0.009722222222222222
,,expert.layers.0.mlp.gate_proj,denoise,9,output,unknown,1465,150016000,1465000,0.009765625
,,expert.layers.0.mlp.gate_proj,denoise,9,weight_runtime_mask,unknown,1465,2160230400,42566473,0.019704598639108124
,,expert.layers.0.mlp.up_proj,denoise,0,activation,unknown,1465,52740000,512750,0.009722222222222222
,,expert.layers.0.mlp.up_proj,denoise,0,output,unknown,1465,150016000,1465000,0.009765625
,,expert.layers.0.mlp.up_proj,denoise,0,weight_runtime_mask,unknown,1465,2160230400,42574899,0.019708499148979663
,,expert.layers.0.mlp.up_proj,denoise,1,activation,unknown,1465,52740000,512750,0.009722222222222222
,,expert.layers.0.mlp.up_proj,denoise,1,output,unknown,1465,150016000,1465000,0.009765625
,,expert.layers.0.mlp.up_proj,denoise,1,weight_runtime_mask,unknown,1465,2160230400,42581236,0.019711432632371066
,,expert.layers.0.mlp.up_proj,denoise,2,activation,unknown,1465,52740000,512750,0.009722222222222222
,,expert.layers.0.mlp.up_proj,denoise,2,output,unknown,1465,150016000,1465000,0.009765625
,,expert.layers.0.mlp.up_proj,denoise,2,weight_runtime_mask,unknown,1465,2160230400,42586236,0.019713747200298636
,,expert.layers.0.mlp.up_proj,denoise,3,activation,unknown,1465,52740000,512750,0.009722222222222222
,,expert.layers.0.mlp.up_proj,denoise,3,output,unknown,1465,150016000,1465000,0.009765625
,,expert.layers.0.mlp.up_proj,denoise,3,weight_runtime_mask,unknown,1465,2160230400,42589389,0.01971520676683376
,,expert.layers.0.mlp.up_proj,denoise,4,activation,unknown,1465,52740000,512750,0.009722222222222222
,,expert.layers.0.mlp.up_proj,denoise,4,output,unknown,1465,150016000,1465000,0.009765625
,,expert.layers.0.mlp.up_proj,denoise,4,weight_runtime_mask,unknown,1465,2160230400,42590948,0.019715928449113577
,,expert.layers.0.mlp.up_proj,denoise,5,activation,unknown,1465,52740000,512750,0.009722222222222222
,,expert.layers.0.mlp.up_proj,denoise,5,output,unknown,1465,150016000,1465000,0.009765625
,,expert.layers.0.mlp.up_proj,denoise,5,weight_runtime_mask,unknown,1465,2160230400,42592257,0.019716534402997015
,,expert.layers.0.mlp.up_proj,denoise,6,activation,unknown,1465,52740000,512750,0.009722222222222222
,,expert.layers.0.mlp.up_proj,denoise,6,output,unknown,1465,150016000,1465000,0.009765625
,,expert.layers.0.mlp.up_proj,denoise,6,weight_runtime_mask,unknown,1465,2160230400,42592148,0.019716483945416193
,,expert.layers.0.mlp.up_proj,denoise,7,activation,unknown,1465,52740000,512750,0.009722222222222222
,,expert.layers.0.mlp.up_proj,denoise,7,output,unknown,1465,150016000,1465000,0.009765625
,,expert.layers.0.mlp.up_proj,denoise,7,weight_runtime_mask,unknown,1465,2160230400,42592119,0.01971647052092221
,,expert.layers.0.mlp.up_proj,denoise,8,activation,unknown,1465,52740000,512750,0.009722222222222222
,,expert.layers.0.mlp.up_proj,denoise,8,output,unknown,1465,150016000,1465000,0.009765625
,,expert.layers.0.mlp.up_proj,denoise,8,weight_runtime_mask,unknown,1465,2160230400,42591975,0.0197164038613659
,,expert.layers.0.mlp.up_proj,denoise,9,activation,unknown,1465,52740000,512750,0.009722222222222222
,,expert.layers.0.mlp.up_proj,denoise,9,output,unknown,1465,150016000,1465000,0.009765625
,,expert.layers.0.mlp.up_proj,denoise,9,weight_runtime_mask,unknown,1465,2160230400,42586580,0.01971390644257205
,,expert.layers.0.self_attn.k_proj,denoise,0,activation,self,1465,52740000,512750,0.009722222222222222
,,expert.layers.0.self_attn.k_proj,denoise,0,output,self,1465,23440000,219750,0.009375
,,expert.layers.0.self_attn.k_proj,denoise,0,weight_runtime_mask,self,1465,337536000,6728870,0.019935266164201746
,,expert.layers.0.self_attn.k_proj,denoise,1,activation,self,1465,52740000,512750,0.009722222222222222
,,expert.layers.0.self_attn.k_proj,denoise,1,output,self,1465,23440000,219750,0.009375
,,expert.layers.0.self_attn.k_proj,denoise,1,weight_runtime_mask,self,1465,337536000,6728984,0.019935603905953735
,,expert.layers.0.self_attn.k_proj,denoise,2,activation,self,1465,52740000,512750,0.009722222222222222
,,expert.layers.0.self_attn.k_proj,denoise,2,output,self,1465,23440000,219750,0.009375
,,expert.layers.0.self_attn.k_proj,denoise,2,weight_runtime_mask,self,1465,337536000,6729634,0.019937529626469472
,,expert.layers.0.self_attn.k_proj,denoise,3,activation,self,1465,52740000,512750,0.009722222222222222
,,expert.layers.0.self_attn.k_proj,denoise,3,output,self,1465,23440000,219750,0.009375
,,expert.layers.0.self_attn.k_proj,denoise,3,weight_runtime_mask,self,1465,337536000,6731568,0.01994325938566553
,,expert.layers.0.self_attn.k_proj,denoise,4,activation,self,1465,52740000,512750,0.009722222222222222
,,expert.layers.0.self_attn.k_proj,denoise,4,output,self,1465,23440000,219750,0.009375
,,expert.layers.0.self_attn.k_proj,denoise,4,weight_runtime_mask,self,1465,337536000,6732238,0.019945244359120214
,,expert.layers.0.self_attn.k_proj,denoise,5,activation,self,1465,52740000,512750,0.009722222222222222
,,expert.layers.0.self_attn.k_proj,denoise,5,output,self,1465,23440000,219750,0.009375
,,expert.layers.0.self_attn.k_proj,denoise,5,weight_runtime_mask,self,1465,337536000,6732926,0.01994728266021995
,,expert.layers.0.self_attn.k_proj,denoise,6,activation,self,1465,52740000,512750,0.009722222222222222
,,expert.layers.0.self_attn.k_proj,denoise,6,output,self,1465,23440000,219750,0.009375
,,expert.layers.0.self_attn.k_proj,denoise,6,weight_runtime_mask,self,1465,337536000,6732435,0.01994582800056883
,,expert.layers.0.self_attn.k_proj,denoise,7,activation,self,1465,52740000,512750,0.009722222222222222
,,expert.layers.0.self_attn.k_proj,denoise,7,output,self,1465,23440000,219750,0.009375
,,expert.layers.0.self_attn.k_proj,denoise,7,weight_runtime_mask,self,1465,337536000,6731279,0.019942403180697763
,,expert.layers.0.self_attn.k_proj,denoise,8,activation,self,1465,52740000,512750,0.009722222222222222
,,expert.layers.0.self_attn.k_proj,denoise,8,output,self,1465,23440000,219750,0.009375
,,expert.layers.0.self_attn.k_proj,denoise,8,weight_runtime_mask,self,1465,337536000,6730828,0.019941067026924535
,,expert.layers.0.self_attn.k_proj,denoise,9,activation,self,1465,52740000,512750,0.009722222222222222
,,expert.layers.0.self_attn.k_proj,denoise,9,output,self,1465,23440000,219750,0.009375
,,expert.layers.0.self_attn.k_proj,denoise,9,weight_runtime_mask,self,1465,337536000,6732718,0.01994666642965491
,,expert.layers.0.self_attn.o_proj,denoise,0,activation,unknown,1465,70320000,659250,0.009375
,,expert.layers.0.self_attn.o_proj,denoise,0,output,unknown,1465,52740000,512750,0.009722222222222222
,,expert.layers.0.self_attn.o_proj,denoise,0,weight_runtime_mask,unknown,1465,1012608000,19594630,0.01935065691758311
,,expert.layers.0.self_attn.o_proj,denoise,1,activation,unknown,1465,70320000,659250,0.009375
,,expert.layers.0.self_attn.o_proj,denoise,1,output,unknown,1465,52740000,512750,0.009722222222222222
,,expert.layers.0.self_attn.o_proj,denoise,1,weight_runtime_mask,unknown,1465,1012608000,19593476,0.01934951728605739
,,expert.layers.0.self_attn.o_proj,denoise,2,activation,unknown,1465,70320000,659250,0.009375
,,expert.layers.0.self_attn.o_proj,denoise,2,output,unknown,1465,52740000,512750,0.009722222222222222
,,expert.layers.0.self_attn.o_proj,denoise,2,weight_runtime_mask,unknown,1465,1012608000,19590409,0.019346488473328278
,,expert.layers.0.self_attn.o_proj,denoise,3,activation,unknown,1465,70320000,659250,0.009375
,,expert.layers.0.self_attn.o_proj,denoise,3,output,unknown,1465,52740000,512750,0.009722222222222222
,,expert.layers.0.self_attn.o_proj,denoise,3,weight_runtime_mask,unknown,1465,1012608000,19581619,0.01933780791777272
,,expert.layers.0.self_attn.o_proj,denoise,4,activation,unknown,1465,70320000,659250,0.009375
,,expert.layers.0.self_attn.o_proj,denoise,4,output,unknown,1465,52740000,512750,0.009722222222222222
,,expert.layers.0.self_attn.o_proj,denoise,4,weight_runtime_mask,unknown,1465,1012608000,19581203,0.01933739709739603
,,expert.layers.0.self_attn.o_proj,denoise,5,activation,unknown,1465,70320000,659250,0.009375
,,expert.layers.0.self_attn.o_proj,denoise,5,output,unknown,1465,52740000,512750,0.009722222222222222
,,expert.layers.0.self_attn.o_proj,denoise,5,weight_runtime_mask,unknown,1465,1012608000,19582369,0.019338548579509545
,,expert.layers.0.self_attn.o_proj,denoise,6,activation,unknown,1465,70320000,659250,0.009375
,,expert.layers.0.self_attn.o_proj,denoise,6,output,unknown,1465,52740000,512750,0.009722222222222222
,,expert.layers.0.self_attn.o_proj,denoise,6,weight_runtime_mask,unknown,1465,1012608000,19581779,0.01933796592560991
,,expert.layers.0.self_attn.o_proj,denoise,7,activation,unknown,1465,70320000,659250,0.009375
,,expert.layers.0.self_attn.o_proj,denoise,7,output,unknown,1465,52740000,512750,0.009722222222222222
,,expert.layers.0.self_attn.o_proj,denoise,7,weight_runtime_mask,unknown,1465,1012608000,19581770,0.01933795703766907
,,expert.layers.0.self_attn.o_proj,denoise,8,activation,unknown,1465,70320000,659250,0.009375
,,expert.layers.0.self_attn.o_proj,denoise,8,output,unknown,1465,52740000,512750,0.009722222222222222
,,expert.layers.0.self_attn.o_proj,denoise,8,weight_runtime_mask,unknown,1465,1012608000,19582235,0.019338416247945897
,,expert.layers.0.self_attn.o_proj,denoise,9,activation,unknown,1465,70320000,659250,0.009375
,,expert.layers.0.self_attn.o_proj,denoise,9,output,unknown,1465,52740000,512750,0.009722222222222222
,,expert.layers.0.self_attn.o_proj,denoise,9,weight_runtime_mask,unknown,1465,1012608000,19584535,0.019340687610605485
,,expert.layers.0.self_attn.q_proj,denoise,0,activation,self,1465,52740000,512750,0.009722222222222222
,,expert.layers.0.self_attn.q_proj,denoise,0,output,self,1465,70320000,659250,0.009375
,,expert.layers.0.self_attn.q_proj,denoise,0,weight_runtime_mask,self,1465,1012608000,20067310,0.019817451570597902
,,expert.layers.0.self_attn.q_proj,denoise,1,activation,self,1465,52740000,512750,0.009722222222222222
,,expert.layers.0.self_attn.q_proj,denoise,1,output,self,1465,70320000,659250,0.009375
,,expert.layers.0.self_attn.q_proj,denoise,1,weight_runtime_mask,self,1465,1012608000,20067230,0.019817372566679307
,,expert.layers.0.self_attn.q_proj,denoise,2,activation,self,1465,52740000,512750,0.009722222222222222
,,expert.layers.0.self_attn.q_proj,denoise,2,output,self,1465,70320000,659250,0.009375
,,expert.layers.0.self_attn.q_proj,denoise,2,weight_runtime_mask,self,1465,1012608000,20068750,0.0198188736411326
,,expert.layers.0.self_attn.q_proj,denoise,3,activation,self,1465,52740000,512750,0.009722222222222222
,,expert.layers.0.self_attn.q_proj,denoise,3,output,self,1465,70320000,659250,0.009375
,,expert.layers.0.self_attn.q_proj,denoise,3,weight_runtime_mask,self,1465,1012608000,20071367,0.01982145805681962
,,expert.layers.0.self_attn.q_proj,denoise,4,activation,self,1465,52740000,512750,0.009722222222222222
,,expert.layers.0.self_attn.q_proj,denoise,4,output,self,1465,70320000,659250,0.009375
,,expert.layers.0.self_attn.q_proj,denoise,4,weight_runtime_mask,self,1465,1012608000,20072367,0.01982244560580205
,,expert.layers.0.self_attn.q_proj,denoise,5,activation,self,1465,52740000,512750,0.009722222222222222
,,expert.layers.0.self_attn.q_proj,denoise,5,output,self,1465,70320000,659250,0.009375
,,expert.layers.0.self_attn.q_proj,denoise,5,weight_runtime_mask,self,1465,1012608000,20072538,0.019822614476678043
,,expert.layers.0.self_attn.q_proj,denoise,6,activation,self,1465,52740000,512750,0.009722222222222222
,,expert.layers.0.self_attn.q_proj,denoise,6,output,self,1465,70320000,659250,0.009375
,,expert.layers.0.self_attn.q_proj,denoise,6,weight_runtime_mask,self,1465,1012608000,20073677,0.019823739294969032
,,expert.layers.0.self_attn.q_proj,denoise,7,activation,self,1465,52740000,512750,0.009722222222222222
,,expert.layers.0.self_attn.q_proj,denoise,7,output,self,1465,70320000,659250,0.009375
,,expert.layers.0.self_attn.q_proj,denoise,7,weight_runtime_mask,self,1465,1012608000,20074916,0.019824962868158262
,,expert.layers.0.self_attn.q_proj,denoise,8,activation,self,1465,52740000,512750,0.009722222222222222
,,expert.layers.0.self_attn.q_proj,denoise,8,output,self,1465,70320000,659250,0.009375
,,expert.layers.0.self_attn.q_proj,denoise,8,weight_runtime_mask,self,1465,1012608000,20076532,0.019826558747313868
,,expert.layers.0.self_attn.q_proj,denoise,9,activation,self,1465,52740000,512750,0.009722222222222222
,,expert.layers.0.self_attn.q_proj,denoise,9,output,self,1465,70320000,659250,0.009375
,,expert.layers.0.self_attn.q_proj,denoise,9,weight_runtime_mask,self,1465,1012608000,20076207,0.01982623779389458
,,expert.layers.0.self_attn.v_proj,denoise,0,activation,self,1465,52740000,512750,0.009722222222222222
,,expert.layers.0.self_attn.v_proj,denoise,0,output,self,1465,23440000,219750,0.009375
,,expert.layers.0.self_attn.v_proj,denoise,0,weight_runtime_mask,self,1465,337536000,6686560,0.019809916571861964
,,expert.layers.0.self_attn.v_proj,denoise,1,activation,self,1465,52740000,512750,0.009722222222222222
,,expert.layers.0.self_attn.v_proj,denoise,1,output,self,1465,23440000,219750,0.009375
,,expert.layers.0.self_attn.v_proj,denoise,1,weight_runtime_mask,self,1465,337536000,6685874,0.019807884196056124
,,expert.layers.0.self_attn.v_proj,denoise,2,activation,self,1465,52740000,512750,0.009722222222222222
,,expert.layers.0.self_attn.v_proj,denoise,2,output,self,1465,23440000,219750,0.009375
,,expert.layers.0.self_attn.v_proj,denoise,2,weight_runtime_mask,self,1465,337536000,6685737,0.019807478313424345
,,expert.layers.0.self_attn.v_proj,denoise,3,activation,self,1465,52740000,512750,0.009722222222222222
,,expert.layers.0.self_attn.v_proj,denoise,3,output,self,1465,23440000,219750,0.009375
,,expert.layers.0.self_attn.v_proj,denoise,3,weight_runtime_mask,self,1465,337536000,6685514,0.0198068176431551
,,expert.layers.0.self_attn.v_proj,denoise,4,activation,self,1465,52740000,512750,0.009722222222222222
,,expert.layers.0.self_attn.v_proj,denoise,4,output,self,1465,23440000,219750,0.009375
,,expert.layers.0.self_attn.v_proj,denoise,4,weight_runtime_mask,self,1465,337536000,6685539,0.019806891709328783
,,expert.layers.0.self_attn.v_proj,denoise,5,activation,self,1465,52740000,512750,0.009722222222222222
,,expert.layers.0.self_attn.v_proj,denoise,5,output,self,1465,23440000,219750,0.009375
,,expert.layers.0.self_attn.v_proj,denoise,5,weight_runtime_mask,self,1465,337536000,6685145,0.01980572442643155
,,expert.layers.0.self_attn.v_proj,denoise,6,activation,self,1465,52740000,512750,0.009722222222222222
,,expert.layers.0.self_attn.v_proj,denoise,6,output,self,1465,23440000,219750,0.009375
,,expert.layers.0.self_attn.v_proj,denoise,6,weight_runtime_mask,self,1465,337536000,6685351,0.019806334731702693
,,expert.layers.0.self_attn.v_proj,denoise,7,activation,self,1465,52740000,512750,0.009722222222222222
,,expert.layers.0.self_attn.v_proj,denoise,7,output,self,1465,23440000,219750,0.009375
,,expert.layers.0.self_attn.v_proj,denoise,7,weight_runtime_mask,self,1465,337536000,6686038,0.01980837007015548
,,expert.layers.0.self_attn.v_proj,denoise,8,activation,self,1465,52740000,512750,0.009722222222222222
,,expert.layers.0.self_attn.v_proj,denoise,8,output,self,1465,23440000,219750,0.009375
,,expert.layers.0.self_attn.v_proj,denoise,8,weight_runtime_mask,self,1465,337536000,6686753,0.01981048836272279
,,expert.layers.0.self_attn.v_proj,denoise,9,activation,self,1465,52740000,512750,0.009722222222222222
,,expert.layers.0.self_attn.v_proj,denoise,9,output,self,1465,23440000,219750,0.009375
,,expert.layers.0.self_attn.v_proj,denoise,9,weight_runtime_mask,self,1465,337536000,6688830,0.01981664178043231
,,expert.layers.1.mlp.down_proj,denoise,0,activation,unknown,1465,150016000,1465000,0.009765625
,,expert.layers.1.mlp.down_proj,denoise,0,output,unknown,1465,52740000,512750,0.009722222222222222
,,expert.layers.1.mlp.down_proj,denoise,0,weight_runtime_mask,unknown,1465,2160230400,43506820,0.02013989804050531
,,expert.layers.1.mlp.down_proj,denoise,1,activation,unknown,1465,150016000,1465000,0.009765625
,,expert.layers.1.mlp.down_proj,denoise,1,output,unknown,1465,52740000,512750,0.009722222222222222
,,expert.layers.1.mlp.down_proj,denoise,1,weight_runtime_mask,unknown,1465,2160230400,43506283,0.02013964945590989
,,expert.layers.1.mlp.down_proj,denoise,2,activation,unknown,1465,150016000,1465000,0.009765625
,,expert.layers.1.mlp.down_proj,denoise,2,output,unknown,1465,52740000,512750,0.009722222222222222
,,expert.layers.1.mlp.down_proj,denoise,2,weight_runtime_mask,unknown,1465,2160230400,43507827,0.02014036419448592
,,expert.layers.1.mlp.down_proj,denoise,3,activation,unknown,1465,150016000,1465000,0.009765625
,,expert.layers.1.mlp.down_proj,denoise,3,output,unknown,1465,52740000,512750,0.009722222222222222
,,expert.layers.1.mlp.down_proj,denoise,3,weight_runtime_mask,unknown,1465,2160230400,43511441,0.02014203716418397
,,expert.layers.1.mlp.down_proj,denoise,4,activation,unknown,1465,150016000,1465000,0.009765625
,,expert.layers.1.mlp.down_proj,denoise,4,output,unknown,1465,52740000,512750,0.009722222222222222
,,expert.layers.1.mlp.down_proj,denoise,4,weight_runtime_mask,unknown,1465,2160230400,43513238,0.020142869019897137
,,expert.layers.1.mlp.down_proj,denoise,5,activation,unknown,1465,150016000,1465000,0.009765625
,,expert.layers.1.mlp.down_proj,denoise,5,output,unknown,1465,52740000,512750,0.009722222222222222
,,expert.layers.1.mlp.down_proj,denoise,5,weight_runtime_mask,unknown,1465,2160230400,43514103,0.020143269440148607
,,expert.layers.1.mlp.down_proj,denoise,6,activation,unknown,1465,150016000,1465000,0.009765625
,,expert.layers.1.mlp.down_proj,denoise,6,output,unknown,1465,52740000,512750,0.009722222222222222
,,expert.layers.1.mlp.down_proj,denoise,6,weight_runtime_mask,unknown,1465,2160230400,43513975,0.02014321018720966
,,expert.layers.1.mlp.down_proj,denoise,7,activation,unknown,1465,150016000,1465000,0.009765625
,,expert.layers.1.mlp.down_proj,denoise,7,output,unknown,1465,52740000,512750,0.009722222222222222
,,expert.layers.1.mlp.down_proj,denoise,7,weight_runtime_mask,unknown,1465,2160230400,43514423,0.02014341757249597
,,expert.layers.1.mlp.down_proj,denoise,8,activation,unknown,1465,150016000,1465000,0.009765625
,,expert.layers.1.mlp.down_proj,denoise,8,output,unknown,1465,52740000,512750,0.009722222222222222
,,expert.layers.1.mlp.down_proj,denoise,8,weight_runtime_mask,unknown,1465,2160230400,43514916,0.02014364578889363
,,expert.layers.1.mlp.down_proj,denoise,9,activation,unknown,1465,150016000,1465000,0.009765625
,,expert.layers.1.mlp.down_proj,denoise,9,output,unknown,1465,52740000,512750,0.009722222222222222
,,expert.layers.1.mlp.down_proj,denoise,9,weight_runtime_mask,unknown,1465,2160230400,43514026,0.02014323379580252
,,expert.layers.1.mlp.gate_proj,denoise,0,activation,unknown,1465,52740000,512750,0.009722222222222222
,,expert.layers.1.mlp.gate_proj,denoise,0,output,unknown,1465,150016000,1465000,0.009765625
,,expert.layers.1.mlp.gate_proj,denoise,0,weight_runtime_mask,unknown,1465,2160230400,42600277,0.019720246969952834
,,expert.layers.1.mlp.gate_proj,denoise,1,activation,unknown,1465,52740000,512750,0.009722222222222222
,,expert.layers.1.mlp.gate_proj,denoise,1,output,unknown,1465,150016000,1465000,0.009765625
,,expert.layers.1.mlp.gate_proj,denoise,1,weight_runtime_mask,unknown,1465,2160230400,42598919,0.019719618333303705
,,expert.layers.1.mlp.gate_proj,denoise,2,activation,unknown,1465,52740000,512750,0.009722222222222222
,,expert.layers.1.mlp.gate_proj,denoise,2,output,unknown,1465,150016000,1465000,0.009765625
,,expert.layers.1.mlp.gate_proj,denoise,2,weight_runtime_mask,unknown,1465,2160230400,42598422,0.019719388265251707
,,expert.layers.1.mlp.gate_proj,denoise,3,activation,unknown,1465,52740000,512750,0.009722222222222222
,,expert.layers.1.mlp.gate_proj,denoise,3,output,unknown,1465,150016000,1465000,0.009765625
,,expert.layers.1.mlp.gate_proj,denoise,3,weight_runtime_mask,unknown,1465,2160230400,42598075,0.019719227634237533
,,expert.layers.1.mlp.gate_proj,denoise,4,activation,unknown,1465,52740000,512750,0.009722222222222222
,,expert.layers.1.mlp.gate_proj,denoise,4,output,unknown,1465,150016000,1465000,0.009765625
,,expert.layers.1.mlp.gate_proj,denoise,4,weight_runtime_mask,unknown,1465,2160230400,42597667,0.019719038765494645
,,expert.layers.1.mlp.gate_proj,denoise,5,activation,unknown,1465,52740000,512750,0.009722222222222222
,,expert.layers.1.mlp.gate_proj,denoise,5,output,unknown,1465,150016000,1465000,0.009765625
,,expert.layers.1.mlp.gate_proj,denoise,5,weight_runtime_mask,unknown,1465,2160230400,42597565,0.01971899154830892
,,expert.layers.1.mlp.gate_proj,denoise,6,activation,unknown,1465,52740000,512750,0.009722222222222222
,,expert.layers.1.mlp.gate_proj,denoise,6,output,unknown,1465,150016000,1465000,0.009765625
,,expert.layers.1.mlp.gate_proj,denoise,6,weight_runtime_mask,unknown,1465,2160230400,42597336,0.01971888554109784
,,expert.layers.1.mlp.gate_proj,denoise,7,activation,unknown,1465,52740000,512750,0.009722222222222222
,,expert.layers.1.mlp.gate_proj,denoise,7,output,unknown,1465,150016000,1465000,0.009765625
,,expert.layers.1.mlp.gate_proj,denoise,7,weight_runtime_mask,unknown,1465,2160230400,42596615,0.019718551780402684
,,expert.layers.1.mlp.gate_proj,denoise,8,activation,unknown,1465,52740000,512750,0.009722222222222222
,,expert.layers.1.mlp.gate_proj,denoise,8,output,unknown,1465,150016000,1465000,0.009765625
,,expert.layers.1.mlp.gate_proj,denoise,8,weight_runtime_mask,unknown,1465,2160230400,42594425,0.019717537999650408
,,expert.layers.1.mlp.gate_proj,denoise,9,activation,unknown,1465,52740000,512750,0.009722222222222222
,,expert.layers.1.mlp.gate_proj,denoise,9,output,unknown,1465,150016000,1465000,0.009765625
,,expert.layers.1.mlp.gate_proj,denoise,9,weight_runtime_mask,unknown,1465,2160230400,42593095,0.019716922324581675
,,expert.layers.1.mlp.up_proj,denoise,0,activation,unknown,1465,52740000,512750,0.009722222222222222
,,expert.layers.1.mlp.up_proj,denoise,0,output,unknown,1465,150016000,1465000,0.009765625
,,expert.layers.1.mlp.up_proj,denoise,0,weight_runtime_mask,unknown,1465,2160230400,43030093,0.01991921463562405
,,expert.layers.1.mlp.up_proj,denoise,1,activation,unknown,1465,52740000,512750,0.009722222222222222
,,expert.layers.1.mlp.up_proj,denoise,1,output,unknown,1465,150016000,1465000,0.009765625
,,expert.layers.1.mlp.up_proj,denoise,1,weight_runtime_mask,unknown,1465,2160230400,43028727,0.01991858229566624
,,expert.layers.1.mlp.up_proj,denoise,2,activation,unknown,1465,52740000,512750,0.009722222222222222
,,expert.layers.1.mlp.up_proj,denoise,2,output,unknown,1465,150016000,1465000,0.009765625
,,expert.layers.1.mlp.up_proj,denoise,2,weight_runtime_mask,unknown,1465,2160230400,43027190,0.019917870797485304
,,expert.layers.1.mlp.up_proj,denoise,3,activation,unknown,1465,52740000,512750,0.009722222222222222
,,expert.layers.1.mlp.up_proj,denoise,3,output,unknown,1465,150016000,1465000,0.009765625
,,expert.layers.1.mlp.up_proj,denoise,3,weight_runtime_mask,unknown,1465,2160230400,43027930,0.019918213353538584
,,expert.layers.1.mlp.up_proj,denoise,4,activation,unknown,1465,52740000,512750,0.009722222222222222
,,expert.layers.1.mlp.up_proj,denoise,4,output,unknown,1465,150016000,1465000,0.009765625
,,expert.layers.1.mlp.up_proj,denoise,4,weight_runtime_mask,unknown,1465,2160230400,43029211,0.01991880634584163
,,expert.layers.1.mlp.up_proj,denoise,5,activation,unknown,1465,52740000,512750,0.009722222222222222
,,expert.layers.1.mlp.up_proj,denoise,5,output,unknown,1465,150016000,1465000,0.009765625
,,expert.layers.1.mlp.up_proj,denoise,5,weight_runtime_mask,unknown,1465,2160230400,43030152,0.019919241947525597
,,expert.layers.1.mlp.up_proj,denoise,6,activation,unknown,1465,52740000,512750,0.009722222222222222
,,expert.layers.1.mlp.up_proj,denoise,6,output,unknown,1465,150016000,1465000,0.009765625
,,expert.layers.1.mlp.up_proj,denoise,6,weight_runtime_mask,unknown,1465,2160230400,43031613,0.01991991826427403
,,expert.layers.1.mlp.up_proj,denoise,7,activation,unknown,1465,52740000,512750,0.009722222222222222
,,expert.layers.1.mlp.up_proj,denoise,7,output,unknown,1465,150016000,1465000,0.009765625
,,expert.layers.1.mlp.up_proj,denoise,7,weight_runtime_mask,unknown,1465,2160230400,43032531,0.019920343218945535
,,expert.layers.1.mlp.up_proj,denoise,8,activation,unknown,1465,52740000,512750,0.009722222222222222
,,expert.layers.1.mlp.up_proj,denoise,8,output,unknown,1465,150016000,1465000,0.009765625
,,expert.layers.1.mlp.up_proj,denoise,8,weight_runtime_mask,unknown,1465,2160230400,43031368,0.01991980485044558
,,expert.layers.1.mlp.up_proj,denoise,9,activation,unknown,1465,52740000,512750,0.009722222222222222
,,expert.layers.1.mlp.up_proj,denoise,9,output,unknown,1465,150016000,1465000,0.009765625
,,expert.layers.1.mlp.up_proj,denoise,9,weight_runtime_mask,unknown,1465,2160230400,43026100,0.019917366221677096
,,expert.layers.1.self_attn.k_proj,denoise,0,activation,cross,1465,82977600,777915,0.009375
,,expert.layers.1.self_attn.k_proj,denoise,0,output,cross,1465,82977600,777915,0.009375
,,expert.layers.1.self_attn.k_proj,denoise,0,weight_runtime_mask,cross,1465,150016000,2897678,0.01931579298208191
,,expert.layers.1.self_attn.k_proj,denoise,1,activation,cross,1465,82977600,777915,0.009375
,,expert.layers.1.self_attn.k_proj,denoise,1,output,cross,1465,82977600,777915,0.009375
,,expert.layers.1.self_attn.k_proj,denoise,1,weight_runtime_mask,cross,1465,150016000,2897678,0.01931579298208191
,,expert.layers.1.self_attn.k_proj,denoise,2,activation,cross,1465,82977600,777915,0.009375
,,expert.layers.1.self_attn.k_proj,denoise,2,output,cross,1465,82977600,777915,0.009375
,,expert.layers.1.self_attn.k_proj,denoise,2,weight_runtime_mask,cross,1465,150016000,2897678,0.01931579298208191
,,expert.layers.1.self_attn.k_proj,denoise,3,activation,cross,1465,82977600,777915,0.009375
,,expert.layers.1.self_attn.k_proj,denoise,3,output,cross,1465,82977600,777915,0.009375
,,expert.layers.1.self_attn.k_proj,denoise,3,weight_runtime_mask,cross,1465,150016000,2897678,0.01931579298208191
,,expert.layers.1.self_attn.k_proj,denoise,4,activation,cross,1465,82977600,777915,0.009375
,,expert.layers.1.self_attn.k_proj,denoise,4,output,cross,1465,82977600,777915,0.009375
,,expert.layers.1.self_attn.k_proj,denoise,4,weight_runtime_mask,cross,1465,150016000,2897678,0.01931579298208191
,,expert.layers.1.self_attn.k_proj,denoise,5,activation,cross,1465,82977600,777915,0.009375
,,expert.layers.1.self_attn.k_proj,denoise,5,output,cross,1465,82977600,777915,0.009375
,,expert.layers.1.self_attn.k_proj,denoise,5,weight_runtime_mask,cross,1465,150016000,2897678,0.01931579298208191
,,expert.layers.1.self_attn.k_proj,denoise,6,activation,cross,1465,82977600,777915,0.009375
,,expert.layers.1.self_attn.k_proj,denoise,6,output,cross,1465,82977600,777915,0.009375
,,expert.layers.1.self_attn.k_proj,denoise,6,weight_runtime_mask,cross,1465,150016000,2897678,0.01931579298208191
,,expert.layers.1.self_attn.k_proj,denoise,7,activation,cross,1465,82977600,777915,0.009375
,,expert.layers.1.self_attn.k_proj,denoise,7,output,cross,1465,82977600,777915,0.009375
,,expert.layers.1.self_attn.k_proj,denoise,7,weight_runtime_mask,cross,1465,150016000,2897678,0.01931579298208191
,,expert.layers.1.self_attn.k_proj,denoise,8,activation,cross,1465,82977600,777915,0.009375
,,expert.layers.1.self_attn.k_proj,denoise,8,output,cross,1465,82977600,777915,0.009375
,,expert.layers.1.self_attn.k_proj,denoise,8,weight_runtime_mask,cross,1465,150016000,2897678,0.01931579298208191
,,expert.layers.1.self_attn.k_proj,denoise,9,activation,cross,1465,82977600,777915,0.009375
,,expert.layers.1.self_attn.k_proj,denoise,9,output,cross,1465,82977600,777915,0.009375
,,expert.layers.1.self_attn.k_proj,denoise,9,weight_runtime_mask,cross,1465,150016000,2897678,0.01931579298208191
,,expert.layers.1.self_attn.o_proj,denoise,0,activation,unknown,1465,70320000,659250,0.009375
,,expert.layers.1.self_attn.o_proj,denoise,0,output,unknown,1465,52740000,512750,0.009722222222222222
,,expert.layers.1.self_attn.o_proj,denoise,0,weight_runtime_mask,unknown,1465,1012608000,19746669,0.019500802877322716
,,expert.layers.1.self_attn.o_proj,denoise,1,activation,unknown,1465,70320000,659250,0.009375
,,expert.layers.1.self_attn.o_proj,denoise,1,output,unknown,1465,52740000,512750,0.009722222222222222
,,expert.layers.1.self_attn.o_proj,denoise,1,weight_runtime_mask,unknown,1465,1012608000,19746618,0.019500752512324613
,,expert.layers.1.self_attn.o_proj,denoise,2,activation,unknown,1465,70320000,659250,0.009375
,,expert.layers.1.self_attn.o_proj,denoise,2,output,unknown,1465,52740000,512750,0.009722222222222222
,,expert.layers.1.self_attn.o_proj,denoise,2,weight_runtime_mask,unknown,1465,1012608000,19746519,0.01950065474497535
,,expert.layers.1.self_attn.o_proj,denoise,3,activation,unknown,1465,70320000,659250,0.009375
,,expert.layers.1.self_attn.o_proj,denoise,3,output,unknown,1465,52740000,512750,0.009722222222222222
,,expert.layers.1.self_attn.o_proj,denoise,3,weight_runtime_mask,unknown,1465,1012608000,19746534,0.019500669558210088
,,expert.layers.1.self_attn.o_proj,denoise,4,activation,unknown,1465,70320000,659250,0.009375
,,expert.layers.1.self_attn.o_proj,denoise,4,output,unknown,1465,52740000,512750,0.009722222222222222
,,expert.layers.1.self_attn.o_proj,denoise,4,weight_runtime_mask,unknown,1465,1012608000,19746425,0.019500561915371
,,expert.layers.1.self_attn.o_proj,denoise,5,activation,unknown,1465,70320000,659250,0.009375
,,expert.layers.1.self_attn.o_proj,denoise,5,output,unknown,1465,52740000,512750,0.009722222222222222
,,expert.layers.1.self_attn.o_proj,denoise,5,weight_runtime_mask,unknown,1465,1012608000,19746470,0.019500606355075212
,,expert.layers.1.self_attn.o_proj,denoise,6,activation,unknown,1465,70320000,659250,0.009375
,,expert.layers.1.self_attn.o_proj,denoise,6,output,unknown,1465,52740000,512750,0.009722222222222222
,,expert.layers.1.self_attn.o_proj,denoise,6,weight_runtime_mask,unknown,1465,1012608000,19746451,0.019500587591644546
,,expert.layers.1.self_attn.o_proj,denoise,7,activation,unknown,1465,70320000,659250,0.009375
,,expert.layers.1.self_attn.o_proj,denoise,7,output,unknown,1465,52740000,512750,0.009722222222222222
,,expert.layers.1.self_attn.o_proj,denoise,7,weight_runtime_mask,unknown,1465,1012608000,19746444,0.019500580678801668
,,expert.layers.1.self_attn.o_proj,denoise,8,activation,unknown,1465,70320000,659250,0.009375
,,expert.layers.1.self_attn.o_proj,denoise,8,output,unknown,1465,52740000,512750,0.009722222222222222
,,expert.layers.1.self_attn.o_proj,denoise,8,weight_runtime_mask,unknown,1465,1012608000,19746493,0.019500629068701807
,,expert.layers.1.self_attn.o_proj,denoise,9,activation,unknown,1465,70320000,659250,0.009375
,,expert.layers.1.self_attn.o_proj,denoise,9,output,unknown,1465,52740000,512750,0.009722222222222222
,,expert.layers.1.self_attn.o_proj,denoise,9,weight_runtime_mask,unknown,1465,1012608000,19746495,0.019500631043799774
,,expert.layers.1.self_attn.q_proj,denoise,0,activation,cross,1465,52740000,512750,0.009722222222222222
,,expert.layers.1.self_attn.q_proj,denoise,0,output,cross,1465,70320000,659250,0.009375
,,expert.layers.1.self_attn.q_proj,denoise,0,weight_runtime_mask,cross,1465,1012608000,20013699,0.01976450808210087
,,expert.layers.1.self_attn.q_proj,denoise,1,activation,cross,1465,52740000,512750,0.009722222222222222
,,expert.layers.1.self_attn.q_proj,denoise,1,output,cross,1465,70320000,659250,0.009375
,,expert.layers.1.self_attn.q_proj,denoise,1,weight_runtime_mask,cross,1465,1012608000,20014591,0.019765388975793198
,,expert.layers.1.self_attn.q_proj,denoise,2,activation,cross,1465,52740000,512750,0.009722222222222222
,,expert.layers.1.self_attn.q_proj,denoise,2,output,cross,1465,70320000,659250,0.009375
,,expert.layers.1.self_attn.q_proj,denoise,2,weight_runtime_mask,cross,1465,1012608000,20014753,0.019765548958728354
,,expert.layers.1.self_attn.q_proj,denoise,3,activation,cross,1465,52740000,512750,0.009722222222222222
,,expert.layers.1.self_attn.q_proj,denoise,3,output,cross,1465,70320000,659250,0.009375
,,expert.layers.1.self_attn.q_proj,denoise,3,weight_runtime_mask,cross,1465,1012608000,20015237,0.01976602693243585
,,expert.layers.1.self_attn.q_proj,denoise,4,activation,cross,1465,52740000,512750,0.009722222222222222
,,expert.layers.1.self_attn.q_proj,denoise,4,output,cross,1465,70320000,659250,0.009375
,,expert.layers.1.self_attn.q_proj,denoise,4,weight_runtime_mask,cross,1465,1012608000,20015606,0.019766391338010364
,,expert.layers.1.self_attn.q_proj,denoise,5,activation,cross,1465,52740000,512750,0.009722222222222222
,,expert.layers.1.self_attn.q_proj,denoise,5,output,cross,1465,70320000,659250,0.009375
,,expert.layers.1.self_attn.q_proj,denoise,5,weight_runtime_mask,cross,1465,1012608000,20016033,0.019766813021425862
,,expert.layers.1.self_attn.q_proj,denoise,6,activation,cross,1465,52740000,512750,0.009722222222222222
,,expert.layers.1.self_attn.q_proj,denoise,6,output,cross,1465,70320000,659250,0.009375
,,expert.layers.1.self_attn.q_proj,denoise,6,weight_runtime_mask,cross,1465,1012608000,20017202,0.019767967466186323
,,expert.layers.1.self_attn.q_proj,denoise,7,activation,cross,1465,52740000,512750,0.009722222222222222
,,expert.layers.1.self_attn.q_proj,denoise,7,output,cross,1465,70320000,659250,0.009375
,,expert.layers.1.self_attn.q_proj,denoise,7,weight_runtime_mask,cross,1465,1012608000,20019440,0.019770177600809
,,expert.layers.1.self_attn.q_proj,denoise,8,activation,cross,1465,52740000,512750,0.009722222222222222
,,expert.layers.1.self_attn.q_proj,denoise,8,output,cross,1465,70320000,659250,0.009375
,,expert.layers.1.self_attn.q_proj,denoise,8,weight_runtime_mask,cross,1465,1012608000,20021629,0.019772339345531537
,,expert.layers.1.self_attn.q_proj,denoise,9,activation,cross,1465,52740000,512750,0.009722222222222222
,,expert.layers.1.self_attn.q_proj,denoise,9,output,cross,1465,70320000,659250,0.009375
,,expert.layers.1.self_attn.q_proj,denoise,9,weight_runtime_mask,cross,1465,1012608000,20022168,0.01977287163443307
,,expert.layers.1.self_attn.v_proj,denoise,0,activation,cross,1465,82977600,777915,0.009375
,,expert.layers.1.self_attn.v_proj,denoise,0,output,cross,1465,82977600,777915,0.009375
,,expert.layers.1.self_attn.v_proj,denoise,0,weight_runtime_mask,cross,1465,150016000,2897508,0.019314659769624574
,,expert.layers.1.self_attn.v_proj,denoise,1,activation,cross,1465,82977600,777915,0.009375
,,expert.layers.1.self_attn.v_proj,denoise,1,output,cross,1465,82977600,777915,0.009375
,,expert.layers.1.self_attn.v_proj,denoise,1,weight_runtime_mask,cross,1465,150016000,2897508,0.019314659769624574
,,expert.layers.1.self_attn.v_proj,denoise,2,activation,cross,1465,82977600,777915,0.009375
,,expert.layers.1.self_attn.v_proj,denoise,2,output,cross,1465,82977600,777915,0.009375
,,expert.layers.1.self_attn.v_proj,denoise,2,weight_runtime_mask,cross,1465,150016000,2897508,0.019314659769624574
,,expert.layers.1.self_attn.v_proj,denoise,3,activation,cross,1465,82977600,777915,0.009375
,,expert.layers.1.self_attn.v_proj,denoise,3,output,cross,1465,82977600,777915,0.009375
,,expert.layers.1.self_attn.v_proj,denoise,3,weight_runtime_mask,cross,1465,150016000,2897508,0.019314659769624574
,,expert.layers.1.self_attn.v_proj,denoise,4,activation,cross,1465,82977600,777915,0.009375
,,expert.layers.1.self_attn.v_proj,denoise,4,output,cross,1465,82977600,777915,0.009375
,,expert.layers.1.self_attn.v_proj,denoise,4,weight_runtime_mask,cross,1465,150016000,2897508,0.019314659769624574
,,expert.layers.1.self_attn.v_proj,denoise,5,activation,cross,1465,82977600,777915,0.009375
,,expert.layers.1.self_attn.v_proj,denoise,5,output,cross,1465,82977600,777915,0.009375
,,expert.layers.1.self_attn.v_proj,denoise,5,weight_runtime_mask,cross,1465,150016000,2897508,0.019314659769624574
,,expert.layers.1.self_attn.v_proj,denoise,6,activation,cross,1465,82977600,777915,0.009375
,,expert.layers.1.self_attn.v_proj,denoise,6,output,cross,1465,82977600,777915,0.009375
,,expert.layers.1.self_attn.v_proj,denoise,6,weight_runtime_mask,cross,1465,150016000,2897508,0.019314659769624574
,,expert.layers.1.self_attn.v_proj,denoise,7,activation,cross,1465,82977600,777915,0.009375
,,expert.layers.1.self_attn.v_proj,denoise,7,output,cross,1465,82977600,777915,0.009375
,,expert.layers.1.self_attn.v_proj,denoise,7,weight_runtime_mask,cross,1465,150016000,2897508,0.019314659769624574
,,expert.layers.1.self_attn.v_proj,denoise,8,activation,cross,1465,82977600,777915,0.009375
,,expert.layers.1.self_attn.v_proj,denoise,8,output,cross,1465,82977600,777915,0.009375
,,expert.layers.1.self_attn.v_proj,denoise,8,weight_runtime_mask,cross,1465,150016000,2897508,0.019314659769624574
,,expert.layers.1.self_attn.v_proj,denoise,9,activation,cross,1465,82977600,777915,0.009375
,,expert.layers.1.self_attn.v_proj,denoise,9,output,cross,1465,82977600,777915,0.009375
,,expert.layers.1.self_attn.v_proj,denoise,9,weight_runtime_mask,cross,1465,150016000,2897508,0.019314659769624574
,,expert.layers.10.mlp.down_proj,denoise,0,activation,unknown,1465,150016000,1465000,0.009765625
,,expert.layers.10.mlp.down_proj,denoise,0,output,unknown,1465,52740000,512750,0.009722222222222222
,,expert.layers.10.mlp.down_proj,denoise,0,weight_runtime_mask,unknown,1465,2160230400,42751521,0.01979025987228029
,,expert.layers.10.mlp.down_proj,denoise,1,activation,unknown,1465,150016000,1465000,0.009765625
,,expert.layers.10.mlp.down_proj,denoise,1,output,unknown,1465,52740000,512750,0.009722222222222222
,,expert.layers.10.mlp.down_proj,denoise,1,weight_runtime_mask,unknown,1465,2160230400,42750696,0.01978987796857224
,,expert.layers.10.mlp.down_proj,denoise,2,activation,unknown,1465,150016000,1465000,0.009765625
,,expert.layers.10.mlp.down_proj,denoise,2,output,unknown,1465,52740000,512750,0.009722222222222222
,,expert.layers.10.mlp.down_proj,denoise,2,weight_runtime_mask,unknown,1465,2160230400,42750352,0.019789718726298824
,,expert.layers.10.mlp.down_proj,denoise,3,activation,unknown,1465,150016000,1465000,0.009765625
,,expert.layers.10.mlp.down_proj,denoise,3,output,unknown,1465,52740000,512750,0.009722222222222222
,,expert.layers.10.mlp.down_proj,denoise,3,weight_runtime_mask,unknown,1465,2160230400,42749781,0.019789454402641495
,,expert.layers.10.mlp.down_proj,denoise,4,activation,unknown,1465,150016000,1465000,0.009765625
,,expert.layers.10.mlp.down_proj,denoise,4,output,unknown,1465,52740000,512750,0.009722222222222222
,,expert.layers.10.mlp.down_proj,denoise,4,weight_runtime_mask,unknown,1465,2160230400,42748995,0.019789090552563282
,,expert.layers.10.mlp.down_proj,denoise,5,activation,unknown,1465,150016000,1465000,0.009765625
,,expert.layers.10.mlp.down_proj,denoise,5,output,unknown,1465,52740000,512750,0.009722222222222222
,,expert.layers.10.mlp.down_proj,denoise,5,weight_runtime_mask,unknown,1465,2160230400,42749162,0.019789167859132064
,,expert.layers.10.mlp.down_proj,denoise,6,activation,unknown,1465,150016000,1465000,0.009765625
,,expert.layers.10.mlp.down_proj,denoise,6,output,unknown,1465,52740000,512750,0.009722222222222222
,,expert.layers.10.mlp.down_proj,denoise,6,weight_runtime_mask,unknown,1465,2160230400,42748685,0.019788947049351774
,,expert.layers.10.mlp.down_proj,denoise,7,activation,unknown,1465,150016000,1465000,0.009765625
,,expert.layers.10.mlp.down_proj,denoise,7,output,unknown,1465,52740000,512750,0.009722222222222222
,,expert.layers.10.mlp.down_proj,denoise,7,weight_runtime_mask,unknown,1465,2160230400,42748215,0.019788729479966582
,,expert.layers.10.mlp.down_proj,denoise,8,activation,unknown,1465,150016000,1465000,0.009765625
,,expert.layers.10.mlp.down_proj,denoise,8,output,unknown,1465,52740000,512750,0.009722222222222222
,,expert.layers.10.mlp.down_proj,denoise,8,weight_runtime_mask,unknown,1465,2160230400,42746740,0.019788046682427948
,,expert.layers.10.mlp.down_proj,denoise,9,activation,unknown,1465,150016000,1465000,0.009765625
,,expert.layers.10.mlp.down_proj,denoise,9,output,unknown,1465,52740000,512750,0.009722222222222222
,,expert.layers.10.mlp.down_proj,denoise,9,weight_runtime_mask,unknown,1465,2160230400,42745168,0.01978731898227152
,,expert.layers.10.mlp.gate_proj,denoise,0,activation,unknown,1465,52740000,512750,0.009722222222222222
,,expert.layers.10.mlp.gate_proj,denoise,0,output,unknown,1465,150016000,1465000,0.009765625
,,expert.layers.10.mlp.gate_proj,denoise,0,weight_runtime_mask,unknown,1465,2160230400,42534232,0.019689673842197573
,,expert.layers.10.mlp.gate_proj,denoise,1,activation,unknown,1465,52740000,512750,0.009722222222222222
,,expert.layers.10.mlp.gate_proj,denoise,1,output,unknown,1465,150016000,1465000,0.009765625
,,expert.layers.10.mlp.gate_proj,denoise,1,weight_runtime_mask,unknown,1465,2160230400,42536709,0.019690820479148892
,,expert.layers.10.mlp.gate_proj,denoise,2,activation,unknown,1465,52740000,512750,0.009722222222222222
,,expert.layers.10.mlp.gate_proj,denoise,2,output,unknown,1465,150016000,1465000,0.009765625
,,expert.layers.10.mlp.gate_proj,denoise,2,weight_runtime_mask,unknown,1465,2160230400,42537466,0.019691170904733126
,,expert.layers.10.mlp.gate_proj,denoise,3,activation,unknown,1465,52740000,512750,0.009722222222222222
,,expert.layers.10.mlp.gate_proj,denoise,3,output,unknown,1465,150016000,1465000,0.009765625
,,expert.layers.10.mlp.gate_proj,denoise,3,weight_runtime_mask,unknown,1465,2160230400,42537206,0.01969105054720089
,,expert.layers.10.mlp.gate_proj,denoise,4,activation,unknown,1465,52740000,512750,0.009722222222222222
,,expert.layers.10.mlp.gate_proj,denoise,4,output,unknown,1465,150016000,1465000,0.009765625
,,expert.layers.10.mlp.gate_proj,denoise,4,weight_runtime_mask,unknown,1465,2160230400,42536336,0.019690647812381494
,,expert.layers.10.mlp.gate_proj,denoise,5,activation,unknown,1465,52740000,512750,0.009722222222222222
,,expert.layers.10.mlp.gate_proj,denoise,5,output,unknown,1465,150016000,1465000,0.009765625
,,expert.layers.10.mlp.gate_proj,denoise,5,weight_runtime_mask,unknown,1465,2160230400,42535030,0.019690043247238814
,,expert.layers.10.mlp.gate_proj,denoise,6,activation,unknown,1465,52740000,512750,0.009722222222222222
,,expert.layers.10.mlp.gate_proj,denoise,6,output,unknown,1465,150016000,1465000,0.009765625
,,expert.layers.10.mlp.gate_proj,denoise,6,weight_runtime_mask,unknown,1465,2160230400,42534134,0.019689628476666193
,,expert.layers.10.mlp.gate_proj,denoise,7,activation,unknown,1465,52740000,512750,0.009722222222222222
,,expert.layers.10.mlp.gate_proj,denoise,7,output,unknown,1465,150016000,1465000,0.009765625
,,expert.layers.10.mlp.gate_proj,denoise,7,weight_runtime_mask,unknown,1465,2160230400,42531990,0.019688635989938853
,,expert.layers.10.mlp.gate_proj,denoise,8,activation,unknown,1465,52740000,512750,0.009722222222222222
,,expert.layers.10.mlp.gate_proj,denoise,8,output,unknown,1465,150016000,1465000,0.009765625
,,expert.layers.10.mlp.gate_proj,denoise,8,weight_runtime_mask,unknown,1465,2160230400,42530030,0.019687728679311244
,,expert.layers.10.mlp.gate_proj,denoise,9,activation,unknown,1465,52740000,512750,0.009722222222222222
,,expert.layers.10.mlp.gate_proj,denoise,9,output,unknown,1465,150016000,1465000,0.009765625
,,expert.layers.10.mlp.gate_proj,denoise,9,weight_runtime_mask,unknown,1465,2160230400,42533233,0.019689211391525643
,,expert.layers.10.mlp.up_proj,denoise,0,activation,unknown,1465,52740000,512750,0.009722222222222222
,,expert.layers.10.mlp.up_proj,denoise,0,output,unknown,1465,150016000,1465000,0.009765625
,,expert.layers.10.mlp.up_proj,denoise,0,weight_runtime_mask,unknown,1465,2160230400,42715757,0.019773704230807973
,,expert.layers.10.mlp.up_proj,denoise,1,activation,unknown,1465,52740000,512750,0.009722222222222222
,,expert.layers.10.mlp.up_proj,denoise,1,output,unknown,1465,150016000,1465000,0.009765625
,,expert.layers.10.mlp.up_proj,denoise,1,weight_runtime_mask,unknown,1465,2160230400,42717254,0.019774397212445487
,,expert.layers.10.mlp.up_proj,denoise,2,activation,unknown,1465,52740000,512750,0.009722222222222222
,,expert.layers.10.mlp.up_proj,denoise,2,output,unknown,1465,150016000,1465000,0.009765625
,,expert.layers.10.mlp.up_proj,denoise,2,weight_runtime_mask,unknown,1465,2160230400,42717671,0.019774590247410646
,,expert.layers.10.mlp.up_proj,denoise,3,activation,unknown,1465,52740000,512750,0.009722222222222222
,,expert.layers.10.mlp.up_proj,denoise,3,output,unknown,1465,150016000,1465000,0.009765625
,,expert.layers.10.mlp.up_proj,denoise,3,weight_runtime_mask,unknown,1465,2160230400,42717768,0.01977463515002844
,,expert.layers.10.mlp.up_proj,denoise,4,activation,unknown,1465,52740000,512750,0.009722222222222222
,,expert.layers.10.mlp.up_proj,denoise,4,output,unknown,1465,150016000,1465000,0.009765625
,,expert.layers.10.mlp.up_proj,denoise,4,weight_runtime_mask,unknown,1465,2160230400,42718056,0.019774768469141068
,,expert.layers.10.mlp.up_proj,denoise,5,activation,unknown,1465,52740000,512750,0.009722222222222222
,,expert.layers.10.mlp.up_proj,denoise,5,output,unknown,1465,150016000,1465000,0.009765625
,,expert.layers.10.mlp.up_proj,denoise,5,weight_runtime_mask,unknown,1465,2160230400,42718154,0.01977481383467245
,,expert.layers.10.mlp.up_proj,denoise,6,activation,unknown,1465,52740000,512750,0.009722222222222222
,,expert.layers.10.mlp.up_proj,denoise,6,output,unknown,1465,150016000,1465000,0.009765625
,,expert.layers.10.mlp.up_proj,denoise,6,weight_runtime_mask,unknown,1465,2160230400,42718648,0.019775042513983692
,,expert.layers.10.mlp.up_proj,denoise,7,activation,unknown,1465,52740000,512750,0.009722222222222222
,,expert.layers.10.mlp.up_proj,denoise,7,output,unknown,1465,150016000,1465000,0.009765625
,,expert.layers.10.mlp.up_proj,denoise,7,weight_runtime_mask,unknown,1465,2160230400,42718884,0.019775151761589876
,,expert.layers.10.mlp.up_proj,denoise,8,activation,unknown,1465,52740000,512750,0.009722222222222222
,,expert.layers.10.mlp.up_proj,denoise,8,output,unknown,1465,150016000,1465000,0.009765625
,,expert.layers.10.mlp.up_proj,denoise,8,weight_runtime_mask,unknown,1465,2160230400,42718572,0.019775007332551196
,,expert.layers.10.mlp.up_proj,denoise,9,activation,unknown,1465,52740000,512750,0.009722222222222222
,,expert.layers.10.mlp.up_proj,denoise,9,output,unknown,1465,150016000,1465000,0.009765625
,,expert.layers.10.mlp.up_proj,denoise,9,weight_runtime_mask,unknown,1465,2160230400,42719527,0.019775449415025362
,,expert.layers.10.self_attn.k_proj,denoise,0,activation,self,1465,52740000,512750,0.009722222222222222
,,expert.layers.10.self_attn.k_proj,denoise,0,output,self,1465,23440000,219750,0.009375
,,expert.layers.10.self_attn.k_proj,denoise,0,weight_runtime_mask,self,1465,337536000,6654238,0.0197141578972317
,,expert.layers.10.self_attn.k_proj,denoise,1,activation,self,1465,52740000,512750,0.009722222222222222
,,expert.layers.10.self_attn.k_proj,denoise,1,output,self,1465,23440000,219750,0.009375
,,expert.layers.10.self_attn.k_proj,denoise,1,weight_runtime_mask,self,1465,337536000,6655810,0.01971881517823284
,,expert.layers.10.self_attn.k_proj,denoise,2,activation,self,1465,52740000,512750,0.009722222222222222
,,expert.layers.10.self_attn.k_proj,denoise,2,output,self,1465,23440000,219750,0.009375
,,expert.layers.10.self_attn.k_proj,denoise,2,weight_runtime_mask,self,1465,337536000,6656637,0.019721265287258247
,,expert.layers.10.self_attn.k_proj,denoise,3,activation,self,1465,52740000,512750,0.009722222222222222
,,expert.layers.10.self_attn.k_proj,denoise,3,output,self,1465,23440000,219750,0.009375
,,expert.layers.10.self_attn.k_proj,denoise,3,weight_runtime_mask,self,1465,337536000,6657396,0.01972351393629124
,,expert.layers.10.self_attn.k_proj,denoise,4,activation,self,1465,52740000,512750,0.009722222222222222
,,expert.layers.10.self_attn.k_proj,denoise,4,output,self,1465,23440000,219750,0.009375
,,expert.layers.10.self_attn.k_proj,denoise,4,weight_runtime_mask,self,1465,337536000,6658147,0.019725738884148653
,,expert.layers.10.self_attn.k_proj,denoise,5,activation,self,1465,52740000,512750,0.009722222222222222
,,expert.layers.10.self_attn.k_proj,denoise,5,output,self,1465,23440000,219750,0.009375
,,expert.layers.10.self_attn.k_proj,denoise,5,weight_runtime_mask,self,1465,337536000,6658639,0.01972719650644672
,,expert.layers.10.self_attn.k_proj,denoise,6,activation,self,1465,52740000,512750,0.009722222222222222
,,expert.layers.10.self_attn.k_proj,denoise,6,output,self,1465,23440000,219750,0.009375
,,expert.layers.10.self_attn.k_proj,denoise,6,weight_runtime_mask,self,1465,337536000,6658874,0.019727892728479333
,,expert.layers.10.self_attn.k_proj,denoise,7,activation,self,1465,52740000,512750,0.009722222222222222
,,expert.layers.10.self_attn.k_proj,denoise,7,output,self,1465,23440000,219750,0.009375
,,expert.layers.10.self_attn.k_proj,denoise,7,weight_runtime_mask,self,1465,337536000,6658739,0.01972749277114145
,,expert.layers.10.self_attn.k_proj,denoise,8,activation,self,1465,52740000,512750,0.009722222222222222
,,expert.layers.10.self_attn.k_proj,denoise,8,output,self,1465,23440000,219750,0.009375
,,expert.layers.10.self_attn.k_proj,denoise,8,weight_runtime_mask,self,1465,337536000,6658062,0.019725487059158133
,,expert.layers.10.self_attn.k_proj,denoise,9,activation,self,1465,52740000,512750,0.009722222222222222
,,expert.layers.10.self_attn.k_proj,denoise,9,output,self,1465,23440000,219750,0.009375
,,expert.layers.10.self_attn.k_proj,denoise,9,weight_runtime_mask,self,1465,337536000,6657250,0.019723081389836937
,,expert.layers.10.self_attn.o_proj,denoise,0,activation,unknown,1465,70320000,659250,0.009375
,,expert.layers.10.self_attn.o_proj,denoise,0,output,unknown,1465,52740000,512750,0.009722222222222222
,,expert.layers.10.self_attn.o_proj,denoise,0,weight_runtime_mask,unknown,1465,1012608000,19672948,0.019427999778789028
,,expert.layers.10.self_attn.o_proj,denoise,1,activation,unknown,1465,70320000,659250,0.009375
,,expert.layers.10.self_attn.o_proj,denoise,1,output,unknown,1465,52740000,512750,0.009722222222222222
,,expert.layers.10.self_attn.o_proj,denoise,1,weight_runtime_mask,unknown,1465,1012608000,19673942,0.019428981402477563
,,expert.layers.10.self_attn.o_proj,denoise,2,activation,unknown,1465,70320000,659250,0.009375
,,expert.layers.10.self_attn.o_proj,denoise,2,output,unknown,1465,52740000,512750,0.009722222222222222
,,expert.layers.10.self_attn.o_proj,denoise,2,weight_runtime_mask,unknown,1465,1012608000,19674434,0.019429467276576916
,,expert.layers.10.self_attn.o_proj,denoise,3,activation,unknown,1465,70320000,659250,0.009375
,,expert.layers.10.self_attn.o_proj,denoise,3,output,unknown,1465,52740000,512750,0.009722222222222222
,,expert.layers.10.self_attn.o_proj,denoise,3,weight_runtime_mask,unknown,1465,1012608000,19674897,0.019429924511755785
,,expert.layers.10.self_attn.o_proj,denoise,4,activation,unknown,1465,70320000,659250,0.009375
,,expert.layers.10.self_attn.o_proj,denoise,4,output,unknown,1465,52740000,512750,0.009722222222222222
,,expert.layers.10.self_attn.o_proj,denoise,4,weight_runtime_mask,unknown,1465,1012608000,19675193,0.019430216826254582
,,expert.layers.10.self_attn.o_proj,denoise,5,activation,unknown,1465,70320000,659250,0.009375
,,expert.layers.10.self_attn.o_proj,denoise,5,output,unknown,1465,52740000,512750,0.009722222222222222
,,expert.layers.10.self_attn.o_proj,denoise,5,weight_runtime_mask,unknown,1465,1012608000,19675814,0.01943083009417267
,,expert.layers.10.self_attn.o_proj,denoise,6,activation,unknown,1465,70320000,659250,0.009375
,,expert.layers.10.self_attn.o_proj,denoise,6,output,unknown,1465,52740000,512750,0.009722222222222222
,,expert.layers.10.self_attn.o_proj,denoise,6,weight_runtime_mask,unknown,1465,1012608000,19675829,0.01943084490740741
,,expert.layers.10.self_attn.o_proj,denoise,7,activation,unknown,1465,70320000,659250,0.009375
,,expert.layers.10.self_attn.o_proj,denoise,7,output,unknown,1465,52740000,512750,0.009722222222222222
,,expert.layers.10.self_attn.o_proj,denoise,7,weight_runtime_mask,unknown,1465,1012608000,19675823,0.019430838982113514
,,expert.layers.10.self_attn.o_proj,denoise,8,activation,unknown,1465,70320000,659250,0.009375
,,expert.layers.10.self_attn.o_proj,denoise,8,output,unknown,1465,52740000,512750,0.009722222222222222
,,expert.layers.10.self_attn.o_proj,denoise,8,weight_runtime_mask,unknown,1465,1012608000,19675601,0.019430619746239414
,,expert.layers.10.self_attn.o_proj,denoise,9,activation,unknown,1465,70320000,659250,0.009375
,,expert.layers.10.self_attn.o_proj,denoise,9,output,unknown,1465,52740000,512750,0.009722222222222222
,,expert.layers.10.self_attn.o_proj,denoise,9,weight_runtime_mask,unknown,1465,1012608000,19676645,0.019431650747377068
,,expert.layers.10.self_attn.q_proj,denoise,0,activation,self,1465,52740000,512750,0.009722222222222222
,,expert.layers.10.self_attn.q_proj,denoise,0,output,self,1465,70320000,659250,0.009375
,,expert.layers.10.self_attn.q_proj,denoise,0,weight_runtime_mask,self,1465,1012608000,20051885,0.019802218627543926
,,expert.layers.10.self_attn.q_proj,denoise,1,activation,self,1465,52740000,512750,0.009722222222222222
,,expert.layers.10.self_attn.q_proj,denoise,1,output,self,1465,70320000,659250,0.009375
,,expert.layers.10.self_attn.q_proj,denoise,1,weight_runtime_mask,self,1465,1012608000,20051738,0.01980207345784351
,,expert.layers.10.self_attn.q_proj,denoise,2,activation,self,1465,52740000,512750,0.009722222222222222
,,expert.layers.10.self_attn.q_proj,denoise,2,output,self,1465,70320000,659250,0.009375
,,expert.layers.10.self_attn.q_proj,denoise,2,weight_runtime_mask,self,1465,1012608000,20051068,0.01980141180002528
,,expert.layers.10.self_attn.q_proj,denoise,3,activation,self,1465,52740000,512750,0.009722222222222222
,,expert.layers.10.self_attn.q_proj,denoise,3,output,self,1465,70320000,659250,0.009375
,,expert.layers.10.self_attn.q_proj,denoise,3,weight_runtime_mask,self,1465,1012608000,20049901,0.019800259330362786
,,expert.layers.10.self_attn.q_proj,denoise,4,activation,self,1465,52740000,512750,0.009722222222222222
,,expert.layers.10.self_attn.q_proj,denoise,4,output,self,1465,70320000,659250,0.009375
,,expert.layers.10.self_attn.q_proj,denoise,4,weight_runtime_mask,self,1465,1012608000,20048618,0.019798992305018328
,,expert.layers.10.self_attn.q_proj,denoise,5,activation,self,1465,52740000,512750,0.009722222222222222
,,expert.layers.10.self_attn.q_proj,denoise,5,output,self,1465,70320000,659250,0.009375
,,expert.layers.10.self_attn.q_proj,denoise,5,weight_runtime_mask,self,1465,1012608000,20048008,0.019798389900139046
,,expert.layers.10.self_attn.q_proj,denoise,6,activation,self,1465,52740000,512750,0.009722222222222222
,,expert.layers.10.self_attn.q_proj,denoise,6,output,self,1465,70320000,659250,0.009375
,,expert.layers.10.self_attn.q_proj,denoise,6,weight_runtime_mask,self,1465,1012608000,20047481,0.019797869461825306
,,expert.layers.10.self_attn.q_proj,denoise,7,activation,self,1465,52740000,512750,0.009722222222222222
,,expert.layers.10.self_attn.q_proj,denoise,7,output,self,1465,70320000,659250,0.009375
,,expert.layers.10.self_attn.q_proj,denoise,7,weight_runtime_mask,self,1465,1012608000,20046731,0.019797128800088486
,,expert.layers.10.self_attn.q_proj,denoise,8,activation,self,1465,52740000,512750,0.009722222222222222
,,expert.layers.10.self_attn.q_proj,denoise,8,output,self,1465,70320000,659250,0.009375
,,expert.layers.10.self_attn.q_proj,denoise,8,weight_runtime_mask,self,1465,1012608000,20046661,0.019797059671659713
,,expert.layers.10.self_attn.q_proj,denoise,9,activation,self,1465,52740000,512750,0.009722222222222222
,,expert.layers.10.self_attn.q_proj,denoise,9,output,self,1465,70320000,659250,0.009375
,,expert.layers.10.self_attn.q_proj,denoise,9,weight_runtime_mask,self,1465,1012608000,20047190,0.01979758208507142
,,expert.layers.10.self_attn.v_proj,denoise,0,activation,self,1465,52740000,512750,0.009722222222222222
,,expert.layers.10.self_attn.v_proj,denoise,0,output,self,1465,23440000,219750,0.009375
,,expert.layers.10.self_attn.v_proj,denoise,0,weight_runtime_mask,self,1465,337536000,6773599,0.020067782399507017
,,expert.layers.10.self_attn.v_proj,denoise,1,activation,self,1465,52740000,512750,0.009722222222222222
,,expert.layers.10.self_attn.v_proj,denoise,1,output,self,1465,23440000,219750,0.009375
,,expert.layers.10.self_attn.v_proj,denoise,1,weight_runtime_mask,self,1465,337536000,6775184,0.020072478194918468
,,expert.layers.10.self_attn.v_proj,denoise,2,activation,self,1465,52740000,512750,0.009722222222222222
,,expert.layers.10.self_attn.v_proj,denoise,2,output,self,1465,23440000,219750,0.009375
,,expert.layers.10.self_attn.v_proj,denoise,2,weight_runtime_mask,self,1465,337536000,6776524,0.020076448141827834
,,expert.layers.10.self_attn.v_proj,denoise,3,activation,self,1465,52740000,512750,0.009722222222222222
,,expert.layers.10.self_attn.v_proj,denoise,3,output,self,1465,23440000,219750,0.009375
,,expert.layers.10.self_attn.v_proj,denoise,3,weight_runtime_mask,self,1465,337536000,6777867,0.020080426976678042
,,expert.layers.10.self_attn.v_proj,denoise,4,activation,self,1465,52740000,512750,0.009722222222222222
,,expert.layers.10.self_attn.v_proj,denoise,4,output,self,1465,23440000,219750,0.009375
,,expert.layers.10.self_attn.v_proj,denoise,4,weight_runtime_mask,self,1465,337536000,6778550,0.02008245046454304
,,expert.layers.10.self_attn.v_proj,denoise,5,activation,self,1465,52740000,512750,0.009722222222222222
,,expert.layers.10.self_attn.v_proj,denoise,5,output,self,1465,23440000,219750,0.009375
,,expert.layers.10.self_attn.v_proj,denoise,5,weight_runtime_mask,self,1465,337536000,6779095,0.020084065107129314
,,expert.layers.10.self_attn.v_proj,denoise,6,activation,self,1465,52740000,512750,0.009722222222222222
,,expert.layers.10.self_attn.v_proj,denoise,6,output,self,1465,23440000,219750,0.009375
,,expert.layers.10.self_attn.v_proj,denoise,6,weight_runtime_mask,self,1465,337536000,6779074,0.02008400289154342
,,expert.layers.10.self_attn.v_proj,denoise,7,activation,self,1465,52740000,512750,0.009722222222222222
,,expert.layers.10.self_attn.v_proj,denoise,7,output,self,1465,23440000,219750,0.009375
,,expert.layers.10.self_attn.v_proj,denoise,7,weight_runtime_mask,self,1465,337536000,6778753,0.02008305188187334
,,expert.layers.10.self_attn.v_proj,denoise,8,activation,self,1465,52740000,512750,0.009722222222222222
,,expert.layers.10.self_attn.v_proj,denoise,8,output,self,1465,23440000,219750,0.009375
,,expert.layers.10.self_attn.v_proj,denoise,8,weight_runtime_mask,self,1465,337536000,6777666,0.02007983148464164
,,expert.layers.10.self_attn.v_proj,denoise,9,activation,self,1465,52740000,512750,0.009722222222222222
,,expert.layers.10.self_attn.v_proj,denoise,9,output,self,1465,23440000,219750,0.009375
,,expert.layers.10.self_attn.v_proj,denoise,9,weight_runtime_mask,self,1465,337536000,6775459,0.020073292922828972
,,expert.layers.11.mlp.down_proj,denoise,0,activation,unknown,1465,150016000,1465000,0.009765625
,,expert.layers.11.mlp.down_proj,denoise,0,output,unknown,1465,52740000,512750,0.009722222222222222
,,expert.layers.11.mlp.down_proj,denoise,0,weight_runtime_mask,unknown,1465,2160230400,42647794,0.019742243234795696
,,expert.layers.11.mlp.down_proj,denoise,1,activation,unknown,1465,150016000,1465000,0.009765625
,,expert.layers.11.mlp.down_proj,denoise,1,output,unknown,1465,52740000,512750,0.009722222222222222
,,expert.layers.11.mlp.down_proj,denoise,1,weight_runtime_mask,unknown,1465,2160230400,42648467,0.019742554775638747
,,expert.layers.11.mlp.down_proj,denoise,2,activation,unknown,1465,150016000,1465000,0.009765625
,,expert.layers.11.mlp.down_proj,denoise,2,output,unknown,1465,52740000,512750,0.009722222222222222
,,expert.layers.11.mlp.down_proj,denoise,2,weight_runtime_mask,unknown,1465,2160230400,42648464,0.01974255338689799
,,expert.layers.11.mlp.down_proj,denoise,3,activation,unknown,1465,150016000,1465000,0.009765625
,,expert.layers.11.mlp.down_proj,denoise,3,output,unknown,1465,52740000,512750,0.009722222222222222
,,expert.layers.11.mlp.down_proj,denoise,3,weight_runtime_mask,unknown,1465,2160230400,42649164,0.01974287742640785
,,expert.layers.11.mlp.down_proj,denoise,4,activation,unknown,1465,150016000,1465000,0.009765625
,,expert.layers.11.mlp.down_proj,denoise,4,output,unknown,1465,52740000,512750,0.009722222222222222
,,expert.layers.11.mlp.down_proj,denoise,4,weight_runtime_mask,unknown,1465,2160230400,42649489,0.019743027873323143
,,expert.layers.11.mlp.down_proj,denoise,5,activation,unknown,1465,150016000,1465000,0.009765625
,,expert.layers.11.mlp.down_proj,denoise,5,output,unknown,1465,52740000,512750,0.009722222222222222
,,expert.layers.11.mlp.down_proj,denoise,5,weight_runtime_mask,unknown,1465,2160230400,42649996,0.019743262570510997
,,expert.layers.11.mlp.down_proj,denoise,6,activation,unknown,1465,150016000,1465000,0.009765625
,,expert.layers.11.mlp.down_proj,denoise,6,output,unknown,1465,52740000,512750,0.009722222222222222
,,expert.layers.11.mlp.down_proj,denoise,6,weight_runtime_mask,unknown,1465,2160230400,42650243,0.01974337691016662
,,expert.layers.11.mlp.down_proj,denoise,7,activation,unknown,1465,150016000,1465000,0.009765625
,,expert.layers.11.mlp.down_proj,denoise,7,output,unknown,1465,52740000,512750,0.009722222222222222
,,expert.layers.11.mlp.down_proj,denoise,7,weight_runtime_mask,unknown,1465,2160230400,42649801,0.019743172302361823
,,expert.layers.11.mlp.down_proj,denoise,8,activation,unknown,1465,150016000,1465000,0.009765625
,,expert.layers.11.mlp.down_proj,denoise,8,output,unknown,1465,52740000,512750,0.009722222222222222
,,expert.layers.11.mlp.down_proj,denoise,8,weight_runtime_mask,unknown,1465,2160230400,42647682,0.019742191388474117
,,expert.layers.11.mlp.down_proj,denoise,9,activation,unknown,1465,150016000,1465000,0.009765625
,,expert.layers.11.mlp.down_proj,denoise,9,output,unknown,1465,52740000,512750,0.009722222222222222
,,expert.layers.11.mlp.down_proj,denoise,9,weight_runtime_mask,unknown,1465,2160230400,42643700,0.019740348066576603
,,expert.layers.11.mlp.gate_proj,denoise,0,activation,unknown,1465,52740000,512750,0.009722222222222222
,,expert.layers.11.mlp.gate_proj,denoise,0,output,unknown,1465,150016000,1465000,0.009765625
,,expert.layers.11.mlp.gate_proj,denoise,0,weight_runtime_mask,unknown,1465,2160230400,43411514,0.020095779598324325
,,expert.layers.11.mlp.gate_proj,denoise,1,activation,unknown,1465,52740000,512750,0.009722222222222222
,,expert.layers.11.mlp.gate_proj,denoise,1,output,unknown,1465,150016000,1465000,0.009765625
,,expert.layers.11.mlp.gate_proj,denoise,1,weight_runtime_mask,unknown,1465,2160230400,43407739,0.020094032099539014
,,expert.layers.11.mlp.gate_proj,denoise,2,activation,unknown,1465,52740000,512750,0.009722222222222222
,,expert.layers.11.mlp.gate_proj,denoise,2,output,unknown,1465,150016000,1465000,0.009765625
,,expert.layers.11.mlp.gate_proj,denoise,2,weight_runtime_mask,unknown,1465,2160230400,43406201,0.020093320138444493
,,expert.layers.11.mlp.gate_proj,denoise,3,activation,unknown,1465,52740000,512750,0.009722222222222222
,,expert.layers.11.mlp.gate_proj,denoise,3,output,unknown,1465,150016000,1465000,0.009765625
,,expert.layers.11.mlp.gate_proj,denoise,3,weight_runtime_mask,unknown,1465,2160230400,43405241,0.020092875741402397
,,expert.layers.11.mlp.gate_proj,denoise,4,activation,unknown,1465,52740000,512750,0.009722222222222222
,,expert.layers.11.mlp.gate_proj,denoise,4,output,unknown,1465,150016000,1465000,0.009765625
,,expert.layers.11.mlp.gate_proj,denoise,4,weight_runtime_mask,unknown,1465,2160230400,43405765,0.02009311830812121
,,expert.layers.11.mlp.gate_proj,denoise,5,activation,unknown,1465,52740000,512750,0.009722222222222222
,,expert.layers.11.mlp.gate_proj,denoise,5,output,unknown,1465,150016000,1465000,0.009765625
,,expert.layers.11.mlp.gate_proj,denoise,5,weight_runtime_mask,unknown,1465,2160230400,43406416,0.020093419664865376
,,expert.layers.11.mlp.gate_proj,denoise,6,activation,unknown,1465,52740000,512750,0.009722222222222222
,,expert.layers.11.mlp.gate_proj,denoise,6,output,unknown,1465,150016000,1465000,0.009765625
,,expert.layers.11.mlp.gate_proj,denoise,6,weight_runtime_mask,unknown,1465,2160230400,43406965,0.020093673804423826
,,expert.layers.11.mlp.gate_proj,denoise,7,activation,unknown,1465,52740000,512750,0.009722222222222222
,,expert.layers.11.mlp.gate_proj,denoise,7,output,unknown,1465,150016000,1465000,0.009765625
,,expert.layers.11.mlp.gate_proj,denoise,7,weight_runtime_mask,unknown,1465,2160230400,43409822,0.020094996348537637
,,expert.layers.11.mlp.gate_proj,denoise,8,activation,unknown,1465,52740000,512750,0.009722222222222222
,,expert.layers.11.mlp.gate_proj,denoise,8,output,unknown,1465,150016000,1465000,0.009765625
,,expert.layers.11.mlp.gate_proj,denoise,8,weight_runtime_mask,unknown,1465,2160230400,43411775,0.020095900418770147
,,expert.layers.11.mlp.gate_proj,denoise,9,activation,unknown,1465,52740000,512750,0.009722222222222222
,,expert.layers.11.mlp.gate_proj,denoise,9,output,unknown,1465,150016000,1465000,0.009765625
,,expert.layers.11.mlp.gate_proj,denoise,9,weight_runtime_mask,unknown,1465,2160230400,43414914,0.020097353504515074
,,expert.layers.11.mlp.up_proj,denoise,0,activation,unknown,1465,52740000,512750,0.009722222222222222
,,expert.layers.11.mlp.up_proj,denoise,0,output,unknown,1465,150016000,1465000,0.009765625
,,expert.layers.11.mlp.up_proj,denoise,0,weight_runtime_mask,unknown,1465,2160230400,42653659,0.019744958222974736
,,expert.layers.11.mlp.up_proj,denoise,1,activation,unknown,1465,52740000,512750,0.009722222222222222
,,expert.layers.11.mlp.up_proj,denoise,1,output,unknown,1465,150016000,1465000,0.009765625
,,expert.layers.11.mlp.up_proj,denoise,1,weight_runtime_mask,unknown,1465,2160230400,42654448,0.019745323461793706
,,expert.layers.11.mlp.up_proj,denoise,2,activation,unknown,1465,52740000,512750,0.009722222222222222
,,expert.layers.11.mlp.up_proj,denoise,2,output,unknown,1465,150016000,1465000,0.009765625
,,expert.layers.11.mlp.up_proj,denoise,2,weight_runtime_mask,unknown,1465,2160230400,42654060,0.019745143851322526
,,expert.layers.11.mlp.up_proj,denoise,3,activation,unknown,1465,52740000,512750,0.009722222222222222
,,expert.layers.11.mlp.up_proj,denoise,3,output,unknown,1465,150016000,1465000,0.009765625
,,expert.layers.11.mlp.up_proj,denoise,3,weight_runtime_mask,unknown,1465,2160230400,42655028,0.019745591951673302
,,expert.layers.11.mlp.up_proj,denoise,4,activation,unknown,1465,52740000,512750,0.009722222222222222
,,expert.layers.11.mlp.up_proj,denoise,4,output,unknown,1465,150016000,1465000,0.009765625
,,expert.layers.11.mlp.up_proj,denoise,4,weight_runtime_mask,unknown,1465,2160230400,42656687,0.01974635992531167
,,expert.layers.11.mlp.up_proj,denoise,5,activation,unknown,1465,52740000,512750,0.009722222222222222
,,expert.layers.11.mlp.up_proj,denoise,5,output,unknown,1465,150016000,1465000,0.009765625
,,expert.layers.11.mlp.up_proj,denoise,5,weight_runtime_mask,unknown,1465,2160230400,42658715,0.019747298714063093
,,expert.layers.11.mlp.up_proj,denoise,6,activation,unknown,1465,52740000,512750,0.009722222222222222
,,expert.layers.11.mlp.up_proj,denoise,6,output,unknown,1465,150016000,1465000,0.009765625
,,expert.layers.11.mlp.up_proj,denoise,6,weight_runtime_mask,unknown,1465,2160230400,42660540,0.019748143531356656
,,expert.layers.11.mlp.up_proj,denoise,7,activation,unknown,1465,52740000,512750,0.009722222222222222
,,expert.layers.11.mlp.up_proj,denoise,7,output,unknown,1465,150016000,1465000,0.009765625
,,expert.layers.11.mlp.up_proj,denoise,7,weight_runtime_mask,unknown,1465,2160230400,42661575,0.019748622646917662
,,expert.layers.11.mlp.up_proj,denoise,8,activation,unknown,1465,52740000,512750,0.009722222222222222
,,expert.layers.11.mlp.up_proj,denoise,8,output,unknown,1465,150016000,1465000,0.009765625
,,expert.layers.11.mlp.up_proj,denoise,8,weight_runtime_mask,unknown,1465,2160230400,42661103,0.0197484041517053
,,expert.layers.11.mlp.up_proj,denoise,9,activation,unknown,1465,52740000,512750,0.009722222222222222
,,expert.layers.11.mlp.up_proj,denoise,9,output,unknown,1465,150016000,1465000,0.009765625
,,expert.layers.11.mlp.up_proj,denoise,9,weight_runtime_mask,unknown,1465,2160230400,42658273,0.019747094106258297
,,expert.layers.11.self_attn.k_proj,denoise,0,activation,cross,1465,82977600,777915,0.009375
,,expert.layers.11.self_attn.k_proj,denoise,0,output,cross,1465,82977600,777915,0.009375
,,expert.layers.11.self_attn.k_proj,denoise,0,weight_runtime_mask,cross,1465,150016000,2893375,0.019287109375
,,expert.layers.11.self_attn.k_proj,denoise,1,activation,cross,1465,82977600,777915,0.009375
,,expert.layers.11.self_attn.k_proj,denoise,1,output,cross,1465,82977600,777915,0.009375
,,expert.layers.11.self_attn.k_proj,denoise,1,weight_runtime_mask,cross,1465,150016000,2893375,0.019287109375
,,expert.layers.11.self_attn.k_proj,denoise,2,activation,cross,1465,82977600,777915,0.009375
,,expert.layers.11.self_attn.k_proj,denoise,2,output,cross,1465,82977600,777915,0.009375
,,expert.layers.11.self_attn.k_proj,denoise,2,weight_runtime_mask,cross,1465,150016000,2893375,0.019287109375
,,expert.layers.11.self_attn.k_proj,denoise,3,activation,cross,1465,82977600,777915,0.009375
,,expert.layers.11.self_attn.k_proj,denoise,3,output,cross,1465,82977600,777915,0.009375
,,expert.layers.11.self_attn.k_proj,denoise,3,weight_runtime_mask,cross,1465,150016000,2893375,0.019287109375
,,expert.layers.11.self_attn.k_proj,denoise,4,activation,cross,1465,82977600,777915,0.009375
,,expert.layers.11.self_attn.k_proj,denoise,4,output,cross,1465,82977600,777915,0.009375
,,expert.layers.11.self_attn.k_proj,denoise,4,weight_runtime_mask,cross,1465,150016000,2893375,0.019287109375
,,expert.layers.11.self_attn.k_proj,denoise,5,activation,cross,1465,82977600,777915,0.009375
,,expert.layers.11.self_attn.k_proj,denoise,5,output,cross,1465,82977600,777915,0.009375
,,expert.layers.11.self_attn.k_proj,denoise,5,weight_runtime_mask,cross,1465,150016000,2893375,0.019287109375
,,expert.layers.11.self_attn.k_proj,denoise,6,activation,cross,1465,82977600,777915,0.009375
,,expert.layers.11.self_attn.k_proj,denoise,6,output,cross,1465,82977600,777915,0.009375
,,expert.layers.11.self_attn.k_proj,denoise,6,weight_runtime_mask,cross,1465,150016000,2893375,0.019287109375
,,expert.layers.11.self_attn.k_proj,denoise,7,activation,cross,1465,82977600,777915,0.009375
,,expert.layers.11.self_attn.k_proj,denoise,7,output,cross,1465,82977600,777915,0.009375
,,expert.layers.11.self_attn.k_proj,denoise,7,weight_runtime_mask,cross,1465,150016000,2893375,0.019287109375
,,expert.layers.11.self_attn.k_proj,denoise,8,activation,cross,1465,82977600,777915,0.009375
,,expert.layers.11.self_attn.k_proj,denoise,8,output,cross,1465,82977600,777915,0.009375
,,expert.layers.11.self_attn.k_proj,denoise,8,weight_runtime_mask,cross,1465,150016000,2893375,0.019287109375
,,expert.layers.11.self_attn.k_proj,denoise,9,activation,cross,1465,82977600,777915,0.009375
,,expert.layers.11.self_attn.k_proj,denoise,9,output,cross,1465,82977600,777915,0.009375
,,expert.layers.11.self_attn.k_proj,denoise,9,weight_runtime_mask,cross,1465,150016000,2893375,0.019287109375
,,expert.layers.11.self_attn.o_proj,denoise,0,activation,unknown,1465,70320000,659250,0.009375
,,expert.layers.11.self_attn.o_proj,denoise,0,output,unknown,1465,52740000,512750,0.009722222222222222
,,expert.layers.11.self_attn.o_proj,denoise,0,weight_runtime_mask,unknown,1465,1012608000,19778757,0.019532491349070914
,,expert.layers.11.self_attn.o_proj,denoise,1,activation,unknown,1465,70320000,659250,0.009375
,,expert.layers.11.self_attn.o_proj,denoise,1,output,unknown,1465,52740000,512750,0.009722222222222222
,,expert.layers.11.self_attn.o_proj,denoise,1,weight_runtime_mask,unknown,1465,1012608000,19778883,0.0195326157802427
,,expert.layers.11.self_attn.o_proj,denoise,2,activation,unknown,1465,70320000,659250,0.009375
,,expert.layers.11.self_attn.o_proj,denoise,2,output,unknown,1465,52740000,512750,0.009722222222222222
,,expert.layers.11.self_attn.o_proj,denoise,2,weight_runtime_mask,unknown,1465,1012608000,19779097,0.01953282711572494
,,expert.layers.11.self_attn.o_proj,denoise,3,activation,unknown,1465,70320000,659250,0.009375
,,expert.layers.11.self_attn.o_proj,denoise,3,output,unknown,1465,52740000,512750,0.009722222222222222
,,expert.layers.11.self_attn.o_proj,denoise,3,weight_runtime_mask,unknown,1465,1012608000,19779335,0.01953306215238276
,,expert.layers.11.self_attn.o_proj,denoise,4,activation,unknown,1465,70320000,659250,0.009375
,,expert.layers.11.self_attn.o_proj,denoise,4,output,unknown,1465,52740000,512750,0.009722222222222222
,,expert.layers.11.self_attn.o_proj,denoise,4,weight_runtime_mask,unknown,1465,1012608000,19779462,0.019533187571103526
,,expert.layers.11.self_attn.o_proj,denoise,5,activation,unknown,1465,70320000,659250,0.009375
,,expert.layers.11.self_attn.o_proj,denoise,5,output,unknown,1465,52740000,512750,0.009722222222222222
,,expert.layers.11.self_attn.o_proj,denoise,5,weight_runtime_mask,unknown,1465,1012608000,19779908,0.01953362801794969
,,expert.layers.11.self_attn.o_proj,denoise,6,activation,unknown,1465,70320000,659250,0.009375
,,expert.layers.11.self_attn.o_proj,denoise,6,output,unknown,1465,52740000,512750,0.009722222222222222
,,expert.layers.11.self_attn.o_proj,denoise,6,weight_runtime_mask,unknown,1465,1012608000,19780153,0.019533869967450386
,,expert.layers.11.self_attn.o_proj,denoise,7,activation,unknown,1465,70320000,659250,0.009375
,,expert.layers.11.self_attn.o_proj,denoise,7,output,unknown,1465,52740000,512750,0.009722222222222222
,,expert.layers.11.self_attn.o_proj,denoise,7,weight_runtime_mask,unknown,1465,1012608000,19779622,0.019533345578940715
,,expert.layers.11.self_attn.o_proj,denoise,8,activation,unknown,1465,70320000,659250,0.009375
,,expert.layers.11.self_attn.o_proj,denoise,8,output,unknown,1465,52740000,512750,0.009722222222222222
,,expert.layers.11.self_attn.o_proj,denoise,8,weight_runtime_mask,unknown,1465,1012608000,19778769,0.019532503199658702
,,expert.layers.11.self_attn.o_proj,denoise,9,activation,unknown,1465,70320000,659250,0.009375
,,expert.layers.11.self_attn.o_proj,denoise,9,output,unknown,1465,52740000,512750,0.009722222222222222
,,expert.layers.11.self_attn.o_proj,denoise,9,weight_runtime_mask,unknown,1465,1012608000,19778163,0.01953190474497535
,,expert.layers.11.self_attn.q_proj,denoise,0,activation,cross,1465,52740000,512750,0.009722222222222222
,,expert.layers.11.self_attn.q_proj,denoise,0,output,cross,1465,70320000,659250,0.009375
,,expert.layers.11.self_attn.q_proj,denoise,0,weight_runtime_mask,cross,1465,1012608000,20073561,0.019823624739287067
,,expert.layers.11.self_attn.q_proj,denoise,1,activation,cross,1465,52740000,512750,0.009722222222222222
,,expert.layers.11.self_attn.q_proj,denoise,1,output,cross,1465,70320000,659250,0.009375
,,expert.layers.11.self_attn.q_proj,denoise,1,weight_runtime_mask,cross,1465,1012608000,20072800,0.01982287321451144
,,expert.layers.11.self_attn.q_proj,denoise,2,activation,cross,1465,52740000,512750,0.009722222222222222
,,expert.layers.11.self_attn.q_proj,denoise,2,output,cross,1465,70320000,659250,0.009375
,,expert.layers.11.self_attn.q_proj,denoise,2,weight_runtime_mask,cross,1465,1012608000,20073001,0.019823071711856908
,,expert.layers.11.self_attn.q_proj,denoise,3,activation,cross,1465,52740000,512750,0.009722222222222222
,,expert.layers.11.self_attn.q_proj,denoise,3,output,cross,1465,70320000,659250,0.009375
,,expert.layers.11.self_attn.q_proj,denoise,3,weight_runtime_mask,cross,1465,1012608000,20072892,0.019822964069017825
,,expert.layers.11.self_attn.q_proj,denoise,4,activation,cross,1465,52740000,512750,0.009722222222222222
,,expert.layers.11.self_attn.q_proj,denoise,4,output,cross,1465,70320000,659250,0.009375
,,expert.layers.11.self_attn.q_proj,denoise,4,weight_runtime_mask,cross,1465,1012608000,20073775,0.01982383607476931
,,expert.layers.11.self_attn.q_proj,denoise,5,activation,cross,1465,52740000,512750,0.009722222222222222
,,expert.layers.11.self_attn.q_proj,denoise,5,output,cross,1465,70320000,659250,0.009375
,,expert.layers.11.self_attn.q_proj,denoise,5,weight_runtime_mask,cross,1465,1012608000,20074419,0.019824472056313994
,,expert.layers.11.self_attn.q_proj,denoise,6,activation,cross,1465,52740000,512750,0.009722222222222222
,,expert.layers.11.self_attn.q_proj,denoise,6,output,cross,1465,70320000,659250,0.009375
,,expert.layers.11.self_attn.q_proj,denoise,6,weight_runtime_mask,cross,1465,1012608000,20075606,0.01982564427695614
,,expert.layers.11.self_attn.q_proj,denoise,7,activation,cross,1465,52740000,512750,0.009722222222222222
,,expert.layers.11.self_attn.q_proj,denoise,7,output,cross,1465,70320000,659250,0.009375
,,expert.layers.11.self_attn.q_proj,denoise,7,weight_runtime_mask,cross,1465,1012608000,20077231,0.019827249044052586
,,expert.layers.11.self_attn.q_proj,denoise,8,activation,cross,1465,52740000,512750,0.009722222222222222
,,expert.layers.11.self_attn.q_proj,denoise,8,output,cross,1465,70320000,659250,0.009375
,,expert.layers.11.self_attn.q_proj,denoise,8,weight_runtime_mask,cross,1465,1012608000,20079023,0.019829018731829098
,,expert.layers.11.self_attn.q_proj,denoise,9,activation,cross,1465,52740000,512750,0.009722222222222222
,,expert.layers.11.self_attn.q_proj,denoise,9,output,cross,1465,70320000,659250,0.009375
,,expert.layers.11.self_attn.q_proj,denoise,9,weight_runtime_mask,cross,1465,1012608000,20079310,0.019829302158387057
,,expert.layers.11.self_attn.v_proj,denoise,0,activation,cross,1465,82977600,777915,0.009375
,,expert.layers.11.self_attn.v_proj,denoise,0,output,cross,1465,82977600,777915,0.009375
,,expert.layers.11.self_attn.v_proj,denoise,0,weight_runtime_mask,cross,1465,150016000,2902617,0.01934871613694539
,,expert.layers.11.self_attn.v_proj,denoise,1,activation,cross,1465,82977600,777915,0.009375
,,expert.layers.11.self_attn.v_proj,denoise,1,output,cross,1465,82977600,777915,0.009375
,,expert.layers.11.self_attn.v_proj,denoise,1,weight_runtime_mask,cross,1465,150016000,2902617,0.01934871613694539
,,expert.layers.11.self_attn.v_proj,denoise,2,activation,cross,1465,82977600,777915,0.009375
,,expert.layers.11.self_attn.v_proj,denoise,2,output,cross,1465,82977600,777915,0.009375
,,expert.layers.11.self_attn.v_proj,denoise,2,weight_runtime_mask,cross,1465,150016000,2902617,0.01934871613694539
,,expert.layers.11.self_attn.v_proj,denoise,3,activation,cross,1465,82977600,777915,0.009375
,,expert.layers.11.self_attn.v_proj,denoise,3,output,cross,1465,82977600,777915,0.009375
,,expert.layers.11.self_attn.v_proj,denoise,3,weight_runtime_mask,cross,1465,150016000,2902617,0.01934871613694539
,,expert.layers.11.self_attn.v_proj,denoise,4,activation,cross,1465,82977600,777915,0.009375
,,expert.layers.11.self_attn.v_proj,denoise,4,output,cross,1465,82977600,777915,0.009375
,,expert.layers.11.self_attn.v_proj,denoise,4,weight_runtime_mask,cross,1465,150016000,2902617,0.01934871613694539
,,expert.layers.11.self_attn.v_proj,denoise,5,activation,cross,1465,82977600,777915,0.009375
,,expert.layers.11.self_attn.v_proj,denoise,5,output,cross,1465,82977600,777915,0.009375
,,expert.layers.11.self_attn.v_proj,denoise,5,weight_runtime_mask,cross,1465,150016000,2902617,0.01934871613694539
,,expert.layers.11.self_attn.v_proj,denoise,6,activation,cross,1465,82977600,777915,0.009375
,,expert.layers.11.self_attn.v_proj,denoise,6,output,cross,1465,82977600,777915,0.009375
,,expert.layers.11.self_attn.v_proj,denoise,6,weight_runtime_mask,cross,1465,150016000,2902617,0.01934871613694539
,,expert.layers.11.self_attn.v_proj,denoise,7,activation,cross,1465,82977600,777915,0.009375
,,expert.layers.11.self_attn.v_proj,denoise,7,output,cross,1465,82977600,777915,0.009375
,,expert.layers.11.self_attn.v_proj,denoise,7,weight_runtime_mask,cross,1465,150016000,2902617,0.01934871613694539
,,expert.layers.11.self_attn.v_proj,denoise,8,activation,cross,1465,82977600,777915,0.009375
,,expert.layers.11.self_attn.v_proj,denoise,8,output,cross,1465,82977600,777915,0.009375
,,expert.layers.11.self_attn.v_proj,denoise,8,weight_runtime_mask,cross,1465,150016000,2902617,0.01934871613694539
,,expert.layers.11.self_attn.v_proj,denoise,9,activation,cross,1465,82977600,777915,0.009375
,,expert.layers.11.self_attn.v_proj,denoise,9,output,cross,1465,82977600,777915,0.009375
,,expert.layers.11.self_attn.v_proj,denoise,9,weight_runtime_mask,cross,1465,150016000,2902617,0.01934871613694539
,,expert.layers.12.mlp.down_proj,denoise,0,activation,unknown,1465,150016000,1465000,0.009765625
,,expert.layers.12.mlp.down_proj,denoise,0,output,unknown,1465,52740000,512750,0.009722222222222222
,,expert.layers.12.mlp.down_proj,denoise,0,weight_runtime_mask,unknown,1465,2160230400,42717352,0.019774442577976867
,,expert.layers.12.mlp.down_proj,denoise,1,activation,unknown,1465,150016000,1465000,0.009765625
,,expert.layers.12.mlp.down_proj,denoise,1,output,unknown,1465,52740000,512750,0.009722222222222222
,,expert.layers.12.mlp.down_proj,denoise,1,weight_runtime_mask,unknown,1465,2160230400,42717495,0.019774508774619597
,,expert.layers.12.mlp.down_proj,denoise,2,activation,unknown,1465,150016000,1465000,0.009765625
,,expert.layers.12.mlp.down_proj,denoise,2,output,unknown,1465,52740000,512750,0.009722222222222222
,,expert.layers.12.mlp.down_proj,denoise,2,weight_runtime_mask,unknown,1465,2160230400,42719418,0.01977539895744454
,,expert.layers.12.mlp.down_proj,denoise,3,activation,unknown,1465,150016000,1465000,0.009765625
,,expert.layers.12.mlp.down_proj,denoise,3,output,unknown,1465,52740000,512750,0.009722222222222222
,,expert.layers.12.mlp.down_proj,denoise,3,weight_runtime_mask,unknown,1465,2160230400,42720440,0.019775872055128936
,,expert.layers.12.mlp.down_proj,denoise,4,activation,unknown,1465,150016000,1465000,0.009765625
,,expert.layers.12.mlp.down_proj,denoise,4,output,unknown,1465,52740000,512750,0.009722222222222222
,,expert.layers.12.mlp.down_proj,denoise,4,weight_runtime_mask,unknown,1465,2160230400,42721442,0.01977633589454162
,,expert.layers.12.mlp.down_proj,denoise,5,activation,unknown,1465,150016000,1465000,0.009765625
,,expert.layers.12.mlp.down_proj,denoise,5,output,unknown,1465,52740000,512750,0.009722222222222222
,,expert.layers.12.mlp.down_proj,denoise,5,weight_runtime_mask,unknown,1465,2160230400,42722527,0.019776838155781903
,,expert.layers.12.mlp.down_proj,denoise,6,activation,unknown,1465,150016000,1465000,0.009765625
,,expert.layers.12.mlp.down_proj,denoise,6,output,unknown,1465,52740000,512750,0.009722222222222222
,,expert.layers.12.mlp.down_proj,denoise,6,weight_runtime_mask,unknown,1465,2160230400,42723748,0.019777403373269813
,,expert.layers.12.mlp.down_proj,denoise,7,activation,unknown,1465,150016000,1465000,0.009765625
,,expert.layers.12.mlp.down_proj,denoise,7,output,unknown,1465,52740000,512750,0.009722222222222222
,,expert.layers.12.mlp.down_proj,denoise,7,weight_runtime_mask,unknown,1465,2160230400,42726153,0.019778516680442976
,,expert.layers.12.mlp.down_proj,denoise,8,activation,unknown,1465,150016000,1465000,0.009765625
,,expert.layers.12.mlp.down_proj,denoise,8,output,unknown,1465,52740000,512750,0.009722222222222222
,,expert.layers.12.mlp.down_proj,denoise,8,weight_runtime_mask,unknown,1465,2160230400,42729995,0.01978029519443852
,,expert.layers.12.mlp.down_proj,denoise,9,activation,unknown,1465,150016000,1465000,0.009765625
,,expert.layers.12.mlp.down_proj,denoise,9,output,unknown,1465,52740000,512750,0.009722222222222222
,,expert.layers.12.mlp.down_proj,denoise,9,weight_runtime_mask,unknown,1465,2160230400,42732545,0.019781475624081578
,,expert.layers.12.mlp.gate_proj,denoise,0,activation,unknown,1465,52740000,512750,0.009722222222222222
,,expert.layers.12.mlp.gate_proj,denoise,0,output,unknown,1465,150016000,1465000,0.009765625
,,expert.layers.12.mlp.gate_proj,denoise,0,weight_runtime_mask,unknown,1465,2160230400,42718935,0.019775175370182738
,,expert.layers.12.mlp.gate_proj,denoise,1,activation,unknown,1465,52740000,512750,0.009722222222222222
,,expert.layers.12.mlp.gate_proj,denoise,1,output,unknown,1465,150016000,1465000,0.009765625
,,expert.layers.12.mlp.gate_proj,denoise,1,weight_runtime_mask,unknown,1465,2160230400,42715103,0.01977340148532305
,,expert.layers.12.mlp.gate_proj,denoise,2,activation,unknown,1465,52740000,512750,0.009722222222222222
,,expert.layers.12.mlp.gate_proj,denoise,2,output,unknown,1465,150016000,1465000,0.009765625
,,expert.layers.12.mlp.gate_proj,denoise,2,weight_runtime_mask,unknown,1465,2160230400,42712318,0.01977211227098739
,,expert.layers.12.mlp.gate_proj,denoise,3,activation,unknown,1465,52740000,512750,0.009722222222222222
,,expert.layers.12.mlp.gate_proj,denoise,3,output,unknown,1465,150016000,1465000,0.009765625
,,expert.layers.12.mlp.gate_proj,denoise,3,weight_runtime_mask,unknown,1465,2160230400,42710278,0.01977116792727294
,,expert.layers.12.mlp.gate_proj,denoise,4,activation,unknown,1465,52740000,512750,0.009722222222222222
,,expert.layers.12.mlp.gate_proj,denoise,4,output,unknown,1465,150016000,1465000,0.009765625
,,expert.layers.12.mlp.gate_proj,denoise,4,weight_runtime_mask,unknown,1465,2160230400,42708896,0.01977052818069776
,,expert.layers.12.mlp.gate_proj,denoise,5,activation,unknown,1465,52740000,512750,0.009722222222222222
,,expert.layers.12.mlp.gate_proj,denoise,5,output,unknown,1465,150016000,1465000,0.009765625
,,expert.layers.12.mlp.gate_proj,denoise,5,weight_runtime_mask,unknown,1465,2160230400,42708253,0.01977023052726228
,,expert.layers.12.mlp.gate_proj,denoise,6,activation,unknown,1465,52740000,512750,0.009722222222222222
,,expert.layers.12.mlp.gate_proj,denoise,6,output,unknown,1465,150016000,1465000,0.009765625
,,expert.layers.12.mlp.gate_proj,denoise,6,weight_runtime_mask,unknown,1465,2160230400,42708187,0.019770199974965635
,,expert.layers.12.mlp.gate_proj,denoise,7,activation,unknown,1465,52740000,512750,0.009722222222222222
,,expert.layers.12.mlp.gate_proj,denoise,7,output,unknown,1465,150016000,1465000,0.009765625
,,expert.layers.12.mlp.gate_proj,denoise,7,weight_runtime_mask,unknown,1465,2160230400,42708415,0.01977030551926313
,,expert.layers.12.mlp.gate_proj,denoise,8,activation,unknown,1465,52740000,512750,0.009722222222222222
,,expert.layers.12.mlp.gate_proj,denoise,8,output,unknown,1465,150016000,1465000,0.009765625
,,expert.layers.12.mlp.gate_proj,denoise,8,weight_runtime_mask,unknown,1465,2160230400,42709459,0.019770788801046407
,,expert.layers.12.mlp.gate_proj,denoise,9,activation,unknown,1465,52740000,512750,0.009722222222222222
,,expert.layers.12.mlp.gate_proj,denoise,9,output,unknown,1465,150016000,1465000,0.009765625
,,expert.layers.12.mlp.gate_proj,denoise,9,weight_runtime_mask,unknown,1465,2160230400,42710438,0.019771241993446625
,,expert.layers.12.mlp.up_proj,denoise,0,activation,unknown,1465,52740000,512750,0.009722222222222222
,,expert.layers.12.mlp.up_proj,denoise,0,output,unknown,1465,150016000,1465000,0.009765625
,,expert.layers.12.mlp.up_proj,denoise,0,weight_runtime_mask,unknown,1465,2160230400,42480767,0.019664924167348077
,,expert.layers.12.mlp.up_proj,denoise,1,activation,unknown,1465,52740000,512750,0.009722222222222222
,,expert.layers.12.mlp.up_proj,denoise,1,output,unknown,1465,150016000,1465000,0.009765625
,,expert.layers.12.mlp.up_proj,denoise,1,weight_runtime_mask,unknown,1465,2160230400,42483748,0.01966630411274649
,,expert.layers.12.mlp.up_proj,denoise,2,activation,unknown,1465,52740000,512750,0.009722222222222222
,,expert.layers.12.mlp.up_proj,denoise,2,output,unknown,1465,150016000,1465000,0.009765625
,,expert.layers.12.mlp.up_proj,denoise,2,weight_runtime_mask,unknown,1465,2160230400,42484904,0.019666839240851348
,,expert.layers.12.mlp.up_proj,denoise,3,activation,unknown,1465,52740000,512750,0.009722222222222222
,,expert.layers.12.mlp.up_proj,denoise,3,output,unknown,1465,150016000,1465000,0.009765625
,,expert.layers.12.mlp.up_proj,denoise,3,weight_runtime_mask,unknown,1465,2160230400,42485812,0.019667259566386992
,,expert.layers.12.mlp.up_proj,denoise,4,activation,unknown,1465,52740000,512750,0.009722222222222222
,,expert.layers.12.mlp.up_proj,denoise,4,output,unknown,1465,150016000,1465000,0.009765625
,,expert.layers.12.mlp.up_proj,denoise,4,weight_runtime_mask,unknown,1465,2160230400,42486464,0.01966756138604475
,,expert.layers.12.mlp.up_proj,denoise,5,activation,unknown,1465,52740000,512750,0.009722222222222222
,,expert.layers.12.mlp.up_proj,denoise,5,output,unknown,1465,150016000,1465000,0.009765625
,,expert.layers.12.mlp.up_proj,denoise,5,weight_runtime_mask,unknown,1465,2160230400,42487448,0.019668016893012893
,,expert.layers.12.mlp.up_proj,denoise,6,activation,unknown,1465,52740000,512750,0.009722222222222222
,,expert.layers.12.mlp.up_proj,denoise,6,output,unknown,1465,150016000,1465000,0.009765625
,,expert.layers.12.mlp.up_proj,denoise,6,weight_runtime_mask,unknown,1465,2160230400,42489042,0.0196687547772682
,,expert.layers.12.mlp.up_proj,denoise,7,activation,unknown,1465,52740000,512750,0.009722222222222222
,,expert.layers.12.mlp.up_proj,denoise,7,output,unknown,1465,150016000,1465000,0.009765625
,,expert.layers.12.mlp.up_proj,denoise,7,weight_runtime_mask,unknown,1465,2160230400,42490541,0.019669448684732888
,,expert.layers.12.mlp.up_proj,denoise,8,activation,unknown,1465,52740000,512750,0.009722222222222222
,,expert.layers.12.mlp.up_proj,denoise,8,output,unknown,1465,150016000,1465000,0.009765625
,,expert.layers.12.mlp.up_proj,denoise,8,weight_runtime_mask,unknown,1465,2160230400,42490041,0.01966921722794013
,,expert.layers.12.mlp.up_proj,denoise,9,activation,unknown,1465,52740000,512750,0.009722222222222222
,,expert.layers.12.mlp.up_proj,denoise,9,output,unknown,1465,150016000,1465000,0.009765625
,,expert.layers.12.mlp.up_proj,denoise,9,weight_runtime_mask,unknown,1465,2160230400,42483991,0.019666416600747774
,,expert.layers.12.self_attn.k_proj,denoise,0,activation,self,1465,52740000,512750,0.009722222222222222
,,expert.layers.12.self_attn.k_proj,denoise,0,output,self,1465,23440000,219750,0.009375
,,expert.layers.12.self_attn.k_proj,denoise,0,weight_runtime_mask,self,1465,337536000,6681262,0.01979422046833523
,,expert.layers.12.self_attn.k_proj,denoise,1,activation,self,1465,52740000,512750,0.009722222222222222
,,expert.layers.12.self_attn.k_proj,denoise,1,output,self,1465,23440000,219750,0.009375
,,expert.layers.12.self_attn.k_proj,denoise,1,weight_runtime_mask,self,1465,337536000,6681338,0.019794445629503225
,,expert.layers.12.self_attn.k_proj,denoise,2,activation,self,1465,52740000,512750,0.009722222222222222
,,expert.layers.12.self_attn.k_proj,denoise,2,output,self,1465,23440000,219750,0.009375
,,expert.layers.12.self_attn.k_proj,denoise,2,weight_runtime_mask,self,1465,337536000,6681540,0.019795044084186576
,,expert.layers.12.self_attn.k_proj,denoise,3,activation,self,1465,52740000,512750,0.009722222222222222
,,expert.layers.12.self_attn.k_proj,denoise,3,output,self,1465,23440000,219750,0.009375
,,expert.layers.12.self_attn.k_proj,denoise,3,weight_runtime_mask,self,1465,337536000,6682184,0.01979695202882063
,,expert.layers.12.self_attn.k_proj,denoise,4,activation,self,1465,52740000,512750,0.009722222222222222
,,expert.layers.12.self_attn.k_proj,denoise,4,output,self,1465,23440000,219750,0.009375
,,expert.layers.12.self_attn.k_proj,denoise,4,weight_runtime_mask,self,1465,337536000,6682681,0.019798424464353433
,,expert.layers.12.self_attn.k_proj,denoise,5,activation,self,1465,52740000,512750,0.009722222222222222
,,expert.layers.12.self_attn.k_proj,denoise,5,output,self,1465,23440000,219750,0.009375
,,expert.layers.12.self_attn.k_proj,denoise,5,weight_runtime_mask,self,1465,337536000,6683140,0.019799784319302238
,,expert.layers.12.self_attn.k_proj,denoise,6,activation,self,1465,52740000,512750,0.009722222222222222
,,expert.layers.12.self_attn.k_proj,denoise,6,output,self,1465,23440000,219750,0.009375
,,expert.layers.12.self_attn.k_proj,denoise,6,weight_runtime_mask,self,1465,337536000,6683840,0.01980185817216534
,,expert.layers.12.self_attn.k_proj,denoise,7,activation,self,1465,52740000,512750,0.009722222222222222
,,expert.layers.12.self_attn.k_proj,denoise,7,output,self,1465,23440000,219750,0.009375
,,expert.layers.12.self_attn.k_proj,denoise,7,weight_runtime_mask,self,1465,337536000,6684363,0.01980340763651877
,,expert.layers.12.self_attn.k_proj,denoise,8,activation,self,1465,52740000,512750,0.009722222222222222
,,expert.layers.12.self_attn.k_proj,denoise,8,output,self,1465,23440000,219750,0.009375
,,expert.layers.12.self_attn.k_proj,denoise,8,weight_runtime_mask,self,1465,337536000,6685071,0.019805505190557453
,,expert.layers.12.self_attn.k_proj,denoise,9,activation,self,1465,52740000,512750,0.009722222222222222
,,expert.layers.12.self_attn.k_proj,denoise,9,output,self,1465,23440000,219750,0.009375
,,expert.layers.12.self_attn.k_proj,denoise,9,weight_runtime_mask,self,1465,337536000,6686075,0.019808479688092528
,,expert.layers.12.self_attn.o_proj,denoise,0,activation,unknown,1465,70320000,659250,0.009375
,,expert.layers.12.self_attn.o_proj,denoise,0,output,unknown,1465,52740000,512750,0.009722222222222222
,,expert.layers.12.self_attn.o_proj,denoise,0,weight_runtime_mask,unknown,1465,1012608000,19592791,0.019348840815004424
,,expert.layers.12.self_attn.o_proj,denoise,1,activation,unknown,1465,70320000,659250,0.009375
,,expert.layers.12.self_attn.o_proj,denoise,1,output,unknown,1465,52740000,512750,0.009722222222222222
,,expert.layers.12.self_attn.o_proj,denoise,1,weight_runtime_mask,unknown,1465,1012608000,19592206,0.019348263098849704
,,expert.layers.12.self_attn.o_proj,denoise,2,activation,unknown,1465,70320000,659250,0.009375
,,expert.layers.12.self_attn.o_proj,denoise,2,output,unknown,1465,52740000,512750,0.009722222222222222
,,expert.layers.12.self_attn.o_proj,denoise,2,weight_runtime_mask,unknown,1465,1012608000,19591720,0.01934778315004424
,,expert.layers.12.self_attn.o_proj,denoise,3,activation,unknown,1465,70320000,659250,0.009375
,,expert.layers.12.self_attn.o_proj,denoise,3,output,unknown,1465,52740000,512750,0.009722222222222222
,,expert.layers.12.self_attn.o_proj,denoise,3,weight_runtime_mask,unknown,1465,1012608000,19591754,0.019347816726709644
,,expert.layers.12.self_attn.o_proj,denoise,4,activation,unknown,1465,70320000,659250,0.009375
,,expert.layers.12.self_attn.o_proj,denoise,4,output,unknown,1465,52740000,512750,0.009722222222222222
,,expert.layers.12.self_attn.o_proj,denoise,4,weight_runtime_mask,unknown,1465,1012608000,19591629,0.01934769328308684
,,expert.layers.12.self_attn.o_proj,denoise,5,activation,unknown,1465,70320000,659250,0.009375
,,expert.layers.12.self_attn.o_proj,denoise,5,output,unknown,1465,52740000,512750,0.009722222222222222
,,expert.layers.12.self_attn.o_proj,denoise,5,weight_runtime_mask,unknown,1465,1012608000,19591512,0.019347577739855897
,,expert.layers.12.self_attn.o_proj,denoise,6,activation,unknown,1465,70320000,659250,0.009375
,,expert.layers.12.self_attn.o_proj,denoise,6,output,unknown,1465,52740000,512750,0.009722222222222222
,,expert.layers.12.self_attn.o_proj,denoise,6,weight_runtime_mask,unknown,1465,1012608000,19591523,0.019347588602894705
,,expert.layers.12.self_attn.o_proj,denoise,7,activation,unknown,1465,70320000,659250,0.009375
,,expert.layers.12.self_attn.o_proj,denoise,7,output,unknown,1465,52740000,512750,0.009722222222222222
,,expert.layers.12.self_attn.o_proj,denoise,7,weight_runtime_mask,unknown,1465,1012608000,19591314,0.019347382205157377
,,expert.layers.12.self_attn.o_proj,denoise,8,activation,unknown,1465,70320000,659250,0.009375
,,expert.layers.12.self_attn.o_proj,denoise,8,output,unknown,1465,52740000,512750,0.009722222222222222
,,expert.layers.12.self_attn.o_proj,denoise,8,weight_runtime_mask,unknown,1465,1012608000,19591743,0.01934780586367084
,,expert.layers.12.self_attn.o_proj,denoise,9,activation,unknown,1465,70320000,659250,0.009375
,,expert.layers.12.self_attn.o_proj,denoise,9,output,unknown,1465,52740000,512750,0.009722222222222222
,,expert.layers.12.self_attn.o_proj,denoise,9,weight_runtime_mask,unknown,1465,1012608000,19591282,0.019347350603589938
,,expert.layers.12.self_attn.q_proj,denoise,0,activation,self,1465,52740000,512750,0.009722222222222222
,,expert.layers.12.self_attn.q_proj,denoise,0,output,self,1465,70320000,659250,0.009375
,,expert.layers.12.self_attn.q_proj,denoise,0,weight_runtime_mask,self,1465,1012608000,20378153,0.020124424258943244
,,expert.layers.12.self_attn.q_proj,denoise,1,activation,self,1465,52740000,512750,0.009722222222222222
,,expert.layers.12.self_attn.q_proj,denoise,1,output,self,1465,70320000,659250,0.009375
,,expert.layers.12.self_attn.q_proj,denoise,1,weight_runtime_mask,self,1465,1012608000,20377895,0.020124169471305776
,,expert.layers.12.self_attn.q_proj,denoise,2,activation,self,1465,52740000,512750,0.009722222222222222
,,expert.layers.12.self_attn.q_proj,denoise,2,output,self,1465,70320000,659250,0.009375
,,expert.layers.12.self_attn.q_proj,denoise,2,weight_runtime_mask,self,1465,1012608000,20377651,0.020123928509354065
,,expert.layers.12.self_attn.q_proj,denoise,3,activation,self,1465,52740000,512750,0.009722222222222222
,,expert.layers.12.self_attn.q_proj,denoise,3,output,self,1465,70320000,659250,0.009375
,,expert.layers.12.self_attn.q_proj,denoise,3,weight_runtime_mask,self,1465,1012608000,20377304,0.02012358582985716
,,expert.layers.12.self_attn.q_proj,denoise,4,activation,self,1465,52740000,512750,0.009722222222222222
,,expert.layers.12.self_attn.q_proj,denoise,4,output,self,1465,70320000,659250,0.009375
,,expert.layers.12.self_attn.q_proj,denoise,4,weight_runtime_mask,self,1465,1012608000,20377056,0.02012334091770952
,,expert.layers.12.self_attn.q_proj,denoise,5,activation,self,1465,52740000,512750,0.009722222222222222
,,expert.layers.12.self_attn.q_proj,denoise,5,output,self,1465,70320000,659250,0.009375
,,expert.layers.12.self_attn.q_proj,denoise,5,weight_runtime_mask,self,1465,1012608000,20376924,0.02012321056124384
,,expert.layers.12.self_attn.q_proj,denoise,6,activation,self,1465,52740000,512750,0.009722222222222222
,,expert.layers.12.self_attn.q_proj,denoise,6,output,self,1465,70320000,659250,0.009375
,,expert.layers.12.self_attn.q_proj,denoise,6,weight_runtime_mask,self,1465,1012608000,20376869,0.020123156246049805
,,expert.layers.12.self_attn.q_proj,denoise,7,activation,self,1465,52740000,512750,0.009722222222222222
,,expert.layers.12.self_attn.q_proj,denoise,7,output,self,1465,70320000,659250,0.009375
,,expert.layers.12.self_attn.q_proj,denoise,7,weight_runtime_mask,self,1465,1012608000,20376589,0.020122879732334724
,,expert.layers.12.self_attn.q_proj,denoise,8,activation,self,1465,52740000,512750,0.009722222222222222
,,expert.layers.12.self_attn.q_proj,denoise,8,output,self,1465,70320000,659250,0.009375
,,expert.layers.12.self_attn.q_proj,denoise,8,weight_runtime_mask,self,1465,1012608000,20376032,0.020122329667551512
,,expert.layers.12.self_attn.q_proj,denoise,9,activation,self,1465,52740000,512750,0.009722222222222222
,,expert.layers.12.self_attn.q_proj,denoise,9,output,self,1465,70320000,659250,0.009375
,,expert.layers.12.self_attn.q_proj,denoise,9,weight_runtime_mask,self,1465,1012608000,20375246,0.02012155345405132
,,expert.layers.12.self_attn.v_proj,denoise,0,activation,self,1465,52740000,512750,0.009722222222222222
,,expert.layers.12.self_attn.v_proj,denoise,0,output,self,1465,23440000,219750,0.009375
,,expert.layers.12.self_attn.v_proj,denoise,0,weight_runtime_mask,self,1465,337536000,6693879,0.01983160018486917
,,expert.layers.12.self_attn.v_proj,denoise,1,activation,self,1465,52740000,512750,0.009722222222222222
,,expert.layers.12.self_attn.v_proj,denoise,1,output,self,1465,23440000,219750,0.009375
,,expert.layers.12.self_attn.v_proj,denoise,1,weight_runtime_mask,self,1465,337536000,6694678,0.019833967339780052
,,expert.layers.12.self_attn.v_proj,denoise,2,activation,self,1465,52740000,512750,0.009722222222222222
,,expert.layers.12.self_attn.v_proj,denoise,2,output,self,1465,23440000,219750,0.009375
,,expert.layers.12.self_attn.v_proj,denoise,2,weight_runtime_mask,self,1465,337536000,6695627,0.01983677889173303
,,expert.layers.12.self_attn.v_proj,denoise,3,activation,self,1465,52740000,512750,0.009722222222222222
,,expert.layers.12.self_attn.v_proj,denoise,3,output,self,1465,23440000,219750,0.009375
,,expert.layers.12.self_attn.v_proj,denoise,3,weight_runtime_mask,self,1465,337536000,6696501,0.01983936824516496
,,expert.layers.12.self_attn.v_proj,denoise,4,activation,self,1465,52740000,512750,0.009722222222222222
,,expert.layers.12.self_attn.v_proj,denoise,4,output,self,1465,23440000,219750,0.009375
,,expert.layers.12.self_attn.v_proj,denoise,4,weight_runtime_mask,self,1465,337536000,6697651,0.019842775289154343
,,expert.layers.12.self_attn.v_proj,denoise,5,activation,self,1465,52740000,512750,0.009722222222222222
,,expert.layers.12.self_attn.v_proj,denoise,5,output,self,1465,23440000,219750,0.009375
,,expert.layers.12.self_attn.v_proj,denoise,5,weight_runtime_mask,self,1465,337536000,6698721,0.01984594532138794
,,expert.layers.12.self_attn.v_proj,denoise,6,activation,self,1465,52740000,512750,0.009722222222222222
,,expert.layers.12.self_attn.v_proj,denoise,6,output,self,1465,23440000,219750,0.009375
,,expert.layers.12.self_attn.v_proj,denoise,6,weight_runtime_mask,self,1465,337536000,6699477,0.01984818508248009
,,expert.layers.12.self_attn.v_proj,denoise,7,activation,self,1465,52740000,512750,0.009722222222222222
,,expert.layers.12.self_attn.v_proj,denoise,7,output,self,1465,23440000,219750,0.009375
,,expert.layers.12.self_attn.v_proj,denoise,7,weight_runtime_mask,self,1465,337536000,6700115,0.01985007525123246
,,expert.layers.12.self_attn.v_proj,denoise,8,activation,self,1465,52740000,512750,0.009722222222222222
,,expert.layers.12.self_attn.v_proj,denoise,8,output,self,1465,23440000,219750,0.009375
,,expert.layers.12.self_attn.v_proj,denoise,8,weight_runtime_mask,self,1465,337536000,6700298,0.019850617415623814
,,expert.layers.12.self_attn.v_proj,denoise,9,activation,self,1465,52740000,512750,0.009722222222222222
,,expert.layers.12.self_attn.v_proj,denoise,9,output,self,1465,23440000,219750,0.009375
,,expert.layers.12.self_attn.v_proj,denoise,9,weight_runtime_mask,self,1465,337536000,6699171,0.01984727851251422
,,expert.layers.13.mlp.down_proj,denoise,0,activation,unknown,1465,150016000,1465000,0.009765625
,,expert.layers.13.mlp.down_proj,denoise,0,output,unknown,1465,52740000,512750,0.009722222222222222
,,expert.layers.13.mlp.down_proj,denoise,0,weight_runtime_mask,unknown,1465,2160230400,42740207,0.019785022467973788
,,expert.layers.13.mlp.down_proj,denoise,1,activation,unknown,1465,150016000,1465000,0.009765625
,,expert.layers.13.mlp.down_proj,denoise,1,output,unknown,1465,52740000,512750,0.009722222222222222
,,expert.layers.13.mlp.down_proj,denoise,1,weight_runtime_mask,unknown,1465,2160230400,42740735,0.019785266886346936
,,expert.layers.13.mlp.down_proj,denoise,2,activation,unknown,1465,150016000,1465000,0.009765625
,,expert.layers.13.mlp.down_proj,denoise,2,output,unknown,1465,52740000,512750,0.009722222222222222
,,expert.layers.13.mlp.down_proj,denoise,2,weight_runtime_mask,unknown,1465,2160230400,42741786,0.019785753408525314
,,expert.layers.13.mlp.down_proj,denoise,3,activation,unknown,1465,150016000,1465000,0.009765625
,,expert.layers.13.mlp.down_proj,denoise,3,output,unknown,1465,52740000,512750,0.009722222222222222
,,expert.layers.13.mlp.down_proj,denoise,3,weight_runtime_mask,unknown,1465,2160230400,42742191,0.019785940888527444
,,expert.layers.13.mlp.down_proj,denoise,4,activation,unknown,1465,150016000,1465000,0.009765625
,,expert.layers.13.mlp.down_proj,denoise,4,output,unknown,1465,52740000,512750,0.009722222222222222
,,expert.layers.13.mlp.down_proj,denoise,4,weight_runtime_mask,unknown,1465,2160230400,42742949,0.019786291777025265
,,expert.layers.13.mlp.down_proj,denoise,5,activation,unknown,1465,150016000,1465000,0.009765625
,,expert.layers.13.mlp.down_proj,denoise,5,output,unknown,1465,52740000,512750,0.009722222222222222
,,expert.layers.13.mlp.down_proj,denoise,5,weight_runtime_mask,unknown,1465,2160230400,42743844,0.0197867060846843
,,expert.layers.13.mlp.down_proj,denoise,6,activation,unknown,1465,150016000,1465000,0.009765625
,,expert.layers.13.mlp.down_proj,denoise,6,output,unknown,1465,52740000,512750,0.009722222222222222
,,expert.layers.13.mlp.down_proj,denoise,6,weight_runtime_mask,unknown,1465,2160230400,42744792,0.019787144926763367
,,expert.layers.13.mlp.down_proj,denoise,7,activation,unknown,1465,150016000,1465000,0.009765625
,,expert.layers.13.mlp.down_proj,denoise,7,output,unknown,1465,52740000,512750,0.009722222222222222
,,expert.layers.13.mlp.down_proj,denoise,7,weight_runtime_mask,unknown,1465,2160230400,42746187,0.019787790691215158
,,expert.layers.13.mlp.down_proj,denoise,8,activation,unknown,1465,150016000,1465000,0.009765625
,,expert.layers.13.mlp.down_proj,denoise,8,output,unknown,1465,52740000,512750,0.009722222222222222
,,expert.layers.13.mlp.down_proj,denoise,8,weight_runtime_mask,unknown,1465,2160230400,42747259,0.01978828693457883
,,expert.layers.13.mlp.down_proj,denoise,9,activation,unknown,1465,150016000,1465000,0.009765625
,,expert.layers.13.mlp.down_proj,denoise,9,output,unknown,1465,52740000,512750,0.009722222222222222
,,expert.layers.13.mlp.down_proj,denoise,9,weight_runtime_mask,unknown,1465,2160230400,42749323,0.01978924238821933
,,expert.layers.13.mlp.gate_proj,denoise,0,activation,unknown,1465,52740000,512750,0.009722222222222222
,,expert.layers.13.mlp.gate_proj,denoise,0,output,unknown,1465,150016000,1465000,0.009765625
,,expert.layers.13.mlp.gate_proj,denoise,0,weight_runtime_mask,unknown,1465,2160230400,42548167,0.019696124543011707
,,expert.layers.13.mlp.gate_proj,denoise,1,activation,unknown,1465,52740000,512750,0.009722222222222222
,,expert.layers.13.mlp.gate_proj,denoise,1,output,unknown,1465,150016000,1465000,0.009765625
,,expert.layers.13.mlp.gate_proj,denoise,1,weight_runtime_mask,unknown,1465,2160230400,42551857,0.019697832694142256
,,expert.layers.13.mlp.gate_proj,denoise,2,activation,unknown,1465,52740000,512750,0.009722222222222222
,,expert.layers.13.mlp.gate_proj,denoise,2,output,unknown,1465,150016000,1465000,0.009765625
,,expert.layers.13.mlp.gate_proj,denoise,2,weight_runtime_mask,unknown,1465,2160230400,42553950,0.019698801572276735
,,expert.layers.13.mlp.gate_proj,denoise,3,activation,unknown,1465,52740000,512750,0.009722222222222222
,,expert.layers.13.mlp.gate_proj,denoise,3,output,unknown,1465,150016000,1465000,0.009765625
,,expert.layers.13.mlp.gate_proj,denoise,3,weight_runtime_mask,unknown,1465,2160230400,42555230,0.01969939410166619
,,expert.layers.13.mlp.gate_proj,denoise,4,activation,unknown,1465,52740000,512750,0.009722222222222222
,,expert.layers.13.mlp.gate_proj,denoise,4,output,unknown,1465,150016000,1465000,0.009765625
,,expert.layers.13.mlp.gate_proj,denoise,4,weight_runtime_mask,unknown,1465,2160230400,42556225,0.019699854700683778
,,expert.layers.13.mlp.gate_proj,denoise,5,activation,unknown,1465,52740000,512750,0.009722222222222222
,,expert.layers.13.mlp.gate_proj,denoise,5,output,unknown,1465,150016000,1465000,0.009765625
,,expert.layers.13.mlp.gate_proj,denoise,5,weight_runtime_mask,unknown,1465,2160230400,42556670,0.01970006069722933
,,expert.layers.13.mlp.gate_proj,denoise,6,activation,unknown,1465,52740000,512750,0.009722222222222222
,,expert.layers.13.mlp.gate_proj,denoise,6,output,unknown,1465,150016000,1465000,0.009765625
,,expert.layers.13.mlp.gate_proj,denoise,6,weight_runtime_mask,unknown,1465,2160230400,42556723,0.019700085231649365
,,expert.layers.13.mlp.gate_proj,denoise,7,activation,unknown,1465,52740000,512750,0.009722222222222222
,,expert.layers.13.mlp.gate_proj,denoise,7,output,unknown,1465,150016000,1465000,0.009765625
,,expert.layers.13.mlp.gate_proj,denoise,7,weight_runtime_mask,unknown,1465,2160230400,42555835,0.01969967416438543
,,expert.layers.13.mlp.gate_proj,denoise,8,activation,unknown,1465,52740000,512750,0.009722222222222222
,,expert.layers.13.mlp.gate_proj,denoise,8,output,unknown,1465,150016000,1465000,0.009765625
,,expert.layers.13.mlp.gate_proj,denoise,8,weight_runtime_mask,unknown,1465,2160230400,42553054,0.019698386801704115
,,expert.layers.13.mlp.gate_proj,denoise,9,activation,unknown,1465,52740000,512750,0.009722222222222222
,,expert.layers.13.mlp.gate_proj,denoise,9,output,unknown,1465,150016000,1465000,0.009765625
,,expert.layers.13.mlp.gate_proj,denoise,9,weight_runtime_mask,unknown,1465,2160230400,42550371,0.01969714480455418
,,expert.layers.13.mlp.up_proj,denoise,0,activation,unknown,1465,52740000,512750,0.009722222222222222
,,expert.layers.13.mlp.up_proj,denoise,0,output,unknown,1465,150016000,1465000,0.009765625
,,expert.layers.13.mlp.up_proj,denoise,0,weight_runtime_mask,unknown,1465,2160230400,42756699,0.01979265683882608
,,expert.layers.13.mlp.up_proj,denoise,1,activation,unknown,1465,52740000,512750,0.009722222222222222
,,expert.layers.13.mlp.up_proj,denoise,1,output,unknown,1465,150016000,1465000,0.009765625
,,expert.layers.13.mlp.up_proj,denoise,1,weight_runtime_mask,unknown,1465,2160230400,42758529,0.019793503970687572
,,expert.layers.13.mlp.up_proj,denoise,2,activation,unknown,1465,52740000,512750,0.009722222222222222
,,expert.layers.13.mlp.up_proj,denoise,2,output,unknown,1465,150016000,1465000,0.009765625
,,expert.layers.13.mlp.up_proj,denoise,2,weight_runtime_mask,unknown,1465,2160230400,42759684,0.01979403863587884
,,expert.layers.13.mlp.up_proj,denoise,3,activation,unknown,1465,52740000,512750,0.009722222222222222
,,expert.layers.13.mlp.up_proj,denoise,3,output,unknown,1465,150016000,1465000,0.009765625
,,expert.layers.13.mlp.up_proj,denoise,3,weight_runtime_mask,unknown,1465,2160230400,42760396,0.019794368230351727
,,expert.layers.13.mlp.up_proj,denoise,4,activation,unknown,1465,52740000,512750,0.009722222222222222
,,expert.layers.13.mlp.up_proj,denoise,4,output,unknown,1465,150016000,1465000,0.009765625
,,expert.layers.13.mlp.up_proj,denoise,4,weight_runtime_mask,unknown,1465,2160230400,42760242,0.019794296941659555
,,expert.layers.13.mlp.up_proj,denoise,5,activation,unknown,1465,52740000,512750,0.009722222222222222
,,expert.layers.13.mlp.up_proj,denoise,5,output,unknown,1465,150016000,1465000,0.009765625
,,expert.layers.13.mlp.up_proj,denoise,5,weight_runtime_mask,unknown,1465,2160230400,42760287,0.019794317772770905
,,expert.layers.13.mlp.up_proj,denoise,6,activation,unknown,1465,52740000,512750,0.009722222222222222
,,expert.layers.13.mlp.up_proj,denoise,6,output,unknown,1465,150016000,1465000,0.009765625
,,expert.layers.13.mlp.up_proj,denoise,6,weight_runtime_mask,unknown,1465,2160230400,42759627,0.019794012249804465
,,expert.layers.13.mlp.up_proj,denoise,7,activation,unknown,1465,52740000,512750,0.009722222222222222
,,expert.layers.13.mlp.up_proj,denoise,7,output,unknown,1465,150016000,1465000,0.009765625
,,expert.layers.13.mlp.up_proj,denoise,7,weight_runtime_mask,unknown,1465,2160230400,42758622,0.019793547021651023
,,expert.layers.13.mlp.up_proj,denoise,8,activation,unknown,1465,52740000,512750,0.009722222222222222
,,expert.layers.13.mlp.up_proj,denoise,8,output,unknown,1465,150016000,1465000,0.009765625
,,expert.layers.13.mlp.up_proj,denoise,8,weight_runtime_mask,unknown,1465,2160230400,42757552,0.019793051704114523
,,expert.layers.13.mlp.up_proj,denoise,9,activation,unknown,1465,52740000,512750,0.009722222222222222
,,expert.layers.13.mlp.up_proj,denoise,9,output,unknown,1465,150016000,1465000,0.009765625
,,expert.layers.13.mlp.up_proj,denoise,9,weight_runtime_mask,unknown,1465,2160230400,42754322,0.019791556493233314
,,expert.layers.13.self_attn.k_proj,denoise,0,activation,cross,1465,82977600,777915,0.009375
,,expert.layers.13.self_attn.k_proj,denoise,0,output,cross,1465,82977600,777915,0.009375
,,expert.layers.13.self_attn.k_proj,denoise,0,weight_runtime_mask,cross,1465,150016000,2906430,0.01937413342576792
,,expert.layers.13.self_attn.k_proj,denoise,1,activation,cross,1465,82977600,777915,0.009375
,,expert.layers.13.self_attn.k_proj,denoise,1,output,cross,1465,82977600,777915,0.009375
,,expert.layers.13.self_attn.k_proj,denoise,1,weight_runtime_mask,cross,1465,150016000,2906430,0.01937413342576792
,,expert.layers.13.self_attn.k_proj,denoise,2,activation,cross,1465,82977600,777915,0.009375
,,expert.layers.13.self_attn.k_proj,denoise,2,output,cross,1465,82977600,777915,0.009375
,,expert.layers.13.self_attn.k_proj,denoise,2,weight_runtime_mask,cross,1465,150016000,2906430,0.01937413342576792
,,expert.layers.13.self_attn.k_proj,denoise,3,activation,cross,1465,82977600,777915,0.009375
,,expert.layers.13.self_attn.k_proj,denoise,3,output,cross,1465,82977600,777915,0.009375
,,expert.layers.13.self_attn.k_proj,denoise,3,weight_runtime_mask,cross,1465,150016000,2906430,0.01937413342576792
,,expert.layers.13.self_attn.k_proj,denoise,4,activation,cross,1465,82977600,777915,0.009375
,,expert.layers.13.self_attn.k_proj,denoise,4,output,cross,1465,82977600,777915,0.009375
,,expert.layers.13.self_attn.k_proj,denoise,4,weight_runtime_mask,cross,1465,150016000,2906430,0.01937413342576792
,,expert.layers.13.self_attn.k_proj,denoise,5,activation,cross,1465,82977600,777915,0.009375
,,expert.layers.13.self_attn.k_proj,denoise,5,output,cross,1465,82977600,777915,0.009375
,,expert.layers.13.self_attn.k_proj,denoise,5,weight_runtime_mask,cross,1465,150016000,2906430,0.01937413342576792
,,expert.layers.13.self_attn.k_proj,denoise,6,activation,cross,1465,82977600,777915,0.009375
,,expert.layers.13.self_attn.k_proj,denoise,6,output,cross,1465,82977600,777915,0.009375
,,expert.layers.13.self_attn.k_proj,denoise,6,weight_runtime_mask,cross,1465,150016000,2906430,0.01937413342576792
,,expert.layers.13.self_attn.k_proj,denoise,7,activation,cross,1465,82977600,777915,0.009375
,,expert.layers.13.self_attn.k_proj,denoise,7,output,cross,1465,82977600,777915,0.009375
,,expert.layers.13.self_attn.k_proj,denoise,7,weight_runtime_mask,cross,1465,150016000,2906430,0.01937413342576792
,,expert.layers.13.self_attn.k_proj,denoise,8,activation,cross,1465,82977600,777915,0.009375
,,expert.layers.13.self_attn.k_proj,denoise,8,output,cross,1465,82977600,777915,0.009375
,,expert.layers.13.self_attn.k_proj,denoise,8,weight_runtime_mask,cross,1465,150016000,2906430,0.01937413342576792
,,expert.layers.13.self_attn.k_proj,denoise,9,activation,cross,1465,82977600,777915,0.009375
,,expert.layers.13.self_attn.k_proj,denoise,9,output,cross,1465,82977600,777915,0.009375
,,expert.layers.13.self_attn.k_proj,denoise,9,weight_runtime_mask,cross,1465,150016000,2906430,0.01937413342576792
,,expert.layers.13.self_attn.o_proj,denoise,0,activation,unknown,1465,70320000,659250,0.009375
,,expert.layers.13.self_attn.o_proj,denoise,0,output,unknown,1465,52740000,512750,0.009722222222222222
,,expert.layers.13.self_attn.o_proj,denoise,0,weight_runtime_mask,unknown,1465,1012608000,19555441,0.019311955860510682
,,expert.layers.13.self_attn.o_proj,denoise,1,activation,unknown,1465,70320000,659250,0.009375
,,expert.layers.13.self_attn.o_proj,denoise,1,output,unknown,1465,52740000,512750,0.009722222222222222
,,expert.layers.13.self_attn.o_proj,denoise,1,weight_runtime_mask,unknown,1465,1012608000,19555418,0.019311933146884085
,,expert.layers.13.self_attn.o_proj,denoise,2,activation,unknown,1465,70320000,659250,0.009375
,,expert.layers.13.self_attn.o_proj,denoise,2,output,unknown,1465,52740000,512750,0.009722222222222222
,,expert.layers.13.self_attn.o_proj,denoise,2,weight_runtime_mask,unknown,1465,1012608000,19555455,0.019311969686196435
,,expert.layers.13.self_attn.o_proj,denoise,3,activation,unknown,1465,70320000,659250,0.009375
,,expert.layers.13.self_attn.o_proj,denoise,3,output,unknown,1465,52740000,512750,0.009722222222222222
,,expert.layers.13.self_attn.o_proj,denoise,3,weight_runtime_mask,unknown,1465,1012608000,19555415,0.019311930184237137
,,expert.layers.13.self_attn.o_proj,denoise,4,activation,unknown,1465,70320000,659250,0.009375
,,expert.layers.13.self_attn.o_proj,denoise,4,output,unknown,1465,52740000,512750,0.009722222222222222
,,expert.layers.13.self_attn.o_proj,denoise,4,weight_runtime_mask,unknown,1465,1012608000,19555406,0.019311921296296296
,,expert.layers.13.self_attn.o_proj,denoise,5,activation,unknown,1465,70320000,659250,0.009375
,,expert.layers.13.self_attn.o_proj,denoise,5,output,unknown,1465,52740000,512750,0.009722222222222222
,,expert.layers.13.self_attn.o_proj,denoise,5,weight_runtime_mask,unknown,1465,1012608000,19555255,0.019311772176399948
,,expert.layers.13.self_attn.o_proj,denoise,6,activation,unknown,1465,70320000,659250,0.009375
,,expert.layers.13.self_attn.o_proj,denoise,6,output,unknown,1465,52740000,512750,0.009722222222222222
,,expert.layers.13.self_attn.o_proj,denoise,6,weight_runtime_mask,unknown,1465,1012608000,19555307,0.019311823528947034
,,expert.layers.13.self_attn.o_proj,denoise,7,activation,unknown,1465,70320000,659250,0.009375
,,expert.layers.13.self_attn.o_proj,denoise,7,output,unknown,1465,52740000,512750,0.009722222222222222
,,expert.layers.13.self_attn.o_proj,denoise,7,weight_runtime_mask,unknown,1465,1012608000,19555384,0.01931189957021868
,,expert.layers.13.self_attn.o_proj,denoise,8,activation,unknown,1465,70320000,659250,0.009375
,,expert.layers.13.self_attn.o_proj,denoise,8,output,unknown,1465,52740000,512750,0.009722222222222222
,,expert.layers.13.self_attn.o_proj,denoise,8,weight_runtime_mask,unknown,1465,1012608000,19555305,0.01931182155384907
,,expert.layers.13.self_attn.o_proj,denoise,9,activation,unknown,1465,70320000,659250,0.009375
,,expert.layers.13.self_attn.o_proj,denoise,9,output,unknown,1465,52740000,512750,0.009722222222222222
,,expert.layers.13.self_attn.o_proj,denoise,9,weight_runtime_mask,unknown,1465,1012608000,19555269,0.019311786002085704
,,expert.layers.13.self_attn.q_proj,denoise,0,activation,cross,1465,52740000,512750,0.009722222222222222
,,expert.layers.13.self_attn.q_proj,denoise,0,output,cross,1465,70320000,659250,0.009375
,,expert.layers.13.self_attn.q_proj,denoise,0,weight_runtime_mask,cross,1465,1012608000,19949154,0.019700766733029958
,,expert.layers.13.self_attn.q_proj,denoise,1,activation,cross,1465,52740000,512750,0.009722222222222222
,,expert.layers.13.self_attn.q_proj,denoise,1,output,cross,1465,70320000,659250,0.009375
,,expert.layers.13.self_attn.q_proj,denoise,1,weight_runtime_mask,cross,1465,1012608000,19949601,0.019701208167425103
,,expert.layers.13.self_attn.q_proj,denoise,2,activation,cross,1465,52740000,512750,0.009722222222222222
,,expert.layers.13.self_attn.q_proj,denoise,2,output,cross,1465,70320000,659250,0.009375
,,expert.layers.13.self_attn.q_proj,denoise,2,weight_runtime_mask,cross,1465,1012608000,19949768,0.01970137308810517
,,expert.layers.13.self_attn.q_proj,denoise,3,activation,cross,1465,52740000,512750,0.009722222222222222
,,expert.layers.13.self_attn.q_proj,denoise,3,output,cross,1465,70320000,659250,0.009375
,,expert.layers.13.self_attn.q_proj,denoise,3,weight_runtime_mask,cross,1465,1012608000,19949677,0.01970128322114777
,,expert.layers.13.self_attn.q_proj,denoise,4,activation,cross,1465,52740000,512750,0.009722222222222222
,,expert.layers.13.self_attn.q_proj,denoise,4,output,cross,1465,70320000,659250,0.009375
,,expert.layers.13.self_attn.q_proj,denoise,4,weight_runtime_mask,cross,1465,1012608000,19949594,0.01970120125458223
,,expert.layers.13.self_attn.q_proj,denoise,5,activation,cross,1465,52740000,512750,0.009722222222222222
,,expert.layers.13.self_attn.q_proj,denoise,5,output,cross,1465,70320000,659250,0.009375
,,expert.layers.13.self_attn.q_proj,denoise,5,weight_runtime_mask,cross,1465,1012608000,19949310,0.019700920790671216
,,expert.layers.13.self_attn.q_proj,denoise,6,activation,cross,1465,52740000,512750,0.009722222222222222
,,expert.layers.13.self_attn.q_proj,denoise,6,output,cross,1465,70320000,659250,0.009375
,,expert.layers.13.self_attn.q_proj,denoise,6,weight_runtime_mask,cross,1465,1012608000,19949325,0.019700935603905952
,,expert.layers.13.self_attn.q_proj,denoise,7,activation,cross,1465,52740000,512750,0.009722222222222222
,,expert.layers.13.self_attn.q_proj,denoise,7,output,cross,1465,70320000,659250,0.009375
,,expert.layers.13.self_attn.q_proj,denoise,7,weight_runtime_mask,cross,1465,1012608000,19949174,0.019700786484009608
,,expert.layers.13.self_attn.q_proj,denoise,8,activation,cross,1465,52740000,512750,0.009722222222222222
,,expert.layers.13.self_attn.q_proj,denoise,8,output,cross,1465,70320000,659250,0.009375
,,expert.layers.13.self_attn.q_proj,denoise,8,weight_runtime_mask,cross,1465,1012608000,19949125,0.01970073809410947
,,expert.layers.13.self_attn.q_proj,denoise,9,activation,cross,1465,52740000,512750,0.009722222222222222
,,expert.layers.13.self_attn.q_proj,denoise,9,output,cross,1465,70320000,659250,0.009375
,,expert.layers.13.self_attn.q_proj,denoise,9,weight_runtime_mask,cross,1465,1012608000,19948007,0.01969963401434711
,,expert.layers.13.self_attn.v_proj,denoise,0,activation,cross,1465,82977600,777915,0.009375
,,expert.layers.13.self_attn.v_proj,denoise,0,output,cross,1465,82977600,777915,0.009375
,,expert.layers.13.self_attn.v_proj,denoise,0,weight_runtime_mask,cross,1465,150016000,2903476,0.019354442192832763
,,expert.layers.13.self_attn.v_proj,denoise,1,activation,cross,1465,82977600,777915,0.009375
,,expert.layers.13.self_attn.v_proj,denoise,1,output,cross,1465,82977600,777915,0.009375
,,expert.layers.13.self_attn.v_proj,denoise,1,weight_runtime_mask,cross,1465,150016000,2903476,0.019354442192832763
,,expert.layers.13.self_attn.v_proj,denoise,2,activation,cross,1465,82977600,777915,0.009375
,,expert.layers.13.self_attn.v_proj,denoise,2,output,cross,1465,82977600,777915,0.009375
,,expert.layers.13.self_attn.v_proj,denoise,2,weight_runtime_mask,cross,1465,150016000,2903476,0.019354442192832763
,,expert.layers.13.self_attn.v_proj,denoise,3,activation,cross,1465,82977600,777915,0.009375
,,expert.layers.13.self_attn.v_proj,denoise,3,output,cross,1465,82977600,777915,0.009375
,,expert.layers.13.self_attn.v_proj,denoise,3,weight_runtime_mask,cross,1465,150016000,2903476,0.019354442192832763
,,expert.layers.13.self_attn.v_proj,denoise,4,activation,cross,1465,82977600,777915,0.009375
,,expert.layers.13.self_attn.v_proj,denoise,4,output,cross,1465,82977600,777915,0.009375
,,expert.layers.13.self_attn.v_proj,denoise,4,weight_runtime_mask,cross,1465,150016000,2903476,0.019354442192832763
,,expert.layers.13.self_attn.v_proj,denoise,5,activation,cross,1465,82977600,777915,0.009375
,,expert.layers.13.self_attn.v_proj,denoise,5,output,cross,1465,82977600,777915,0.009375
,,expert.layers.13.self_attn.v_proj,denoise,5,weight_runtime_mask,cross,1465,150016000,2903476,0.019354442192832763
,,expert.layers.13.self_attn.v_proj,denoise,6,activation,cross,1465,82977600,777915,0.009375
,,expert.layers.13.self_attn.v_proj,denoise,6,output,cross,1465,82977600,777915,0.009375
,,expert.layers.13.self_attn.v_proj,denoise,6,weight_runtime_mask,cross,1465,150016000,2903476,0.019354442192832763
,,expert.layers.13.self_attn.v_proj,denoise,7,activation,cross,1465,82977600,777915,0.009375
,,expert.layers.13.self_attn.v_proj,denoise,7,output,cross,1465,82977600,777915,0.009375
,,expert.layers.13.self_attn.v_proj,denoise,7,weight_runtime_mask,cross,1465,150016000,2903476,0.019354442192832763
,,expert.layers.13.self_attn.v_proj,denoise,8,activation,cross,1465,82977600,777915,0.009375
,,expert.layers.13.self_attn.v_proj,denoise,8,output,cross,1465,82977600,777915,0.009375
,,expert.layers.13.self_attn.v_proj,denoise,8,weight_runtime_mask,cross,1465,150016000,2903476,0.019354442192832763
,,expert.layers.13.self_attn.v_proj,denoise,9,activation,cross,1465,82977600,777915,0.009375
,,expert.layers.13.self_attn.v_proj,denoise,9,output,cross,1465,82977600,777915,0.009375
,,expert.layers.13.self_attn.v_proj,denoise,9,weight_runtime_mask,cross,1465,150016000,2903476,0.019354442192832763
,,expert.layers.14.mlp.down_proj,denoise,0,activation,unknown,1465,150016000,1465000,0.009765625
,,expert.layers.14.mlp.down_proj,denoise,0,output,unknown,1465,52740000,512750,0.009722222222222222
,,expert.layers.14.mlp.down_proj,denoise,0,weight_runtime_mask,unknown,1465,2160230400,42745794,0.01978760876617605
,,expert.layers.14.mlp.down_proj,denoise,1,activation,unknown,1465,150016000,1465000,0.009765625
,,expert.layers.14.mlp.down_proj,denoise,1,output,unknown,1465,52740000,512750,0.009722222222222222
,,expert.layers.14.mlp.down_proj,denoise,1,weight_runtime_mask,unknown,1465,2160230400,42743884,0.019786724601227722
,,expert.layers.14.mlp.down_proj,denoise,2,activation,unknown,1465,150016000,1465000,0.009765625
,,expert.layers.14.mlp.down_proj,denoise,2,output,unknown,1465,52740000,512750,0.009722222222222222
,,expert.layers.14.mlp.down_proj,denoise,2,weight_runtime_mask,unknown,1465,2160230400,42743624,0.019786604243695487
,,expert.layers.14.mlp.down_proj,denoise,3,activation,unknown,1465,150016000,1465000,0.009765625
,,expert.layers.14.mlp.down_proj,denoise,3,output,unknown,1465,52740000,512750,0.009722222222222222
,,expert.layers.14.mlp.down_proj,denoise,3,weight_runtime_mask,unknown,1465,2160230400,42744285,0.019786910229575513
,,expert.layers.14.mlp.down_proj,denoise,4,activation,unknown,1465,150016000,1465000,0.009765625
,,expert.layers.14.mlp.down_proj,denoise,4,output,unknown,1465,52740000,512750,0.009722222222222222
,,expert.layers.14.mlp.down_proj,denoise,4,weight_runtime_mask,unknown,1465,2160230400,42745379,0.019787416657038065
,,expert.layers.14.mlp.down_proj,denoise,5,activation,unknown,1465,150016000,1465000,0.009765625
,,expert.layers.14.mlp.down_proj,denoise,5,output,unknown,1465,52740000,512750,0.009722222222222222
,,expert.layers.14.mlp.down_proj,denoise,5,weight_runtime_mask,unknown,1465,2160230400,42747752,0.019788515150976488
,,expert.layers.14.mlp.down_proj,denoise,6,activation,unknown,1465,150016000,1465000,0.009765625
,,expert.layers.14.mlp.down_proj,denoise,6,output,unknown,1465,52740000,512750,0.009722222222222222
,,expert.layers.14.mlp.down_proj,denoise,6,weight_runtime_mask,unknown,1465,2160230400,42750489,0.01978978214546004
,,expert.layers.14.mlp.down_proj,denoise,7,activation,unknown,1465,150016000,1465000,0.009765625
,,expert.layers.14.mlp.down_proj,denoise,7,output,unknown,1465,52740000,512750,0.009722222222222222
,,expert.layers.14.mlp.down_proj,denoise,7,weight_runtime_mask,unknown,1465,2160230400,42754440,0.019791611117036405
,,expert.layers.14.mlp.down_proj,denoise,8,activation,unknown,1465,150016000,1465000,0.009765625
,,expert.layers.14.mlp.down_proj,denoise,8,output,unknown,1465,52740000,512750,0.009722222222222222
,,expert.layers.14.mlp.down_proj,denoise,8,weight_runtime_mask,unknown,1465,2160230400,42757987,0.019793253071524224
,,expert.layers.14.mlp.down_proj,denoise,9,activation,unknown,1465,150016000,1465000,0.009765625
,,expert.layers.14.mlp.down_proj,denoise,9,output,unknown,1465,52740000,512750,0.009722222222222222
,,expert.layers.14.mlp.down_proj,denoise,9,weight_runtime_mask,unknown,1465,2160230400,42760027,0.01979419741523867
,,expert.layers.14.mlp.gate_proj,denoise,0,activation,unknown,1465,52740000,512750,0.009722222222222222
,,expert.layers.14.mlp.gate_proj,denoise,0,output,unknown,1465,150016000,1465000,0.009765625
,,expert.layers.14.mlp.gate_proj,denoise,0,weight_runtime_mask,unknown,1465,2160230400,43325971,0.020056180581478716
,,expert.layers.14.mlp.gate_proj,denoise,1,activation,unknown,1465,52740000,512750,0.009722222222222222
,,expert.layers.14.mlp.gate_proj,denoise,1,output,unknown,1465,150016000,1465000,0.009765625
,,expert.layers.14.mlp.gate_proj,denoise,1,weight_runtime_mask,unknown,1465,2160230400,43327400,0.020056842084992414
,,expert.layers.14.mlp.gate_proj,denoise,2,activation,unknown,1465,52740000,512750,0.009722222222222222
,,expert.layers.14.mlp.gate_proj,denoise,2,output,unknown,1465,150016000,1465000,0.009765625
,,expert.layers.14.mlp.gate_proj,denoise,2,weight_runtime_mask,unknown,1465,2160230400,43327808,0.020057030953735306
,,expert.layers.14.mlp.gate_proj,denoise,3,activation,unknown,1465,52740000,512750,0.009722222222222222
,,expert.layers.14.mlp.gate_proj,denoise,3,output,unknown,1465,150016000,1465000,0.009765625
,,expert.layers.14.mlp.gate_proj,denoise,3,weight_runtime_mask,unknown,1465,2160230400,43328160,0.020057193899317406
,,expert.layers.14.mlp.gate_proj,denoise,4,activation,unknown,1465,52740000,512750,0.009722222222222222
,,expert.layers.14.mlp.gate_proj,denoise,4,output,unknown,1465,150016000,1465000,0.009765625
,,expert.layers.14.mlp.gate_proj,denoise,4,weight_runtime_mask,unknown,1465,2160230400,43328797,0.02005748877527138
,,expert.layers.14.mlp.gate_proj,denoise,5,activation,unknown,1465,52740000,512750,0.009722222222222222
,,expert.layers.14.mlp.gate_proj,denoise,5,output,unknown,1465,150016000,1465000,0.009765625
,,expert.layers.14.mlp.gate_proj,denoise,5,weight_runtime_mask,unknown,1465,2160230400,43329640,0.020057879011423967
,,expert.layers.14.mlp.gate_proj,denoise,6,activation,unknown,1465,52740000,512750,0.009722222222222222
,,expert.layers.14.mlp.gate_proj,denoise,6,output,unknown,1465,150016000,1465000,0.009765625
,,expert.layers.14.mlp.gate_proj,denoise,6,weight_runtime_mask,unknown,1465,2160230400,43331467,0.0200587247545447
,,expert.layers.14.mlp.gate_proj,denoise,7,activation,unknown,1465,52740000,512750,0.009722222222222222
,,expert.layers.14.mlp.gate_proj,denoise,7,output,unknown,1465,150016000,1465000,0.009765625
,,expert.layers.14.mlp.gate_proj,denoise,7,weight_runtime_mask,unknown,1465,2160230400,43333711,0.020059763532630594
,,expert.layers.14.mlp.gate_proj,denoise,8,activation,unknown,1465,52740000,512750,0.009722222222222222
,,expert.layers.14.mlp.gate_proj,denoise,8,output,unknown,1465,150016000,1465000,0.009765625
,,expert.layers.14.mlp.gate_proj,denoise,8,weight_runtime_mask,unknown,1465,2160230400,43333887,0.020059845005421646
,,expert.layers.14.mlp.gate_proj,denoise,9,activation,unknown,1465,52740000,512750,0.009722222222222222
,,expert.layers.14.mlp.gate_proj,denoise,9,output,unknown,1465,150016000,1465000,0.009765625
,,expert.layers.14.mlp.gate_proj,denoise,9,weight_runtime_mask,unknown,1465,2160230400,43331009,0.020058512740122537
,,expert.layers.14.mlp.up_proj,denoise,0,activation,unknown,1465,52740000,512750,0.009722222222222222
,,expert.layers.14.mlp.up_proj,denoise,0,output,unknown,1465,150016000,1465000,0.009765625
,,expert.layers.14.mlp.up_proj,denoise,0,weight_runtime_mask,unknown,1465,2160230400,42678820,0.01975660559169985
,,expert.layers.14.mlp.up_proj,denoise,1,activation,unknown,1465,52740000,512750,0.009722222222222222
,,expert.layers.14.mlp.up_proj,denoise,1,output,unknown,1465,150016000,1465000,0.009765625
,,expert.layers.14.mlp.up_proj,denoise,1,weight_runtime_mask,unknown,1465,2160230400,42680349,0.0197573133865721
,,expert.layers.14.mlp.up_proj,denoise,2,activation,unknown,1465,52740000,512750,0.009722222222222222
,,expert.layers.14.mlp.up_proj,denoise,2,output,unknown,1465,150016000,1465000,0.009765625
,,expert.layers.14.mlp.up_proj,denoise,2,weight_runtime_mask,unknown,1465,2160230400,42681563,0.019757875363664912
,,expert.layers.14.mlp.up_proj,denoise,3,activation,unknown,1465,52740000,512750,0.009722222222222222
,,expert.layers.14.mlp.up_proj,denoise,3,output,unknown,1465,150016000,1465000,0.009765625
,,expert.layers.14.mlp.up_proj,denoise,3,weight_runtime_mask,unknown,1465,2160230400,42682366,0.01975824708327408
,,expert.layers.14.mlp.up_proj,denoise,4,activation,unknown,1465,52740000,512750,0.009722222222222222
,,expert.layers.14.mlp.up_proj,denoise,4,output,unknown,1465,150016000,1465000,0.009765625
,,expert.layers.14.mlp.up_proj,denoise,4,weight_runtime_mask,unknown,1465,2160230400,42683892,0.019758953489405574
,,expert.layers.14.mlp.up_proj,denoise,5,activation,unknown,1465,52740000,512750,0.009722222222222222
,,expert.layers.14.mlp.up_proj,denoise,5,output,unknown,1465,150016000,1465000,0.009765625
,,expert.layers.14.mlp.up_proj,denoise,5,weight_runtime_mask,unknown,1465,2160230400,42684229,0.019759109491283892
,,expert.layers.14.mlp.up_proj,denoise,6,activation,unknown,1465,52740000,512750,0.009722222222222222
,,expert.layers.14.mlp.up_proj,denoise,6,output,unknown,1465,150016000,1465000,0.009765625
,,expert.layers.14.mlp.up_proj,denoise,6,weight_runtime_mask,unknown,1465,2160230400,42684781,0.019759365019583097
,,expert.layers.14.mlp.up_proj,denoise,7,activation,unknown,1465,52740000,512750,0.009722222222222222
,,expert.layers.14.mlp.up_proj,denoise,7,output,unknown,1465,150016000,1465000,0.009765625
,,expert.layers.14.mlp.up_proj,denoise,7,weight_runtime_mask,unknown,1465,2160230400,42685503,0.019759699243191837
,,expert.layers.14.mlp.up_proj,denoise,8,activation,unknown,1465,52740000,512750,0.009722222222222222
,,expert.layers.14.mlp.up_proj,denoise,8,output,unknown,1465,150016000,1465000,0.009765625
,,expert.layers.14.mlp.up_proj,denoise,8,weight_runtime_mask,unknown,1465,2160230400,42687538,0.01976064127233836
,,expert.layers.14.mlp.up_proj,denoise,9,activation,unknown,1465,52740000,512750,0.009722222222222222
,,expert.layers.14.mlp.up_proj,denoise,9,output,unknown,1465,150016000,1465000,0.009765625
,,expert.layers.14.mlp.up_proj,denoise,9,weight_runtime_mask,unknown,1465,2160230400,42691321,0.019762392474432358
,,expert.layers.14.self_attn.k_proj,denoise,0,activation,self,1465,52740000,512750,0.009722222222222222
,,expert.layers.14.self_attn.k_proj,denoise,0,output,self,1465,23440000,219750,0.009375
,,expert.layers.14.self_attn.k_proj,denoise,0,weight_runtime_mask,self,1465,337536000,6646382,0.019690883342813804
,,expert.layers.14.self_attn.k_proj,denoise,1,activation,self,1465,52740000,512750,0.009722222222222222
,,expert.layers.14.self_attn.k_proj,denoise,1,output,self,1465,23440000,219750,0.009375
,,expert.layers.14.self_attn.k_proj,denoise,1,weight_runtime_mask,self,1465,337536000,6646313,0.01969067892017444
,,expert.layers.14.self_attn.k_proj,denoise,2,activation,self,1465,52740000,512750,0.009722222222222222
,,expert.layers.14.self_attn.k_proj,denoise,2,output,self,1465,23440000,219750,0.009375
,,expert.layers.14.self_attn.k_proj,denoise,2,weight_runtime_mask,self,1465,337536000,6646282,0.019690587078119076
,,expert.layers.14.self_attn.k_proj,denoise,3,activation,self,1465,52740000,512750,0.009722222222222222
,,expert.layers.14.self_attn.k_proj,denoise,3,output,self,1465,23440000,219750,0.009375
,,expert.layers.14.self_attn.k_proj,denoise,3,weight_runtime_mask,self,1465,337536000,6646129,0.01969013379313614
,,expert.layers.14.self_attn.k_proj,denoise,4,activation,self,1465,52740000,512750,0.009722222222222222
,,expert.layers.14.self_attn.k_proj,denoise,4,output,self,1465,23440000,219750,0.009375
,,expert.layers.14.self_attn.k_proj,denoise,4,weight_runtime_mask,self,1465,337536000,6646213,0.01969038265547971
,,expert.layers.14.self_attn.k_proj,denoise,5,activation,self,1465,52740000,512750,0.009722222222222222
,,expert.layers.14.self_attn.k_proj,denoise,5,output,self,1465,23440000,219750,0.009375
,,expert.layers.14.self_attn.k_proj,denoise,5,weight_runtime_mask,self,1465,337536000,6645913,0.019689493861395527
,,expert.layers.14.self_attn.k_proj,denoise,6,activation,self,1465,52740000,512750,0.009722222222222222
,,expert.layers.14.self_attn.k_proj,denoise,6,output,self,1465,23440000,219750,0.009375
,,expert.layers.14.self_attn.k_proj,denoise,6,weight_runtime_mask,self,1465,337536000,6645103,0.01968709411736822
,,expert.layers.14.self_attn.k_proj,denoise,7,activation,self,1465,52740000,512750,0.009722222222222222
,,expert.layers.14.self_attn.k_proj,denoise,7,output,self,1465,23440000,219750,0.009375
,,expert.layers.14.self_attn.k_proj,denoise,7,weight_runtime_mask,self,1465,337536000,6644134,0.0196842233124763
,,expert.layers.14.self_attn.k_proj,denoise,8,activation,self,1465,52740000,512750,0.009722222222222222
,,expert.layers.14.self_attn.k_proj,denoise,8,output,self,1465,23440000,219750,0.009375
,,expert.layers.14.self_attn.k_proj,denoise,8,weight_runtime_mask,self,1465,337536000,6643125,0.019681234001706484
,,expert.layers.14.self_attn.k_proj,denoise,9,activation,self,1465,52740000,512750,0.009722222222222222
,,expert.layers.14.self_attn.k_proj,denoise,9,output,self,1465,23440000,219750,0.009375
,,expert.layers.14.self_attn.k_proj,denoise,9,weight_runtime_mask,self,1465,337536000,6642828,0.01968035409556314
,,expert.layers.14.self_attn.o_proj,denoise,0,activation,unknown,1465,70320000,659250,0.009375
,,expert.layers.14.self_attn.o_proj,denoise,0,output,unknown,1465,52740000,512750,0.009722222222222222
,,expert.layers.14.self_attn.o_proj,denoise,0,weight_runtime_mask,unknown,1465,1012608000,19688243,0.019443104340475286
,,expert.layers.14.self_attn.o_proj,denoise,1,activation,unknown,1465,70320000,659250,0.009375
,,expert.layers.14.self_attn.o_proj,denoise,1,output,unknown,1465,52740000,512750,0.009722222222222222
,,expert.layers.14.self_attn.o_proj,denoise,1,weight_runtime_mask,unknown,1465,1012608000,19687878,0.0194427438850967
,,expert.layers.14.self_attn.o_proj,denoise,2,activation,unknown,1465,70320000,659250,0.009375
,,expert.layers.14.self_attn.o_proj,denoise,2,output,unknown,1465,52740000,512750,0.009722222222222222
,,expert.layers.14.self_attn.o_proj,denoise,2,weight_runtime_mask,unknown,1465,1012608000,19687567,0.019442436757363166
,,expert.layers.14.self_attn.o_proj,denoise,3,activation,unknown,1465,70320000,659250,0.009375
,,expert.layers.14.self_attn.o_proj,denoise,3,output,unknown,1465,52740000,512750,0.009722222222222222
,,expert.layers.14.self_attn.o_proj,denoise,3,weight_runtime_mask,unknown,1465,1012608000,19687379,0.019442251098154468
,,expert.layers.14.self_attn.o_proj,denoise,4,activation,unknown,1465,70320000,659250,0.009375
,,expert.layers.14.self_attn.o_proj,denoise,4,output,unknown,1465,52740000,512750,0.009722222222222222
,,expert.layers.14.self_attn.o_proj,denoise,4,weight_runtime_mask,unknown,1465,1012608000,19687602,0.01944247132157755
,,expert.layers.14.self_attn.o_proj,denoise,5,activation,unknown,1465,70320000,659250,0.009375
,,expert.layers.14.self_attn.o_proj,denoise,5,output,unknown,1465,52740000,512750,0.009722222222222222
,,expert.layers.14.self_attn.o_proj,denoise,5,weight_runtime_mask,unknown,1465,1012608000,19687851,0.019442717221274174
,,expert.layers.14.self_attn.o_proj,denoise,6,activation,unknown,1465,70320000,659250,0.009375
,,expert.layers.14.self_attn.o_proj,denoise,6,output,unknown,1465,52740000,512750,0.009722222222222222
,,expert.layers.14.self_attn.o_proj,denoise,6,weight_runtime_mask,unknown,1465,1012608000,19688344,0.01944320408292251
,,expert.layers.14.self_attn.o_proj,denoise,7,activation,unknown,1465,70320000,659250,0.009375
,,expert.layers.14.self_attn.o_proj,denoise,7,output,unknown,1465,52740000,512750,0.009722222222222222
,,expert.layers.14.self_attn.o_proj,denoise,7,weight_runtime_mask,unknown,1465,1012608000,19688953,0.019443805500252813
,,expert.layers.14.self_attn.o_proj,denoise,8,activation,unknown,1465,70320000,659250,0.009375
,,expert.layers.14.self_attn.o_proj,denoise,8,output,unknown,1465,52740000,512750,0.009722222222222222
,,expert.layers.14.self_attn.o_proj,denoise,8,weight_runtime_mask,unknown,1465,1012608000,19688960,0.01944381241309569
,,expert.layers.14.self_attn.o_proj,denoise,9,activation,unknown,1465,70320000,659250,0.009375
,,expert.layers.14.self_attn.o_proj,denoise,9,output,unknown,1465,52740000,512750,0.009722222222222222
,,expert.layers.14.self_attn.o_proj,denoise,9,weight_runtime_mask,unknown,1465,1012608000,19688365,0.019443224821451145
,,expert.layers.14.self_attn.q_proj,denoise,0,activation,self,1465,52740000,512750,0.009722222222222222
,,expert.layers.14.self_attn.q_proj,denoise,0,output,self,1465,70320000,659250,0.009375
,,expert.layers.14.self_attn.q_proj,denoise,0,weight_runtime_mask,self,1465,1012608000,20163078,0.019912027161547212
,,expert.layers.14.self_attn.q_proj,denoise,1,activation,self,1465,52740000,512750,0.009722222222222222
,,expert.layers.14.self_attn.q_proj,denoise,1,output,self,1465,70320000,659250,0.009375
,,expert.layers.14.self_attn.q_proj,denoise,1,weight_runtime_mask,self,1465,1012608000,20164281,0.019913215182973076
,,expert.layers.14.self_attn.q_proj,denoise,2,activation,self,1465,52740000,512750,0.009722222222222222
,,expert.layers.14.self_attn.q_proj,denoise,2,output,self,1465,70320000,659250,0.009375
,,expert.layers.14.self_attn.q_proj,denoise,2,weight_runtime_mask,self,1465,1012608000,20166104,0.019915015484768043
,,expert.layers.14.self_attn.q_proj,denoise,3,activation,self,1465,52740000,512750,0.009722222222222222
,,expert.layers.14.self_attn.q_proj,denoise,3,output,self,1465,70320000,659250,0.009375
,,expert.layers.14.self_attn.q_proj,denoise,3,weight_runtime_mask,self,1465,1012608000,20167031,0.019915930942674756
,,expert.layers.14.self_attn.q_proj,denoise,4,activation,self,1465,52740000,512750,0.009722222222222222
,,expert.layers.14.self_attn.q_proj,denoise,4,output,self,1465,70320000,659250,0.009375
,,expert.layers.14.self_attn.q_proj,denoise,4,weight_runtime_mask,self,1465,1012608000,20168502,0.01991738362722791
,,expert.layers.14.self_attn.q_proj,denoise,5,activation,self,1465,52740000,512750,0.009722222222222222
,,expert.layers.14.self_attn.q_proj,denoise,5,output,self,1465,70320000,659250,0.009375
,,expert.layers.14.self_attn.q_proj,denoise,5,weight_runtime_mask,self,1465,1012608000,20169750,0.019918616088357984
,,expert.layers.14.self_attn.q_proj,denoise,6,activation,self,1465,52740000,512750,0.009722222222222222
,,expert.layers.14.self_attn.q_proj,denoise,6,output,self,1465,70320000,659250,0.009375
,,expert.layers.14.self_attn.q_proj,denoise,6,weight_runtime_mask,self,1465,1012608000,20170333,0.019919191829414738
,,expert.layers.14.self_attn.q_proj,denoise,7,activation,self,1465,52740000,512750,0.009722222222222222
,,expert.layers.14.self_attn.q_proj,denoise,7,output,self,1465,70320000,659250,0.009375
,,expert.layers.14.self_attn.q_proj,denoise,7,weight_runtime_mask,self,1465,1012608000,20170481,0.019919337986664138
,,expert.layers.14.self_attn.q_proj,denoise,8,activation,self,1465,52740000,512750,0.009722222222222222
,,expert.layers.14.self_attn.q_proj,denoise,8,output,self,1465,70320000,659250,0.009375
,,expert.layers.14.self_attn.q_proj,denoise,8,weight_runtime_mask,self,1465,1012608000,20170230,0.01991909011186955
,,expert.layers.14.self_attn.q_proj,denoise,9,activation,self,1465,52740000,512750,0.009722222222222222
,,expert.layers.14.self_attn.q_proj,denoise,9,output,self,1465,70320000,659250,0.009375
,,expert.layers.14.self_attn.q_proj,denoise,9,weight_runtime_mask,self,1465,1012608000,20168900,0.01991777667172292
,,expert.layers.14.self_attn.v_proj,denoise,0,activation,self,1465,52740000,512750,0.009722222222222222
,,expert.layers.14.self_attn.v_proj,denoise,0,output,self,1465,23440000,219750,0.009375
,,expert.layers.14.self_attn.v_proj,denoise,0,weight_runtime_mask,self,1465,337536000,6669550,0.019759521947288586
,,expert.layers.14.self_attn.v_proj,denoise,1,activation,self,1465,52740000,512750,0.009722222222222222
,,expert.layers.14.self_attn.v_proj,denoise,1,output,self,1465,23440000,219750,0.009375
,,expert.layers.14.self_attn.v_proj,denoise,1,weight_runtime_mask,self,1465,337536000,6669849,0.019760407778725824
,,expert.layers.14.self_attn.v_proj,denoise,2,activation,self,1465,52740000,512750,0.009722222222222222
,,expert.layers.14.self_attn.v_proj,denoise,2,output,self,1465,23440000,219750,0.009375
,,expert.layers.14.self_attn.v_proj,denoise,2,weight_runtime_mask,self,1465,337536000,6670633,0.019762730493932498
,,expert.layers.14.self_attn.v_proj,denoise,3,activation,self,1465,52740000,512750,0.009722222222222222
,,expert.layers.14.self_attn.v_proj,denoise,3,output,self,1465,23440000,219750,0.009375
,,expert.layers.14.self_attn.v_proj,denoise,3,weight_runtime_mask,self,1465,337536000,6670935,0.01976362521331058
,,expert.layers.14.self_attn.v_proj,denoise,4,activation,self,1465,52740000,512750,0.009722222222222222
,,expert.layers.14.self_attn.v_proj,denoise,4,output,self,1465,23440000,219750,0.009375
,,expert.layers.14.self_attn.v_proj,denoise,4,weight_runtime_mask,self,1465,337536000,6671284,0.019764659177095183
,,expert.layers.14.self_attn.v_proj,denoise,5,activation,self,1465,52740000,512750,0.009722222222222222
,,expert.layers.14.self_attn.v_proj,denoise,5,output,self,1465,23440000,219750,0.009375
,,expert.layers.14.self_attn.v_proj,denoise,5,weight_runtime_mask,self,1465,337536000,6671280,0.019764647326507394
,,expert.layers.14.self_attn.v_proj,denoise,6,activation,self,1465,52740000,512750,0.009722222222222222
,,expert.layers.14.self_attn.v_proj,denoise,6,output,self,1465,23440000,219750,0.009375
,,expert.layers.14.self_attn.v_proj,denoise,6,weight_runtime_mask,self,1465,337536000,6670734,0.019763029721274174
,,expert.layers.14.self_attn.v_proj,denoise,7,activation,self,1465,52740000,512750,0.009722222222222222
,,expert.layers.14.self_attn.v_proj,denoise,7,output,self,1465,23440000,219750,0.009375
,,expert.layers.14.self_attn.v_proj,denoise,7,weight_runtime_mask,self,1465,337536000,6669605,0.019759684892870687
,,expert.layers.14.self_attn.v_proj,denoise,8,activation,self,1465,52740000,512750,0.009722222222222222
,,expert.layers.14.self_attn.v_proj,denoise,8,output,self,1465,23440000,219750,0.009375
,,expert.layers.14.self_attn.v_proj,denoise,8,weight_runtime_mask,self,1465,337536000,6667910,0.019754663206295032
,,expert.layers.14.self_attn.v_proj,denoise,9,activation,self,1465,52740000,512750,0.009722222222222222
,,expert.layers.14.self_attn.v_proj,denoise,9,output,self,1465,23440000,219750,0.009375
,,expert.layers.14.self_attn.v_proj,denoise,9,weight_runtime_mask,self,1465,337536000,6665389,0.019747194373340916
,,expert.layers.15.mlp.down_proj,denoise,0,activation,unknown,1465,150016000,1465000,0.009765625
,,expert.layers.15.mlp.down_proj,denoise,0,output,unknown,1465,52740000,512750,0.009722222222222222
,,expert.layers.15.mlp.down_proj,denoise,0,weight_runtime_mask,unknown,1465,2160230400,42654468,0.019745332720065414
,,expert.layers.15.mlp.down_proj,denoise,1,activation,unknown,1465,150016000,1465000,0.009765625
,,expert.layers.15.mlp.down_proj,denoise,1,output,unknown,1465,52740000,512750,0.009722222222222222
,,expert.layers.15.mlp.down_proj,denoise,1,weight_runtime_mask,unknown,1465,2160230400,42654630,0.01974540771206627
,,expert.layers.15.mlp.down_proj,denoise,2,activation,unknown,1465,150016000,1465000,0.009765625
,,expert.layers.15.mlp.down_proj,denoise,2,output,unknown,1465,52740000,512750,0.009722222222222222
,,expert.layers.15.mlp.down_proj,denoise,2,weight_runtime_mask,unknown,1465,2160230400,42654948,0.019745554918586462
,,expert.layers.15.mlp.down_proj,denoise,3,activation,unknown,1465,150016000,1465000,0.009765625
,,expert.layers.15.mlp.down_proj,denoise,3,output,unknown,1465,52740000,512750,0.009722222222222222
,,expert.layers.15.mlp.down_proj,denoise,3,weight_runtime_mask,unknown,1465,2160230400,42655175,0.019745659999970373
,,expert.layers.15.mlp.down_proj,denoise,4,activation,unknown,1465,150016000,1465000,0.009765625
,,expert.layers.15.mlp.down_proj,denoise,4,output,unknown,1465,52740000,512750,0.009722222222222222
,,expert.layers.15.mlp.down_proj,denoise,4,weight_runtime_mask,unknown,1465,2160230400,42655499,0.01974580998397208
,,expert.layers.15.mlp.down_proj,denoise,5,activation,unknown,1465,150016000,1465000,0.009765625
,,expert.layers.15.mlp.down_proj,denoise,5,output,unknown,1465,52740000,512750,0.009722222222222222
,,expert.layers.15.mlp.down_proj,denoise,5,weight_runtime_mask,unknown,1465,2160230400,42655848,0.019745971540813423
,,expert.layers.15.mlp.down_proj,denoise,6,activation,unknown,1465,150016000,1465000,0.009765625
,,expert.layers.15.mlp.down_proj,denoise,6,output,unknown,1465,52740000,512750,0.009722222222222222
,,expert.layers.15.mlp.down_proj,denoise,6,weight_runtime_mask,unknown,1465,2160230400,42656490,0.019746268731335323
,,expert.layers.15.mlp.down_proj,denoise,7,activation,unknown,1465,150016000,1465000,0.009765625
,,expert.layers.15.mlp.down_proj,denoise,7,output,unknown,1465,52740000,512750,0.009722222222222222
,,expert.layers.15.mlp.down_proj,denoise,7,weight_runtime_mask,unknown,1465,2160230400,42658312,0.01974711215988813
,,expert.layers.15.mlp.down_proj,denoise,8,activation,unknown,1465,150016000,1465000,0.009765625
,,expert.layers.15.mlp.down_proj,denoise,8,output,unknown,1465,52740000,512750,0.009722222222222222
,,expert.layers.15.mlp.down_proj,denoise,8,weight_runtime_mask,unknown,1465,2160230400,42661532,0.019748602741633484
,,expert.layers.15.mlp.down_proj,denoise,9,activation,unknown,1465,150016000,1465000,0.009765625
,,expert.layers.15.mlp.down_proj,denoise,9,output,unknown,1465,52740000,512750,0.009722222222222222
,,expert.layers.15.mlp.down_proj,denoise,9,weight_runtime_mask,unknown,1465,2160230400,42662826,0.01974920175181314
,,expert.layers.15.mlp.gate_proj,denoise,0,activation,unknown,1465,52740000,512750,0.009722222222222222
,,expert.layers.15.mlp.gate_proj,denoise,0,output,unknown,1465,150016000,1465000,0.009765625
,,expert.layers.15.mlp.gate_proj,denoise,0,weight_runtime_mask,unknown,1465,2160230400,42701394,0.01976705540297924
,,expert.layers.15.mlp.gate_proj,denoise,1,activation,unknown,1465,52740000,512750,0.009722222222222222
,,expert.layers.15.mlp.gate_proj,denoise,1,output,unknown,1465,150016000,1465000,0.009765625
,,expert.layers.15.mlp.gate_proj,denoise,1,weight_runtime_mask,unknown,1465,2160230400,42701148,0.019766941526237203
,,expert.layers.15.mlp.gate_proj,denoise,2,activation,unknown,1465,52740000,512750,0.009722222222222222
,,expert.layers.15.mlp.gate_proj,denoise,2,output,unknown,1465,150016000,1465000,0.009765625
,,expert.layers.15.mlp.gate_proj,denoise,2,weight_runtime_mask,unknown,1465,2160230400,42700882,0.019766818391223455
,,expert.layers.15.mlp.gate_proj,denoise,3,activation,unknown,1465,52740000,512750,0.009722222222222222
,,expert.layers.15.mlp.gate_proj,denoise,3,output,unknown,1465,150016000,1465000,0.009765625
,,expert.layers.15.mlp.gate_proj,denoise,3,weight_runtime_mask,unknown,1465,2160230400,42700693,0.019766730900555793
,,expert.layers.15.mlp.gate_proj,denoise,4,activation,unknown,1465,52740000,512750,0.009722222222222222
,,expert.layers.15.mlp.gate_proj,denoise,4,output,unknown,1465,150016000,1465000,0.009765625
,,expert.layers.15.mlp.gate_proj,denoise,4,weight_runtime_mask,unknown,1465,2160230400,42701298,0.019767010963275027
,,expert.layers.15.mlp.gate_proj,denoise,5,activation,unknown,1465,52740000,512750,0.009722222222222222
,,expert.layers.15.mlp.gate_proj,denoise,5,output,unknown,1465,150016000,1465000,0.009765625
,,expert.layers.15.mlp.gate_proj,denoise,5,weight_runtime_mask,unknown,1465,2160230400,42701593,0.019767147522782753
,,expert.layers.15.mlp.gate_proj,denoise,6,activation,unknown,1465,52740000,512750,0.009722222222222222
,,expert.layers.15.mlp.gate_proj,denoise,6,output,unknown,1465,150016000,1465000,0.009765625
,,expert.layers.15.mlp.gate_proj,denoise,6,weight_runtime_mask,unknown,1465,2160230400,42702544,0.01976758775360258
,,expert.layers.15.mlp.gate_proj,denoise,7,activation,unknown,1465,52740000,512750,0.009722222222222222
,,expert.layers.15.mlp.gate_proj,denoise,7,output,unknown,1465,150016000,1465000,0.009765625
,,expert.layers.15.mlp.gate_proj,denoise,7,weight_runtime_mask,unknown,1465,2160230400,42704227,0.019768366837166998
,,expert.layers.15.mlp.gate_proj,denoise,8,activation,unknown,1465,52740000,512750,0.009722222222222222
,,expert.layers.15.mlp.gate_proj,denoise,8,output,unknown,1465,150016000,1465000,0.009765625
,,expert.layers.15.mlp.gate_proj,denoise,8,weight_runtime_mask,unknown,1465,2160230400,42706233,0.01976929544181954
,,expert.layers.15.mlp.gate_proj,denoise,9,activation,unknown,1465,52740000,512750,0.009722222222222222
,,expert.layers.15.mlp.gate_proj,denoise,9,output,unknown,1465,150016000,1465000,0.009765625
,,expert.layers.15.mlp.gate_proj,denoise,9,weight_runtime_mask,unknown,1465,2160230400,42705700,0.01976904870887846
,,expert.layers.15.mlp.up_proj,denoise,0,activation,unknown,1465,52740000,512750,0.009722222222222222
,,expert.layers.15.mlp.up_proj,denoise,0,output,unknown,1465,150016000,1465000,0.009765625
,,expert.layers.15.mlp.up_proj,denoise,0,weight_runtime_mask,unknown,1465,2160230400,42541736,0.019693147545743268
,,expert.layers.15.mlp.up_proj,denoise,1,activation,unknown,1465,52740000,512750,0.009722222222222222
,,expert.layers.15.mlp.up_proj,denoise,1,output,unknown,1465,150016000,1465000,0.009765625
,,expert.layers.15.mlp.up_proj,denoise,1,weight_runtime_mask,unknown,1465,2160230400,42539329,0.019692033312742937
,,expert.layers.15.mlp.up_proj,denoise,2,activation,unknown,1465,52740000,512750,0.009722222222222222
,,expert.layers.15.mlp.up_proj,denoise,2,output,unknown,1465,150016000,1465000,0.009765625
,,expert.layers.15.mlp.up_proj,denoise,2,weight_runtime_mask,unknown,1465,2160230400,42538679,0.019691732418912353
,,expert.layers.15.mlp.up_proj,denoise,3,activation,unknown,1465,52740000,512750,0.009722222222222222
,,expert.layers.15.mlp.up_proj,denoise,3,output,unknown,1465,150016000,1465000,0.009765625
,,expert.layers.15.mlp.up_proj,denoise,3,weight_runtime_mask,unknown,1465,2160230400,42537817,0.01969133338740164
,,expert.layers.15.mlp.up_proj,denoise,4,activation,unknown,1465,52740000,512750,0.009722222222222222
,,expert.layers.15.mlp.up_proj,denoise,4,output,unknown,1465,150016000,1465000,0.009765625
,,expert.layers.15.mlp.up_proj,denoise,4,weight_runtime_mask,unknown,1465,2160230400,42537022,0.019690965371101158
,,expert.layers.15.mlp.up_proj,denoise,5,activation,unknown,1465,52740000,512750,0.009722222222222222
,,expert.layers.15.mlp.up_proj,denoise,5,output,unknown,1465,150016000,1465000,0.009765625
,,expert.layers.15.mlp.up_proj,denoise,5,weight_runtime_mask,unknown,1465,2160230400,42536966,0.019690939447940366
,,expert.layers.15.mlp.up_proj,denoise,6,activation,unknown,1465,52740000,512750,0.009722222222222222
,,expert.layers.15.mlp.up_proj,denoise,6,output,unknown,1465,150016000,1465000,0.009765625
,,expert.layers.15.mlp.up_proj,denoise,6,weight_runtime_mask,unknown,1465,2160230400,42537425,0.01969115192527612
,,expert.layers.15.mlp.up_proj,denoise,7,activation,unknown,1465,52740000,512750,0.009722222222222222
,,expert.layers.15.mlp.up_proj,denoise,7,output,unknown,1465,150016000,1465000,0.009765625
,,expert.layers.15.mlp.up_proj,denoise,7,weight_runtime_mask,unknown,1465,2160230400,42538030,0.019691431987995354
,,expert.layers.15.mlp.up_proj,denoise,8,activation,unknown,1465,52740000,512750,0.009722222222222222
,,expert.layers.15.mlp.up_proj,denoise,8,output,unknown,1465,150016000,1465000,0.009765625
,,expert.layers.15.mlp.up_proj,denoise,8,weight_runtime_mask,unknown,1465,2160230400,42537757,0.01969130561258651
,,expert.layers.15.mlp.up_proj,denoise,9,activation,unknown,1465,52740000,512750,0.009722222222222222
,,expert.layers.15.mlp.up_proj,denoise,9,output,unknown,1465,150016000,1465000,0.009765625
,,expert.layers.15.mlp.up_proj,denoise,9,weight_runtime_mask,unknown,1465,2160230400,42535086,0.0196900691703996
,,expert.layers.15.self_attn.k_proj,denoise,0,activation,cross,1465,82977600,777915,0.009375
,,expert.layers.15.self_attn.k_proj,denoise,0,output,cross,1465,82977600,777915,0.009375
,,expert.layers.15.self_attn.k_proj,denoise,0,weight_runtime_mask,cross,1465,150016000,2906560,0.019375
,,expert.layers.15.self_attn.k_proj,denoise,1,activation,cross,1465,82977600,777915,0.009375
,,expert.layers.15.self_attn.k_proj,denoise,1,output,cross,1465,82977600,777915,0.009375
,,expert.layers.15.self_attn.k_proj,denoise,1,weight_runtime_mask,cross,1465,150016000,2906560,0.019375
,,expert.layers.15.self_attn.k_proj,denoise,2,activation,cross,1465,82977600,777915,0.009375
,,expert.layers.15.self_attn.k_proj,denoise,2,output,cross,1465,82977600,777915,0.009375
,,expert.layers.15.self_attn.k_proj,denoise,2,weight_runtime_mask,cross,1465,150016000,2906560,0.019375
,,expert.layers.15.self_attn.k_proj,denoise,3,activation,cross,1465,82977600,777915,0.009375
,,expert.layers.15.self_attn.k_proj,denoise,3,output,cross,1465,82977600,777915,0.009375
,,expert.layers.15.self_attn.k_proj,denoise,3,weight_runtime_mask,cross,1465,150016000,2906560,0.019375
,,expert.layers.15.self_attn.k_proj,denoise,4,activation,cross,1465,82977600,777915,0.009375
,,expert.layers.15.self_attn.k_proj,denoise,4,output,cross,1465,82977600,777915,0.009375
,,expert.layers.15.self_attn.k_proj,denoise,4,weight_runtime_mask,cross,1465,150016000,2906560,0.019375
,,expert.layers.15.self_attn.k_proj,denoise,5,activation,cross,1465,82977600,777915,0.009375
,,expert.layers.15.self_attn.k_proj,denoise,5,output,cross,1465,82977600,777915,0.009375
,,expert.layers.15.self_attn.k_proj,denoise,5,weight_runtime_mask,cross,1465,150016000,2906560,0.019375
,,expert.layers.15.self_attn.k_proj,denoise,6,activation,cross,1465,82977600,777915,0.009375
,,expert.layers.15.self_attn.k_proj,denoise,6,output,cross,1465,82977600,777915,0.009375
,,expert.layers.15.self_attn.k_proj,denoise,6,weight_runtime_mask,cross,1465,150016000,2906560,0.019375
,,expert.layers.15.self_attn.k_proj,denoise,7,activation,cross,1465,82977600,777915,0.009375
,,expert.layers.15.self_attn.k_proj,denoise,7,output,cross,1465,82977600,777915,0.009375
,,expert.layers.15.self_attn.k_proj,denoise,7,weight_runtime_mask,cross,1465,150016000,2906560,0.019375
,,expert.layers.15.self_attn.k_proj,denoise,8,activation,cross,1465,82977600,777915,0.009375
,,expert.layers.15.self_attn.k_proj,denoise,8,output,cross,1465,82977600,777915,0.009375
,,expert.layers.15.self_attn.k_proj,denoise,8,weight_runtime_mask,cross,1465,150016000,2906560,0.019375
,,expert.layers.15.self_attn.k_proj,denoise,9,activation,cross,1465,82977600,777915,0.009375
,,expert.layers.15.self_attn.k_proj,denoise,9,output,cross,1465,82977600,777915,0.009375
,,expert.layers.15.self_attn.k_proj,denoise,9,weight_runtime_mask,cross,1465,150016000,2906560,0.019375
,,expert.layers.15.self_attn.o_proj,denoise,0,activation,unknown,1465,70320000,659250,0.009375
,,expert.layers.15.self_attn.o_proj,denoise,0,output,unknown,1465,52740000,512750,0.009722222222222222
,,expert.layers.15.self_attn.o_proj,denoise,0,weight_runtime_mask,unknown,1465,1012608000,19701612,0.01945630688282139
,,expert.layers.15.self_attn.o_proj,denoise,1,activation,unknown,1465,70320000,659250,0.009375
,,expert.layers.15.self_attn.o_proj,denoise,1,output,unknown,1465,52740000,512750,0.009722222222222222
,,expert.layers.15.self_attn.o_proj,denoise,1,weight_runtime_mask,unknown,1465,1012608000,19701554,0.019456249604980408
,,expert.layers.15.self_attn.o_proj,denoise,2,activation,unknown,1465,70320000,659250,0.009375
,,expert.layers.15.self_attn.o_proj,denoise,2,output,unknown,1465,52740000,512750,0.009722222222222222
,,expert.layers.15.self_attn.o_proj,denoise,2,weight_runtime_mask,unknown,1465,1012608000,19701425,0.019456122211161674
,,expert.layers.15.self_attn.o_proj,denoise,3,activation,unknown,1465,70320000,659250,0.009375
,,expert.layers.15.self_attn.o_proj,denoise,3,output,unknown,1465,52740000,512750,0.009722222222222222
,,expert.layers.15.self_attn.o_proj,denoise,3,weight_runtime_mask,unknown,1465,1012608000,19701633,0.01945632762135002
,,expert.layers.15.self_attn.o_proj,denoise,4,activation,unknown,1465,70320000,659250,0.009375
,,expert.layers.15.self_attn.o_proj,denoise,4,output,unknown,1465,52740000,512750,0.009722222222222222
,,expert.layers.15.self_attn.o_proj,denoise,4,weight_runtime_mask,unknown,1465,1012608000,19701795,0.019456487604285172
,,expert.layers.15.self_attn.o_proj,denoise,5,activation,unknown,1465,70320000,659250,0.009375
,,expert.layers.15.self_attn.o_proj,denoise,5,output,unknown,1465,52740000,512750,0.009722222222222222
,,expert.layers.15.self_attn.o_proj,denoise,5,weight_runtime_mask,unknown,1465,1012608000,19701950,0.01945664067437745
,,expert.layers.15.self_attn.o_proj,denoise,6,activation,unknown,1465,70320000,659250,0.009375
,,expert.layers.15.self_attn.o_proj,denoise,6,output,unknown,1465,52740000,512750,0.009722222222222222
,,expert.layers.15.self_attn.o_proj,denoise,6,weight_runtime_mask,unknown,1465,1012608000,19701763,0.019456456002717736
,,expert.layers.15.self_attn.o_proj,denoise,7,activation,unknown,1465,70320000,659250,0.009375
,,expert.layers.15.self_attn.o_proj,denoise,7,output,unknown,1465,52740000,512750,0.009722222222222222
,,expert.layers.15.self_attn.o_proj,denoise,7,weight_runtime_mask,unknown,1465,1012608000,19701924,0.019456614998103906
,,expert.layers.15.self_attn.o_proj,denoise,8,activation,unknown,1465,70320000,659250,0.009375
,,expert.layers.15.self_attn.o_proj,denoise,8,output,unknown,1465,52740000,512750,0.009722222222222222
,,expert.layers.15.self_attn.o_proj,denoise,8,weight_runtime_mask,unknown,1465,1012608000,19701853,0.019456544882126153
,,expert.layers.15.self_attn.o_proj,denoise,9,activation,unknown,1465,70320000,659250,0.009375
,,expert.layers.15.self_attn.o_proj,denoise,9,output,unknown,1465,52740000,512750,0.009722222222222222
,,expert.layers.15.self_attn.o_proj,denoise,9,weight_runtime_mask,unknown,1465,1012608000,19701762,0.019456455015168753
,,expert.layers.15.self_attn.q_proj,denoise,0,activation,cross,1465,52740000,512750,0.009722222222222222
,,expert.layers.15.self_attn.q_proj,denoise,0,output,cross,1465,70320000,659250,0.009375
,,expert.layers.15.self_attn.q_proj,denoise,0,weight_runtime_mask,cross,1465,1012608000,19970602,0.019721947683605107
,,expert.layers.15.self_attn.q_proj,denoise,1,activation,cross,1465,52740000,512750,0.009722222222222222
,,expert.layers.15.self_attn.q_proj,denoise,1,output,cross,1465,70320000,659250,0.009375
,,expert.layers.15.self_attn.q_proj,denoise,1,weight_runtime_mask,cross,1465,1012608000,19969882,0.019721236648337758
,,expert.layers.15.self_attn.q_proj,denoise,2,activation,cross,1465,52740000,512750,0.009722222222222222
,,expert.layers.15.self_attn.q_proj,denoise,2,output,cross,1465,70320000,659250,0.009375
,,expert.layers.15.self_attn.q_proj,denoise,2,weight_runtime_mask,cross,1465,1012608000,19968757,0.019720125655732525
,,expert.layers.15.self_attn.q_proj,denoise,3,activation,cross,1465,52740000,512750,0.009722222222222222
,,expert.layers.15.self_attn.q_proj,denoise,3,output,cross,1465,70320000,659250,0.009375
,,expert.layers.15.self_attn.q_proj,denoise,3,weight_runtime_mask,cross,1465,1012608000,19967483,0.01971886751832891
,,expert.layers.15.self_attn.q_proj,denoise,4,activation,cross,1465,52740000,512750,0.009722222222222222
,,expert.layers.15.self_attn.q_proj,denoise,4,output,cross,1465,70320000,659250,0.009375
,,expert.layers.15.self_attn.q_proj,denoise,4,weight_runtime_mask,cross,1465,1012608000,19966237,0.0197176370322968
,,expert.layers.15.self_attn.q_proj,denoise,5,activation,cross,1465,52740000,512750,0.009722222222222222
,,expert.layers.15.self_attn.q_proj,denoise,5,output,cross,1465,70320000,659250,0.009375
,,expert.layers.15.self_attn.q_proj,denoise,5,weight_runtime_mask,cross,1465,1012608000,19965006,0.01971642135949943
,,expert.layers.15.self_attn.q_proj,denoise,6,activation,cross,1465,52740000,512750,0.009722222222222222
,,expert.layers.15.self_attn.q_proj,denoise,6,output,cross,1465,70320000,659250,0.009375
,,expert.layers.15.self_attn.q_proj,denoise,6,weight_runtime_mask,cross,1465,1012608000,19963308,0.019714744501327267
,,expert.layers.15.self_attn.q_proj,denoise,7,activation,cross,1465,52740000,512750,0.009722222222222222
,,expert.layers.15.self_attn.q_proj,denoise,7,output,cross,1465,70320000,659250,0.009375
,,expert.layers.15.self_attn.q_proj,denoise,7,weight_runtime_mask,cross,1465,1012608000,19961176,0.019712639046896727
,,expert.layers.15.self_attn.q_proj,denoise,8,activation,cross,1465,52740000,512750,0.009722222222222222
,,expert.layers.15.self_attn.q_proj,denoise,8,output,cross,1465,70320000,659250,0.009375
,,expert.layers.15.self_attn.q_proj,denoise,8,weight_runtime_mask,cross,1465,1012608000,19957940,0.019709443338389584
,,expert.layers.15.self_attn.q_proj,denoise,9,activation,cross,1465,52740000,512750,0.009722222222222222
,,expert.layers.15.self_attn.q_proj,denoise,9,output,cross,1465,70320000,659250,0.009375
,,expert.layers.15.self_attn.q_proj,denoise,9,weight_runtime_mask,cross,1465,1012608000,19955965,0.019707492929149285
,,expert.layers.15.self_attn.v_proj,denoise,0,activation,cross,1465,82977600,777915,0.009375
,,expert.layers.15.self_attn.v_proj,denoise,0,output,cross,1465,82977600,777915,0.009375
,,expert.layers.15.self_attn.v_proj,denoise,0,weight_runtime_mask,cross,1465,150016000,2899299,0.01932659849616041
,,expert.layers.15.self_attn.v_proj,denoise,1,activation,cross,1465,82977600,777915,0.009375
,,expert.layers.15.self_attn.v_proj,denoise,1,output,cross,1465,82977600,777915,0.009375
,,expert.layers.15.self_attn.v_proj,denoise,1,weight_runtime_mask,cross,1465,150016000,2899299,0.01932659849616041
,,expert.layers.15.self_attn.v_proj,denoise,2,activation,cross,1465,82977600,777915,0.009375
,,expert.layers.15.self_attn.v_proj,denoise,2,output,cross,1465,82977600,777915,0.009375
,,expert.layers.15.self_attn.v_proj,denoise,2,weight_runtime_mask,cross,1465,150016000,2899299,0.01932659849616041
,,expert.layers.15.self_attn.v_proj,denoise,3,activation,cross,1465,82977600,777915,0.009375
,,expert.layers.15.self_attn.v_proj,denoise,3,output,cross,1465,82977600,777915,0.009375
,,expert.layers.15.self_attn.v_proj,denoise,3,weight_runtime_mask,cross,1465,150016000,2899299,0.01932659849616041
,,expert.layers.15.self_attn.v_proj,denoise,4,activation,cross,1465,82977600,777915,0.009375
,,expert.layers.15.self_attn.v_proj,denoise,4,output,cross,1465,82977600,777915,0.009375
,,expert.layers.15.self_attn.v_proj,denoise,4,weight_runtime_mask,cross,1465,150016000,2899299,0.01932659849616041
,,expert.layers.15.self_attn.v_proj,denoise,5,activation,cross,1465,82977600,777915,0.009375
,,expert.layers.15.self_attn.v_proj,denoise,5,output,cross,1465,82977600,777915,0.009375
,,expert.layers.15.self_attn.v_proj,denoise,5,weight_runtime_mask,cross,1465,150016000,2899299,0.01932659849616041
,,expert.layers.15.self_attn.v_proj,denoise,6,activation,cross,1465,82977600,777915,0.009375
,,expert.layers.15.self_attn.v_proj,denoise,6,output,cross,1465,82977600,777915,0.009375
,,expert.layers.15.self_attn.v_proj,denoise,6,weight_runtime_mask,cross,1465,150016000,2899299,0.01932659849616041
,,expert.layers.15.self_attn.v_proj,denoise,7,activation,cross,1465,82977600,777915,0.009375
,,expert.layers.15.self_attn.v_proj,denoise,7,output,cross,1465,82977600,777915,0.009375
,,expert.layers.15.self_attn.v_proj,denoise,7,weight_runtime_mask,cross,1465,150016000,2899299,0.01932659849616041
,,expert.layers.15.self_attn.v_proj,denoise,8,activation,cross,1465,82977600,777915,0.009375
,,expert.layers.15.self_attn.v_proj,denoise,8,output,cross,1465,82977600,777915,0.009375
,,expert.layers.15.self_attn.v_proj,denoise,8,weight_runtime_mask,cross,1465,150016000,2899299,0.01932659849616041
,,expert.layers.15.self_attn.v_proj,denoise,9,activation,cross,1465,82977600,777915,0.009375
,,expert.layers.15.self_attn.v_proj,denoise,9,output,cross,1465,82977600,777915,0.009375
,,expert.layers.15.self_attn.v_proj,denoise,9,weight_runtime_mask,cross,1465,150016000,2899299,0.01932659849616041
,,expert.layers.2.mlp.down_proj,denoise,0,activation,unknown,1465,150016000,1465000,0.009765625
,,expert.layers.2.mlp.down_proj,denoise,0,output,unknown,1465,52740000,512750,0.009722222222222222
,,expert.layers.2.mlp.down_proj,denoise,0,weight_runtime_mask,unknown,1465,2160230400,43474368,0.020124875568828214
,,expert.layers.2.mlp.down_proj,denoise,1,activation,unknown,1465,150016000,1465000,0.009765625
,,expert.layers.2.mlp.down_proj,denoise,1,output,unknown,1465,52740000,512750,0.009722222222222222
,,expert.layers.2.mlp.down_proj,denoise,1,weight_runtime_mask,unknown,1465,2160230400,43468801,0.02012229852889766
,,expert.layers.2.mlp.down_proj,denoise,2,activation,unknown,1465,150016000,1465000,0.009765625
,,expert.layers.2.mlp.down_proj,denoise,2,output,unknown,1465,52740000,512750,0.009722222222222222
,,expert.layers.2.mlp.down_proj,denoise,2,weight_runtime_mask,unknown,1465,2160230400,43464191,0.02012016449726844
,,expert.layers.2.mlp.down_proj,denoise,3,activation,unknown,1465,150016000,1465000,0.009765625
,,expert.layers.2.mlp.down_proj,denoise,3,output,unknown,1465,52740000,512750,0.009722222222222222
,,expert.layers.2.mlp.down_proj,denoise,3,weight_runtime_mask,unknown,1465,2160230400,43459733,0.02011810082850422
,,expert.layers.2.mlp.down_proj,denoise,4,activation,unknown,1465,150016000,1465000,0.009765625
,,expert.layers.2.mlp.down_proj,denoise,4,output,unknown,1465,52740000,512750,0.009722222222222222
,,expert.layers.2.mlp.down_proj,denoise,4,weight_runtime_mask,unknown,1465,2160230400,43455807,0.02011628342976749
,,expert.layers.2.mlp.down_proj,denoise,5,activation,unknown,1465,150016000,1465000,0.009765625
,,expert.layers.2.mlp.down_proj,denoise,5,output,unknown,1465,52740000,512750,0.009722222222222222
,,expert.layers.2.mlp.down_proj,denoise,5,weight_runtime_mask,unknown,1465,2160230400,43452875,0.020114926167134766
,,expert.layers.2.mlp.down_proj,denoise,6,activation,unknown,1465,150016000,1465000,0.009765625
,,expert.layers.2.mlp.down_proj,denoise,6,output,unknown,1465,52740000,512750,0.009722222222222222
,,expert.layers.2.mlp.down_proj,denoise,6,weight_runtime_mask,unknown,1465,2160230400,43448576,0.02011293610163064
,,expert.layers.2.mlp.down_proj,denoise,7,activation,unknown,1465,150016000,1465000,0.009765625
,,expert.layers.2.mlp.down_proj,denoise,7,output,unknown,1465,52740000,512750,0.009722222222222222
,,expert.layers.2.mlp.down_proj,denoise,7,weight_runtime_mask,unknown,1465,2160230400,43444713,0.0201111478664498
,,expert.layers.2.mlp.down_proj,denoise,8,activation,unknown,1465,150016000,1465000,0.009765625
,,expert.layers.2.mlp.down_proj,denoise,8,output,unknown,1465,52740000,512750,0.009722222222222222
,,expert.layers.2.mlp.down_proj,denoise,8,weight_runtime_mask,unknown,1465,2160230400,43442143,0.02010995817853503
,,expert.layers.2.mlp.down_proj,denoise,9,activation,unknown,1465,150016000,1465000,0.009765625
,,expert.layers.2.mlp.down_proj,denoise,9,output,unknown,1465,52740000,512750,0.009722222222222222
,,expert.layers.2.mlp.down_proj,denoise,9,weight_runtime_mask,unknown,1465,2160230400,43448152,0.020112739826270383
,,expert.layers.2.mlp.gate_proj,denoise,0,activation,unknown,1465,52740000,512750,0.009722222222222222
,,expert.layers.2.mlp.gate_proj,denoise,0,output,unknown,1465,150016000,1465000,0.009765625
,,expert.layers.2.mlp.gate_proj,denoise,0,weight_runtime_mask,unknown,1465,2160230400,42936839,0.019876046092120545
,,expert.layers.2.mlp.gate_proj,denoise,1,activation,unknown,1465,52740000,512750,0.009722222222222222
,,expert.layers.2.mlp.gate_proj,denoise,1,output,unknown,1465,150016000,1465000,0.009765625
,,expert.layers.2.mlp.gate_proj,denoise,1,weight_runtime_mask,unknown,1465,2160230400,42938062,0.019876612235435628
,,expert.layers.2.mlp.gate_proj,denoise,2,activation,unknown,1465,52740000,512750,0.009722222222222222
,,expert.layers.2.mlp.gate_proj,denoise,2,output,unknown,1465,150016000,1465000,0.009765625
,,expert.layers.2.mlp.gate_proj,denoise,2,weight_runtime_mask,unknown,1465,2160230400,42938462,0.019876797400869832
,,expert.layers.2.mlp.gate_proj,denoise,3,activation,unknown,1465,52740000,512750,0.009722222222222222
,,expert.layers.2.mlp.gate_proj,denoise,3,output,unknown,1465,150016000,1465000,0.009765625
,,expert.layers.2.mlp.gate_proj,denoise,3,weight_runtime_mask,unknown,1465,2160230400,42938356,0.019876748332029768
,,expert.layers.2.mlp.gate_proj,denoise,4,activation,unknown,1465,52740000,512750,0.009722222222222222
,,expert.layers.2.mlp.gate_proj,denoise,4,output,unknown,1465,150016000,1465000,0.009765625
,,expert.layers.2.mlp.gate_proj,denoise,4,weight_runtime_mask,unknown,1465,2160230400,42937675,0.019876433087878034
,,expert.layers.2.mlp.gate_proj,denoise,5,activation,unknown,1465,52740000,512750,0.009722222222222222
,,expert.layers.2.mlp.gate_proj,denoise,5,output,unknown,1465,150016000,1465000,0.009765625
,,expert.layers.2.mlp.gate_proj,denoise,5,weight_runtime_mask,unknown,1465,2160230400,42936894,0.019876071552367747
,,expert.layers.2.mlp.gate_proj,denoise,6,activation,unknown,1465,52740000,512750,0.009722222222222222
,,expert.layers.2.mlp.gate_proj,denoise,6,output,unknown,1465,150016000,1465000,0.009765625
,,expert.layers.2.mlp.gate_proj,denoise,6,weight_runtime_mask,unknown,1465,2160230400,42935581,0.01987546374682997
,,expert.layers.2.mlp.gate_proj,denoise,7,activation,unknown,1465,52740000,512750,0.009722222222222222
,,expert.layers.2.mlp.gate_proj,denoise,7,output,unknown,1465,150016000,1465000,0.009765625
,,expert.layers.2.mlp.gate_proj,denoise,7,weight_runtime_mask,unknown,1465,2160230400,42934292,0.01987486705121824
,,expert.layers.2.mlp.gate_proj,denoise,8,activation,unknown,1465,52740000,512750,0.009722222222222222
,,expert.layers.2.mlp.gate_proj,denoise,8,output,unknown,1465,150016000,1465000,0.009765625
,,expert.layers.2.mlp.gate_proj,denoise,8,weight_runtime_mask,unknown,1465,2160230400,42933315,0.019874414784645193
,,expert.layers.2.mlp.gate_proj,denoise,9,activation,unknown,1465,52740000,512750,0.009722222222222222
,,expert.layers.2.mlp.gate_proj,denoise,9,output,unknown,1465,150016000,1465000,0.009765625
,,expert.layers.2.mlp.gate_proj,denoise,9,weight_runtime_mask,unknown,1465,2160230400,42932576,0.0198740726915055
,,expert.layers.2.mlp.up_proj,denoise,0,activation,unknown,1465,52740000,512750,0.009722222222222222
,,expert.layers.2.mlp.up_proj,denoise,0,output,unknown,1465,150016000,1465000,0.009765625
,,expert.layers.2.mlp.up_proj,denoise,0,weight_runtime_mask,unknown,1465,2160230400,42746676,0.019788017055958475
,,expert.layers.2.mlp.up_proj,denoise,1,activation,unknown,1465,52740000,512750,0.009722222222222222
,,expert.layers.2.mlp.up_proj,denoise,1,output,unknown,1465,150016000,1465000,0.009765625
,,expert.layers.2.mlp.up_proj,denoise,1,weight_runtime_mask,unknown,1465,2160230400,42740548,0.019785180321506446
,,expert.layers.2.mlp.up_proj,denoise,2,activation,unknown,1465,52740000,512750,0.009722222222222222
,,expert.layers.2.mlp.up_proj,denoise,2,output,unknown,1465,150016000,1465000,0.009765625
,,expert.layers.2.mlp.up_proj,denoise,2,weight_runtime_mask,unknown,1465,2160230400,42738355,0.019784165152013415
,,expert.layers.2.mlp.up_proj,denoise,3,activation,unknown,1465,52740000,512750,0.009722222222222222
,,expert.layers.2.mlp.up_proj,denoise,3,output,unknown,1465,150016000,1465000,0.009765625
,,expert.layers.2.mlp.up_proj,denoise,3,weight_runtime_mask,unknown,1465,2160230400,42737619,0.019783824447614475
,,expert.layers.2.mlp.up_proj,denoise,4,activation,unknown,1465,52740000,512750,0.009722222222222222
,,expert.layers.2.mlp.up_proj,denoise,4,output,unknown,1465,150016000,1465000,0.009765625
,,expert.layers.2.mlp.up_proj,denoise,4,weight_runtime_mask,unknown,1465,2160230400,42738216,0.01978410080702503
,,expert.layers.2.mlp.up_proj,denoise,5,activation,unknown,1465,52740000,512750,0.009722222222222222
,,expert.layers.2.mlp.up_proj,denoise,5,output,unknown,1465,150016000,1465000,0.009765625
,,expert.layers.2.mlp.up_proj,denoise,5,weight_runtime_mask,unknown,1465,2160230400,42738716,0.019784332263817785
,,expert.layers.2.mlp.up_proj,denoise,6,activation,unknown,1465,52740000,512750,0.009722222222222222
,,expert.layers.2.mlp.up_proj,denoise,6,output,unknown,1465,150016000,1465000,0.009765625
,,expert.layers.2.mlp.up_proj,denoise,6,weight_runtime_mask,unknown,1465,2160230400,42739483,0.019784687318537875
,,expert.layers.2.mlp.up_proj,denoise,7,activation,unknown,1465,52740000,512750,0.009722222222222222
,,expert.layers.2.mlp.up_proj,denoise,7,output,unknown,1465,150016000,1465000,0.009765625
,,expert.layers.2.mlp.up_proj,denoise,7,weight_runtime_mask,unknown,1465,2160230400,42740129,0.019784986360714116
,,expert.layers.2.mlp.up_proj,denoise,8,activation,unknown,1465,52740000,512750,0.009722222222222222
,,expert.layers.2.mlp.up_proj,denoise,8,output,unknown,1465,150016000,1465000,0.009765625
,,expert.layers.2.mlp.up_proj,denoise,8,weight_runtime_mask,unknown,1465,2160230400,42740056,0.019784952568022374
,,expert.layers.2.mlp.up_proj,denoise,9,activation,unknown,1465,52740000,512750,0.009722222222222222
,,expert.layers.2.mlp.up_proj,denoise,9,output,unknown,1465,150016000,1465000,0.009765625
,,expert.layers.2.mlp.up_proj,denoise,9,weight_runtime_mask,unknown,1465,2160230400,42740855,0.0197853224359772
,,expert.layers.2.self_attn.k_proj,denoise,0,activation,self,1465,52740000,512750,0.009722222222222222
,,expert.layers.2.self_attn.k_proj,denoise,0,output,self,1465,23440000,219750,0.009375
,,expert.layers.2.self_attn.k_proj,denoise,0,weight_runtime_mask,self,1465,337536000,6815202,0.020191037400455063
,,expert.layers.2.self_attn.k_proj,denoise,1,activation,self,1465,52740000,512750,0.009722222222222222
,,expert.layers.2.self_attn.k_proj,denoise,1,output,self,1465,23440000,219750,0.009375
,,expert.layers.2.self_attn.k_proj,denoise,1,weight_runtime_mask,self,1465,337536000,6815664,0.02019240614334471
,,expert.layers.2.self_attn.k_proj,denoise,2,activation,self,1465,52740000,512750,0.009722222222222222
,,expert.layers.2.self_attn.k_proj,denoise,2,output,self,1465,23440000,219750,0.009375
,,expert.layers.2.self_attn.k_proj,denoise,2,weight_runtime_mask,self,1465,337536000,6815932,0.020193200132726585
,,expert.layers.2.self_attn.k_proj,denoise,3,activation,self,1465,52740000,512750,0.009722222222222222
,,expert.layers.2.self_attn.k_proj,denoise,3,output,self,1465,23440000,219750,0.009375
,,expert.layers.2.self_attn.k_proj,denoise,3,weight_runtime_mask,self,1465,337536000,6815907,0.0201931260665529
,,expert.layers.2.self_attn.k_proj,denoise,4,activation,self,1465,52740000,512750,0.009722222222222222
,,expert.layers.2.self_attn.k_proj,denoise,4,output,self,1465,23440000,219750,0.009375
,,expert.layers.2.self_attn.k_proj,denoise,4,weight_runtime_mask,self,1465,337536000,6816080,0.020193638604474783
,,expert.layers.2.self_attn.k_proj,denoise,5,activation,self,1465,52740000,512750,0.009722222222222222
,,expert.layers.2.self_attn.k_proj,denoise,5,output,self,1465,23440000,219750,0.009375
,,expert.layers.2.self_attn.k_proj,denoise,5,weight_runtime_mask,self,1465,337536000,6816161,0.020193878578877514
,,expert.layers.2.self_attn.k_proj,denoise,6,activation,self,1465,52740000,512750,0.009722222222222222
,,expert.layers.2.self_attn.k_proj,denoise,6,output,self,1465,23440000,219750,0.009375
,,expert.layers.2.self_attn.k_proj,denoise,6,weight_runtime_mask,self,1465,337536000,6816040,0.02019352009859689
,,expert.layers.2.self_attn.k_proj,denoise,7,activation,self,1465,52740000,512750,0.009722222222222222
,,expert.layers.2.self_attn.k_proj,denoise,7,output,self,1465,23440000,219750,0.009375
,,expert.layers.2.self_attn.k_proj,denoise,7,weight_runtime_mask,self,1465,337536000,6815635,0.020192320226583238
,,expert.layers.2.self_attn.k_proj,denoise,8,activation,self,1465,52740000,512750,0.009722222222222222
,,expert.layers.2.self_attn.k_proj,denoise,8,output,self,1465,23440000,219750,0.009375
,,expert.layers.2.self_attn.k_proj,denoise,8,weight_runtime_mask,self,1465,337536000,6814344,0.02018849544937429
,,expert.layers.2.self_attn.k_proj,denoise,9,activation,self,1465,52740000,512750,0.009722222222222222
,,expert.layers.2.self_attn.k_proj,denoise,9,output,self,1465,23440000,219750,0.009375
,,expert.layers.2.self_attn.k_proj,denoise,9,weight_runtime_mask,self,1465,337536000,6813490,0.020185965348881306
,,expert.layers.2.self_attn.o_proj,denoise,0,activation,unknown,1465,70320000,659250,0.009375
,,expert.layers.2.self_attn.o_proj,denoise,0,output,unknown,1465,52740000,512750,0.009722222222222222
,,expert.layers.2.self_attn.o_proj,denoise,0,weight_runtime_mask,unknown,1465,1012608000,19680051,0.019435014339211226
,,expert.layers.2.self_attn.o_proj,denoise,1,activation,unknown,1465,70320000,659250,0.009375
,,expert.layers.2.self_attn.o_proj,denoise,1,output,unknown,1465,52740000,512750,0.009722222222222222
,,expert.layers.2.self_attn.o_proj,denoise,1,weight_runtime_mask,unknown,1465,1012608000,19679625,0.01943459364334471
,,expert.layers.2.self_attn.o_proj,denoise,2,activation,unknown,1465,70320000,659250,0.009375
,,expert.layers.2.self_attn.o_proj,denoise,2,output,unknown,1465,52740000,512750,0.009722222222222222
,,expert.layers.2.self_attn.o_proj,denoise,2,weight_runtime_mask,unknown,1465,1012608000,19679237,0.019434210474339526
,,expert.layers.2.self_attn.o_proj,denoise,3,activation,unknown,1465,70320000,659250,0.009375
,,expert.layers.2.self_attn.o_proj,denoise,3,output,unknown,1465,52740000,512750,0.009722222222222222
,,expert.layers.2.self_attn.o_proj,denoise,3,weight_runtime_mask,unknown,1465,1012608000,19679235,0.019434208499241563
,,expert.layers.2.self_attn.o_proj,denoise,4,activation,unknown,1465,70320000,659250,0.009375
,,expert.layers.2.self_attn.o_proj,denoise,4,output,unknown,1465,52740000,512750,0.009722222222222222
,,expert.layers.2.self_attn.o_proj,denoise,4,weight_runtime_mask,unknown,1465,1012608000,19679949,0.019434913609215017
,,expert.layers.2.self_attn.o_proj,denoise,5,activation,unknown,1465,70320000,659250,0.009375
,,expert.layers.2.self_attn.o_proj,denoise,5,output,unknown,1465,52740000,512750,0.009722222222222222
,,expert.layers.2.self_attn.o_proj,denoise,5,weight_runtime_mask,unknown,1465,1012608000,19682864,0.019437792314498797
,,expert.layers.2.self_attn.o_proj,denoise,6,activation,unknown,1465,70320000,659250,0.009375
,,expert.layers.2.self_attn.o_proj,denoise,6,output,unknown,1465,52740000,512750,0.009722222222222222
,,expert.layers.2.self_attn.o_proj,denoise,6,weight_runtime_mask,unknown,1465,1012608000,19687465,0.019442336027366957
,,expert.layers.2.self_attn.o_proj,denoise,7,activation,unknown,1465,70320000,659250,0.009375
,,expert.layers.2.self_attn.o_proj,denoise,7,output,unknown,1465,52740000,512750,0.009722222222222222
,,expert.layers.2.self_attn.o_proj,denoise,7,weight_runtime_mask,unknown,1465,1012608000,19690532,0.01944536484009607
,,expert.layers.2.self_attn.o_proj,denoise,8,activation,unknown,1465,70320000,659250,0.009375
,,expert.layers.2.self_attn.o_proj,denoise,8,output,unknown,1465,52740000,512750,0.009722222222222222
,,expert.layers.2.self_attn.o_proj,denoise,8,weight_runtime_mask,unknown,1465,1012608000,19691182,0.019446006746934648
,,expert.layers.2.self_attn.o_proj,denoise,9,activation,unknown,1465,70320000,659250,0.009375
,,expert.layers.2.self_attn.o_proj,denoise,9,output,unknown,1465,52740000,512750,0.009722222222222222
,,expert.layers.2.self_attn.o_proj,denoise,9,weight_runtime_mask,unknown,1465,1012608000,19690066,0.019444904642270257
,,expert.layers.2.self_attn.q_proj,denoise,0,activation,self,1465,52740000,512750,0.009722222222222222
,,expert.layers.2.self_attn.q_proj,denoise,0,output,self,1465,70320000,659250,0.009375
,,expert.layers.2.self_attn.q_proj,denoise,0,weight_runtime_mask,self,1465,1012608000,19935704,0.01968748419921628
,,expert.layers.2.self_attn.q_proj,denoise,1,activation,self,1465,52740000,512750,0.009722222222222222
,,expert.layers.2.self_attn.q_proj,denoise,1,output,self,1465,70320000,659250,0.009375
,,expert.layers.2.self_attn.q_proj,denoise,1,weight_runtime_mask,self,1465,1012608000,19932231,0.019684054441600304
,,expert.layers.2.self_attn.q_proj,denoise,2,activation,self,1465,52740000,512750,0.009722222222222222
,,expert.layers.2.self_attn.q_proj,denoise,2,output,self,1465,70320000,659250,0.009375
,,expert.layers.2.self_attn.q_proj,denoise,2,weight_runtime_mask,self,1465,1012608000,19930144,0.019681993426873972
,,expert.layers.2.self_attn.q_proj,denoise,3,activation,self,1465,52740000,512750,0.009722222222222222
,,expert.layers.2.self_attn.q_proj,denoise,3,output,self,1465,70320000,659250,0.009375
,,expert.layers.2.self_attn.q_proj,denoise,3,weight_runtime_mask,self,1465,1012608000,19929264,0.019681124383769434
,,expert.layers.2.self_attn.q_proj,denoise,4,activation,self,1465,52740000,512750,0.009722222222222222
,,expert.layers.2.self_attn.q_proj,denoise,4,output,self,1465,70320000,659250,0.009375
,,expert.layers.2.self_attn.q_proj,denoise,4,weight_runtime_mask,self,1465,1012608000,19928231,0.019680104245670585
,,expert.layers.2.self_attn.q_proj,denoise,5,activation,self,1465,52740000,512750,0.009722222222222222
,,expert.layers.2.self_attn.q_proj,denoise,5,output,self,1465,70320000,659250,0.009375
,,expert.layers.2.self_attn.q_proj,denoise,5,weight_runtime_mask,self,1465,1012608000,19927183,0.019679069294337
,,expert.layers.2.self_attn.q_proj,denoise,6,activation,self,1465,52740000,512750,0.009722222222222222
,,expert.layers.2.self_attn.q_proj,denoise,6,output,self,1465,70320000,659250,0.009375
,,expert.layers.2.self_attn.q_proj,denoise,6,weight_runtime_mask,self,1465,1012608000,19924791,0.019676707077171028
,,expert.layers.2.self_attn.q_proj,denoise,7,activation,self,1465,52740000,512750,0.009722222222222222
,,expert.layers.2.self_attn.q_proj,denoise,7,output,self,1465,70320000,659250,0.009375
,,expert.layers.2.self_attn.q_proj,denoise,7,weight_runtime_mask,self,1465,1012608000,19922577,0.01967452064372393
,,expert.layers.2.self_attn.q_proj,denoise,8,activation,self,1465,52740000,512750,0.009722222222222222
,,expert.layers.2.self_attn.q_proj,denoise,8,output,self,1465,70320000,659250,0.009375
,,expert.layers.2.self_attn.q_proj,denoise,8,weight_runtime_mask,self,1465,1012608000,19920817,0.019672782557514853
,,expert.layers.2.self_attn.q_proj,denoise,9,activation,self,1465,52740000,512750,0.009722222222222222
,,expert.layers.2.self_attn.q_proj,denoise,9,output,self,1465,70320000,659250,0.009375
,,expert.layers.2.self_attn.q_proj,denoise,9,weight_runtime_mask,self,1465,1012608000,19920424,0.019672394450764758
,,expert.layers.2.self_attn.v_proj,denoise,0,activation,self,1465,52740000,512750,0.009722222222222222
,,expert.layers.2.self_attn.v_proj,denoise,0,output,self,1465,23440000,219750,0.009375
,,expert.layers.2.self_attn.v_proj,denoise,0,weight_runtime_mask,self,1465,337536000,6727030,0.019929814893818735
,,expert.layers.2.self_attn.v_proj,denoise,1,activation,self,1465,52740000,512750,0.009722222222222222
,,expert.layers.2.self_attn.v_proj,denoise,1,output,self,1465,23440000,219750,0.009375
,,expert.layers.2.self_attn.v_proj,denoise,1,weight_runtime_mask,self,1465,337536000,6728417,0.019933924085134624
,,expert.layers.2.self_attn.v_proj,denoise,2,activation,self,1465,52740000,512750,0.009722222222222222
,,expert.layers.2.self_attn.v_proj,denoise,2,output,self,1465,23440000,219750,0.009375
,,expert.layers.2.self_attn.v_proj,denoise,2,weight_runtime_mask,self,1465,337536000,6728939,0.019935470586841107
,,expert.layers.2.self_attn.v_proj,denoise,3,activation,self,1465,52740000,512750,0.009722222222222222
,,expert.layers.2.self_attn.v_proj,denoise,3,output,self,1465,23440000,219750,0.009375
,,expert.layers.2.self_attn.v_proj,denoise,3,weight_runtime_mask,self,1465,337536000,6728999,0.019935648345657943
,,expert.layers.2.self_attn.v_proj,denoise,4,activation,self,1465,52740000,512750,0.009722222222222222
,,expert.layers.2.self_attn.v_proj,denoise,4,output,self,1465,23440000,219750,0.009375
,,expert.layers.2.self_attn.v_proj,denoise,4,weight_runtime_mask,self,1465,337536000,6728950,0.019935503175957527
,,expert.layers.2.self_attn.v_proj,denoise,5,activation,self,1465,52740000,512750,0.009722222222222222
,,expert.layers.2.self_attn.v_proj,denoise,5,output,self,1465,23440000,219750,0.009375
,,expert.layers.2.self_attn.v_proj,denoise,5,weight_runtime_mask,self,1465,337536000,6728974,0.019935574279484263
,,expert.layers.2.self_attn.v_proj,denoise,6,activation,self,1465,52740000,512750,0.009722222222222222
,,expert.layers.2.self_attn.v_proj,denoise,6,output,self,1465,23440000,219750,0.009375
,,expert.layers.2.self_attn.v_proj,denoise,6,weight_runtime_mask,self,1465,337536000,6728960,0.019935532802427
,,expert.layers.2.self_attn.v_proj,denoise,7,activation,self,1465,52740000,512750,0.009722222222222222
,,expert.layers.2.self_attn.v_proj,denoise,7,output,self,1465,23440000,219750,0.009375
,,expert.layers.2.self_attn.v_proj,denoise,7,weight_runtime_mask,self,1465,337536000,6729052,0.01993580536594615
,,expert.layers.2.self_attn.v_proj,denoise,8,activation,self,1465,52740000,512750,0.009722222222222222
,,expert.layers.2.self_attn.v_proj,denoise,8,output,self,1465,23440000,219750,0.009375
,,expert.layers.2.self_attn.v_proj,denoise,8,weight_runtime_mask,self,1465,337536000,6729485,0.019937088192074327
,,expert.layers.2.self_attn.v_proj,denoise,9,activation,self,1465,52740000,512750,0.009722222222222222
,,expert.layers.2.self_attn.v_proj,denoise,9,output,self,1465,23440000,219750,0.009375
,,expert.layers.2.self_attn.v_proj,denoise,9,weight_runtime_mask,self,1465,337536000,6730583,0.01994034117842245
,,expert.layers.3.mlp.down_proj,denoise,0,activation,unknown,1465,150016000,1465000,0.009765625
,,expert.layers.3.mlp.down_proj,denoise,0,output,unknown,1465,52740000,512750,0.009722222222222222
,,expert.layers.3.mlp.down_proj,denoise,0,weight_runtime_mask,unknown,1465,2160230400,43035243,0.019921598640589448
,,expert.layers.3.mlp.down_proj,denoise,1,activation,unknown,1465,150016000,1465000,0.009765625
,,expert.layers.3.mlp.down_proj,denoise,1,output,unknown,1465,52740000,512750,0.009722222222222222
,,expert.layers.3.mlp.down_proj,denoise,1,weight_runtime_mask,unknown,1465,2160230400,43033912,0.01992098250260713
,,expert.layers.3.mlp.down_proj,denoise,2,activation,unknown,1465,150016000,1465000,0.009765625
,,expert.layers.3.mlp.down_proj,denoise,2,output,unknown,1465,52740000,512750,0.009722222222222222
,,expert.layers.3.mlp.down_proj,denoise,2,weight_runtime_mask,unknown,1465,2160230400,43032214,0.019920196475338926
,,expert.layers.3.mlp.down_proj,denoise,3,activation,unknown,1465,150016000,1465000,0.009765625
,,expert.layers.3.mlp.down_proj,denoise,3,output,unknown,1465,52740000,512750,0.009722222222222222
,,expert.layers.3.mlp.down_proj,denoise,3,weight_runtime_mask,unknown,1465,2160230400,43033278,0.019920689015393914
,,expert.layers.3.mlp.down_proj,denoise,4,activation,unknown,1465,150016000,1465000,0.009765625
,,expert.layers.3.mlp.down_proj,denoise,4,output,unknown,1465,52740000,512750,0.009722222222222222
,,expert.layers.3.mlp.down_proj,denoise,4,weight_runtime_mask,unknown,1465,2160230400,43033465,0.019920775580234404
,,expert.layers.3.mlp.down_proj,denoise,5,activation,unknown,1465,150016000,1465000,0.009765625
,,expert.layers.3.mlp.down_proj,denoise,5,output,unknown,1465,52740000,512750,0.009722222222222222
,,expert.layers.3.mlp.down_proj,denoise,5,weight_runtime_mask,unknown,1465,2160230400,43034148,0.01992109175021331
,,expert.layers.3.mlp.down_proj,denoise,6,activation,unknown,1465,150016000,1465000,0.009765625
,,expert.layers.3.mlp.down_proj,denoise,6,output,unknown,1465,52740000,512750,0.009722222222222222
,,expert.layers.3.mlp.down_proj,denoise,6,weight_runtime_mask,unknown,1465,2160230400,43034762,0.019921375979154814
,,expert.layers.3.mlp.down_proj,denoise,7,activation,unknown,1465,150016000,1465000,0.009765625
,,expert.layers.3.mlp.down_proj,denoise,7,output,unknown,1465,52740000,512750,0.009722222222222222
,,expert.layers.3.mlp.down_proj,denoise,7,weight_runtime_mask,unknown,1465,2160230400,43032482,0.019920320536179845
,,expert.layers.3.mlp.down_proj,denoise,8,activation,unknown,1465,150016000,1465000,0.009765625
,,expert.layers.3.mlp.down_proj,denoise,8,output,unknown,1465,52740000,512750,0.009722222222222222
,,expert.layers.3.mlp.down_proj,denoise,8,weight_runtime_mask,unknown,1465,2160230400,43029599,0.019918985956312807
,,expert.layers.3.mlp.down_proj,denoise,9,activation,unknown,1465,150016000,1465000,0.009765625
,,expert.layers.3.mlp.down_proj,denoise,9,output,unknown,1465,52740000,512750,0.009722222222222222
,,expert.layers.3.mlp.down_proj,denoise,9,weight_runtime_mask,unknown,1465,2160230400,43025899,0.019917273176046406
,,expert.layers.3.mlp.gate_proj,denoise,0,activation,unknown,1465,52740000,512750,0.009722222222222222
,,expert.layers.3.mlp.gate_proj,denoise,0,output,unknown,1465,150016000,1465000,0.009765625
,,expert.layers.3.mlp.gate_proj,denoise,0,weight_runtime_mask,unknown,1465,2160230400,43508426,0.020140641479723644
,,expert.layers.3.mlp.gate_proj,denoise,1,activation,unknown,1465,52740000,512750,0.009722222222222222
,,expert.layers.3.mlp.gate_proj,denoise,1,output,unknown,1465,150016000,1465000,0.009765625
,,expert.layers.3.mlp.gate_proj,denoise,1,weight_runtime_mask,unknown,1465,2160230400,43514180,0.02014330508449469
,,expert.layers.3.mlp.gate_proj,denoise,2,activation,unknown,1465,52740000,512750,0.009722222222222222
,,expert.layers.3.mlp.gate_proj,denoise,2,output,unknown,1465,150016000,1465000,0.009765625
,,expert.layers.3.mlp.gate_proj,denoise,2,weight_runtime_mask,unknown,1465,2160230400,43517546,0.02014486325162353
,,expert.layers.3.mlp.gate_proj,denoise,3,activation,unknown,1465,52740000,512750,0.009722222222222222
,,expert.layers.3.mlp.gate_proj,denoise,3,output,unknown,1465,150016000,1465000,0.009765625
,,expert.layers.3.mlp.gate_proj,denoise,3,weight_runtime_mask,unknown,1465,2160230400,43520171,0.020146078399785505
,,expert.layers.3.mlp.gate_proj,denoise,4,activation,unknown,1465,52740000,512750,0.009722222222222222
,,expert.layers.3.mlp.gate_proj,denoise,4,output,unknown,1465,150016000,1465000,0.009765625
,,expert.layers.3.mlp.gate_proj,denoise,4,weight_runtime_mask,unknown,1465,2160230400,43522438,0.020147127824883863
,,expert.layers.3.mlp.gate_proj,denoise,5,activation,unknown,1465,52740000,512750,0.009722222222222222
,,expert.layers.3.mlp.gate_proj,denoise,5,output,unknown,1465,150016000,1465000,0.009765625
,,expert.layers.3.mlp.gate_proj,denoise,5,weight_runtime_mask,unknown,1465,2160230400,43524540,0.020148100869240616
,,expert.layers.3.mlp.gate_proj,denoise,6,activation,unknown,1465,52740000,512750,0.009722222222222222
,,expert.layers.3.mlp.gate_proj,denoise,6,output,unknown,1465,150016000,1465000,0.009765625
,,expert.layers.3.mlp.gate_proj,denoise,6,weight_runtime_mask,unknown,1465,2160230400,43526405,0.020148964203077598
,,expert.layers.3.mlp.gate_proj,denoise,7,activation,unknown,1465,52740000,512750,0.009722222222222222
,,expert.layers.3.mlp.gate_proj,denoise,7,output,unknown,1465,150016000,1465000,0.009765625
,,expert.layers.3.mlp.gate_proj,denoise,7,weight_runtime_mask,unknown,1465,2160230400,43528003,0.020149703938987247
,,expert.layers.3.mlp.gate_proj,denoise,8,activation,unknown,1465,52740000,512750,0.009722222222222222
,,expert.layers.3.mlp.gate_proj,denoise,8,output,unknown,1465,150016000,1465000,0.009765625
,,expert.layers.3.mlp.gate_proj,denoise,8,weight_runtime_mask,unknown,1465,2160230400,43528231,0.020149809483284747
,,expert.layers.3.mlp.gate_proj,denoise,9,activation,unknown,1465,52740000,512750,0.009722222222222222
,,expert.layers.3.mlp.gate_proj,denoise,9,output,unknown,1465,150016000,1465000,0.009765625
,,expert.layers.3.mlp.gate_proj,denoise,9,weight_runtime_mask,unknown,1465,2160230400,43529507,0.020150400161019863
,,expert.layers.3.mlp.up_proj,denoise,0,activation,unknown,1465,52740000,512750,0.009722222222222222
,,expert.layers.3.mlp.up_proj,denoise,0,output,unknown,1465,150016000,1465000,0.009765625
,,expert.layers.3.mlp.up_proj,denoise,0,weight_runtime_mask,unknown,1465,2160230400,42478588,0.019663915478645242
,,expert.layers.3.mlp.up_proj,denoise,1,activation,unknown,1465,52740000,512750,0.009722222222222222
,,expert.layers.3.mlp.up_proj,denoise,1,output,unknown,1465,150016000,1465000,0.009765625
,,expert.layers.3.mlp.up_proj,denoise,1,weight_runtime_mask,unknown,1465,2160230400,42475329,0.01966240684327005
,,expert.layers.3.mlp.up_proj,denoise,2,activation,unknown,1465,52740000,512750,0.009722222222222222
,,expert.layers.3.mlp.up_proj,denoise,2,output,unknown,1465,150016000,1465000,0.009765625
,,expert.layers.3.mlp.up_proj,denoise,2,weight_runtime_mask,unknown,1465,2160230400,42473528,0.01966157313590254
,,expert.layers.3.mlp.up_proj,denoise,3,activation,unknown,1465,52740000,512750,0.009722222222222222
,,expert.layers.3.mlp.up_proj,denoise,3,output,unknown,1465,150016000,1465000,0.009765625
,,expert.layers.3.mlp.up_proj,denoise,3,weight_runtime_mask,unknown,1465,2160230400,42472901,0.019661282889084423
,,expert.layers.3.mlp.up_proj,denoise,4,activation,unknown,1465,52740000,512750,0.009722222222222222
,,expert.layers.3.mlp.up_proj,denoise,4,output,unknown,1465,150016000,1465000,0.009765625
,,expert.layers.3.mlp.up_proj,denoise,4,weight_runtime_mask,unknown,1465,2160230400,42472283,0.019660996808488575
,,expert.layers.3.mlp.up_proj,denoise,5,activation,unknown,1465,52740000,512750,0.009722222222222222
,,expert.layers.3.mlp.up_proj,denoise,5,output,unknown,1465,150016000,1465000,0.009765625
,,expert.layers.3.mlp.up_proj,denoise,5,weight_runtime_mask,unknown,1465,2160230400,42472011,0.019660870895993315
,,expert.layers.3.mlp.up_proj,denoise,6,activation,unknown,1465,52740000,512750,0.009722222222222222
,,expert.layers.3.mlp.up_proj,denoise,6,output,unknown,1465,150016000,1465000,0.009765625
,,expert.layers.3.mlp.up_proj,denoise,6,weight_runtime_mask,unknown,1465,2160230400,42472347,0.01966102643495805
,,expert.layers.3.mlp.up_proj,denoise,7,activation,unknown,1465,52740000,512750,0.009722222222222222
,,expert.layers.3.mlp.up_proj,denoise,7,output,unknown,1465,150016000,1465000,0.009765625
,,expert.layers.3.mlp.up_proj,denoise,7,weight_runtime_mask,unknown,1465,2160230400,42472359,0.019661031989921075
,,expert.layers.3.mlp.up_proj,denoise,8,activation,unknown,1465,52740000,512750,0.009722222222222222
,,expert.layers.3.mlp.up_proj,denoise,8,output,unknown,1465,150016000,1465000,0.009765625
,,expert.layers.3.mlp.up_proj,denoise,8,weight_runtime_mask,unknown,1465,2160230400,42473802,0.019661699974224973
,,expert.layers.3.mlp.up_proj,denoise,9,activation,unknown,1465,52740000,512750,0.009722222222222222
,,expert.layers.3.mlp.up_proj,denoise,9,output,unknown,1465,150016000,1465000,0.009765625
,,expert.layers.3.mlp.up_proj,denoise,9,weight_runtime_mask,unknown,1465,2160230400,42476556,0.019662974838239478
,,expert.layers.3.self_attn.k_proj,denoise,0,activation,cross,1465,82977600,777915,0.009375
,,expert.layers.3.self_attn.k_proj,denoise,0,output,cross,1465,82977600,777915,0.009375
,,expert.layers.3.self_attn.k_proj,denoise,0,weight_runtime_mask,cross,1465,150016000,2900853,0.019336957391211603
,,expert.layers.3.self_attn.k_proj,denoise,1,activation,cross,1465,82977600,777915,0.009375
,,expert.layers.3.self_attn.k_proj,denoise,1,output,cross,1465,82977600,777915,0.009375
,,expert.layers.3.self_attn.k_proj,denoise,1,weight_runtime_mask,cross,1465,150016000,2900853,0.019336957391211603
,,expert.layers.3.self_attn.k_proj,denoise,2,activation,cross,1465,82977600,777915,0.009375
,,expert.layers.3.self_attn.k_proj,denoise,2,output,cross,1465,82977600,777915,0.009375
,,expert.layers.3.self_attn.k_proj,denoise,2,weight_runtime_mask,cross,1465,150016000,2900853,0.019336957391211603
,,expert.layers.3.self_attn.k_proj,denoise,3,activation,cross,1465,82977600,777915,0.009375
,,expert.layers.3.self_attn.k_proj,denoise,3,output,cross,1465,82977600,777915,0.009375
,,expert.layers.3.self_attn.k_proj,denoise,3,weight_runtime_mask,cross,1465,150016000,2900853,0.019336957391211603
,,expert.layers.3.self_attn.k_proj,denoise,4,activation,cross,1465,82977600,777915,0.009375
,,expert.layers.3.self_attn.k_proj,denoise,4,output,cross,1465,82977600,777915,0.009375
,,expert.layers.3.self_attn.k_proj,denoise,4,weight_runtime_mask,cross,1465,150016000,2900853,0.019336957391211603
,,expert.layers.3.self_attn.k_proj,denoise,5,activation,cross,1465,82977600,777915,0.009375
,,expert.layers.3.self_attn.k_proj,denoise,5,output,cross,1465,82977600,777915,0.009375
,,expert.layers.3.self_attn.k_proj,denoise,5,weight_runtime_mask,cross,1465,150016000,2900853,0.019336957391211603
,,expert.layers.3.self_attn.k_proj,denoise,6,activation,cross,1465,82977600,777915,0.009375
,,expert.layers.3.self_attn.k_proj,denoise,6,output,cross,1465,82977600,777915,0.009375
,,expert.layers.3.self_attn.k_proj,denoise,6,weight_runtime_mask,cross,1465,150016000,2900853,0.019336957391211603
,,expert.layers.3.self_attn.k_proj,denoise,7,activation,cross,1465,82977600,777915,0.009375
,,expert.layers.3.self_attn.k_proj,denoise,7,output,cross,1465,82977600,777915,0.009375
,,expert.layers.3.self_attn.k_proj,denoise,7,weight_runtime_mask,cross,1465,150016000,2900853,0.019336957391211603
,,expert.layers.3.self_attn.k_proj,denoise,8,activation,cross,1465,82977600,777915,0.009375
,,expert.layers.3.self_attn.k_proj,denoise,8,output,cross,1465,82977600,777915,0.009375
,,expert.layers.3.self_attn.k_proj,denoise,8,weight_runtime_mask,cross,1465,150016000,2900853,0.019336957391211603
,,expert.layers.3.self_attn.k_proj,denoise,9,activation,cross,1465,82977600,777915,0.009375
,,expert.layers.3.self_attn.k_proj,denoise,9,output,cross,1465,82977600,777915,0.009375
,,expert.layers.3.self_attn.k_proj,denoise,9,weight_runtime_mask,cross,1465,150016000,2900853,0.019336957391211603
,,expert.layers.3.self_attn.o_proj,denoise,0,activation,unknown,1465,70320000,659250,0.009375
,,expert.layers.3.self_attn.o_proj,denoise,0,output,unknown,1465,52740000,512750,0.009722222222222222
,,expert.layers.3.self_attn.o_proj,denoise,0,weight_runtime_mask,unknown,1465,1012608000,19573632,0.019329920364050058
,,expert.layers.3.self_attn.o_proj,denoise,1,activation,unknown,1465,70320000,659250,0.009375
,,expert.layers.3.self_attn.o_proj,denoise,1,output,unknown,1465,52740000,512750,0.009722222222222222
,,expert.layers.3.self_attn.o_proj,denoise,1,weight_runtime_mask,unknown,1465,1012608000,19574000,0.019330283782075592
,,expert.layers.3.self_attn.o_proj,denoise,2,activation,unknown,1465,70320000,659250,0.009375
,,expert.layers.3.self_attn.o_proj,denoise,2,output,unknown,1465,52740000,512750,0.009722222222222222
,,expert.layers.3.self_attn.o_proj,denoise,2,weight_runtime_mask,unknown,1465,1012608000,19574377,0.019330656088041968
,,expert.layers.3.self_attn.o_proj,denoise,3,activation,unknown,1465,70320000,659250,0.009375
,,expert.layers.3.self_attn.o_proj,denoise,3,output,unknown,1465,52740000,512750,0.009722222222222222
,,expert.layers.3.self_attn.o_proj,denoise,3,weight_runtime_mask,unknown,1465,1012608000,19574769,0.01933104320724308
,,expert.layers.3.self_attn.o_proj,denoise,4,activation,unknown,1465,70320000,659250,0.009375
,,expert.layers.3.self_attn.o_proj,denoise,4,output,unknown,1465,52740000,512750,0.009722222222222222
,,expert.layers.3.self_attn.o_proj,denoise,4,weight_runtime_mask,unknown,1465,1012608000,19575141,0.019331410575464544
,,expert.layers.3.self_attn.o_proj,denoise,5,activation,unknown,1465,70320000,659250,0.009375
,,expert.layers.3.self_attn.o_proj,denoise,5,output,unknown,1465,52740000,512750,0.009722222222222222
,,expert.layers.3.self_attn.o_proj,denoise,5,weight_runtime_mask,unknown,1465,1012608000,19575483,0.019331748317216534
,,expert.layers.3.self_attn.o_proj,denoise,6,activation,unknown,1465,70320000,659250,0.009375
,,expert.layers.3.self_attn.o_proj,denoise,6,output,unknown,1465,52740000,512750,0.009722222222222222
,,expert.layers.3.self_attn.o_proj,denoise,6,weight_runtime_mask,unknown,1465,1012608000,19575683,0.01933194582701302
,,expert.layers.3.self_attn.o_proj,denoise,7,activation,unknown,1465,70320000,659250,0.009375
,,expert.layers.3.self_attn.o_proj,denoise,7,output,unknown,1465,52740000,512750,0.009722222222222222
,,expert.layers.3.self_attn.o_proj,denoise,7,weight_runtime_mask,unknown,1465,1012608000,19576091,0.01933234874699785
,,expert.layers.3.self_attn.o_proj,denoise,8,activation,unknown,1465,70320000,659250,0.009375
,,expert.layers.3.self_attn.o_proj,denoise,8,output,unknown,1465,52740000,512750,0.009722222222222222
,,expert.layers.3.self_attn.o_proj,denoise,8,weight_runtime_mask,unknown,1465,1012608000,19576172,0.019332428738465426
,,expert.layers.3.self_attn.o_proj,denoise,9,activation,unknown,1465,70320000,659250,0.009375
,,expert.layers.3.self_attn.o_proj,denoise,9,output,unknown,1465,52740000,512750,0.009722222222222222
,,expert.layers.3.self_attn.o_proj,denoise,9,weight_runtime_mask,unknown,1465,1012608000,19576561,0.019332812895019594
,,expert.layers.3.self_attn.q_proj,denoise,0,activation,cross,1465,52740000,512750,0.009722222222222222
,,expert.layers.3.self_attn.q_proj,denoise,0,output,cross,1465,70320000,659250,0.009375
,,expert.layers.3.self_attn.q_proj,denoise,0,weight_runtime_mask,cross,1465,1012608000,20305973,0.02005314297339148
,,expert.layers.3.self_attn.q_proj,denoise,1,activation,cross,1465,52740000,512750,0.009722222222222222
,,expert.layers.3.self_attn.q_proj,denoise,1,output,cross,1465,70320000,659250,0.009375
,,expert.layers.3.self_attn.q_proj,denoise,1,weight_runtime_mask,cross,1465,1012608000,20306529,0.02005369205062571
,,expert.layers.3.self_attn.q_proj,denoise,2,activation,cross,1465,52740000,512750,0.009722222222222222
,,expert.layers.3.self_attn.q_proj,denoise,2,output,cross,1465,70320000,659250,0.009375
,,expert.layers.3.self_attn.q_proj,denoise,2,weight_runtime_mask,cross,1465,1012608000,20306907,0.02005406534414107
,,expert.layers.3.self_attn.q_proj,denoise,3,activation,cross,1465,52740000,512750,0.009722222222222222
,,expert.layers.3.self_attn.q_proj,denoise,3,output,cross,1465,70320000,659250,0.009375
,,expert.layers.3.self_attn.q_proj,denoise,3,weight_runtime_mask,cross,1465,1012608000,20307281,0.020054434687460498
,,expert.layers.3.self_attn.q_proj,denoise,4,activation,cross,1465,52740000,512750,0.009722222222222222
,,expert.layers.3.self_attn.q_proj,denoise,4,output,cross,1465,70320000,659250,0.009375
,,expert.layers.3.self_attn.q_proj,denoise,4,weight_runtime_mask,cross,1465,1012608000,20307417,0.02005456899412211
,,expert.layers.3.self_attn.q_proj,denoise,5,activation,cross,1465,52740000,512750,0.009722222222222222
,,expert.layers.3.self_attn.q_proj,denoise,5,output,cross,1465,70320000,659250,0.009375
,,expert.layers.3.self_attn.q_proj,denoise,5,weight_runtime_mask,cross,1465,1012608000,20307153,0.020054308281190748
,,expert.layers.3.self_attn.q_proj,denoise,6,activation,cross,1465,52740000,512750,0.009722222222222222
,,expert.layers.3.self_attn.q_proj,denoise,6,output,cross,1465,70320000,659250,0.009375
,,expert.layers.3.self_attn.q_proj,denoise,6,weight_runtime_mask,cross,1465,1012608000,20306026,0.020053195313487548
,,expert.layers.3.self_attn.q_proj,denoise,7,activation,cross,1465,52740000,512750,0.009722222222222222
,,expert.layers.3.self_attn.q_proj,denoise,7,output,cross,1465,70320000,659250,0.009375
,,expert.layers.3.self_attn.q_proj,denoise,7,weight_runtime_mask,cross,1465,1012608000,20305111,0.020052291706168627
,,expert.layers.3.self_attn.q_proj,denoise,8,activation,cross,1465,52740000,512750,0.009722222222222222
,,expert.layers.3.self_attn.q_proj,denoise,8,output,cross,1465,70320000,659250,0.009375
,,expert.layers.3.self_attn.q_proj,denoise,8,weight_runtime_mask,cross,1465,1012608000,20303322,0.02005052498103906
,,expert.layers.3.self_attn.q_proj,denoise,9,activation,cross,1465,52740000,512750,0.009722222222222222
,,expert.layers.3.self_attn.q_proj,denoise,9,output,cross,1465,70320000,659250,0.009375
,,expert.layers.3.self_attn.q_proj,denoise,9,weight_runtime_mask,cross,1465,1012608000,20301450,0.020048676289343953
,,expert.layers.3.self_attn.v_proj,denoise,0,activation,cross,1465,82977600,777915,0.009375
,,expert.layers.3.self_attn.v_proj,denoise,0,output,cross,1465,82977600,777915,0.009375
,,expert.layers.3.self_attn.v_proj,denoise,0,weight_runtime_mask,cross,1465,150016000,2900319,0.019333397770904436
,,expert.layers.3.self_attn.v_proj,denoise,1,activation,cross,1465,82977600,777915,0.009375
,,expert.layers.3.self_attn.v_proj,denoise,1,output,cross,1465,82977600,777915,0.009375
,,expert.layers.3.self_attn.v_proj,denoise,1,weight_runtime_mask,cross,1465,150016000,2900319,0.019333397770904436
,,expert.layers.3.self_attn.v_proj,denoise,2,activation,cross,1465,82977600,777915,0.009375
,,expert.layers.3.self_attn.v_proj,denoise,2,output,cross,1465,82977600,777915,0.009375
,,expert.layers.3.self_attn.v_proj,denoise,2,weight_runtime_mask,cross,1465,150016000,2900319,0.019333397770904436
,,expert.layers.3.self_attn.v_proj,denoise,3,activation,cross,1465,82977600,777915,0.009375
,,expert.layers.3.self_attn.v_proj,denoise,3,output,cross,1465,82977600,777915,0.009375
,,expert.layers.3.self_attn.v_proj,denoise,3,weight_runtime_mask,cross,1465,150016000,2900319,0.019333397770904436
,,expert.layers.3.self_attn.v_proj,denoise,4,activation,cross,1465,82977600,777915,0.009375
,,expert.layers.3.self_attn.v_proj,denoise,4,output,cross,1465,82977600,777915,0.009375
,,expert.layers.3.self_attn.v_proj,denoise,4,weight_runtime_mask,cross,1465,150016000,2900319,0.019333397770904436
,,expert.layers.3.self_attn.v_proj,denoise,5,activation,cross,1465,82977600,777915,0.009375
,,expert.layers.3.self_attn.v_proj,denoise,5,output,cross,1465,82977600,777915,0.009375
,,expert.layers.3.self_attn.v_proj,denoise,5,weight_runtime_mask,cross,1465,150016000,2900319,0.019333397770904436
,,expert.layers.3.self_attn.v_proj,denoise,6,activation,cross,1465,82977600,777915,0.009375
,,expert.layers.3.self_attn.v_proj,denoise,6,output,cross,1465,82977600,777915,0.009375
,,expert.layers.3.self_attn.v_proj,denoise,6,weight_runtime_mask,cross,1465,150016000,2900319,0.019333397770904436
,,expert.layers.3.self_attn.v_proj,denoise,7,activation,cross,1465,82977600,777915,0.009375
,,expert.layers.3.self_attn.v_proj,denoise,7,output,cross,1465,82977600,777915,0.009375
,,expert.layers.3.self_attn.v_proj,denoise,7,weight_runtime_mask,cross,1465,150016000,2900319,0.019333397770904436
,,expert.layers.3.self_attn.v_proj,denoise,8,activation,cross,1465,82977600,777915,0.009375
,,expert.layers.3.self_attn.v_proj,denoise,8,output,cross,1465,82977600,777915,0.009375
,,expert.layers.3.self_attn.v_proj,denoise,8,weight_runtime_mask,cross,1465,150016000,2900319,0.019333397770904436
,,expert.layers.3.self_attn.v_proj,denoise,9,activation,cross,1465,82977600,777915,0.009375
,,expert.layers.3.self_attn.v_proj,denoise,9,output,cross,1465,82977600,777915,0.009375
,,expert.layers.3.self_attn.v_proj,denoise,9,weight_runtime_mask,cross,1465,150016000,2900319,0.019333397770904436
,,expert.layers.4.mlp.down_proj,denoise,0,activation,unknown,1465,150016000,1465000,0.009765625
,,expert.layers.4.mlp.down_proj,denoise,0,output,unknown,1465,52740000,512750,0.009722222222222222
,,expert.layers.4.mlp.down_proj,denoise,0,weight_runtime_mask,unknown,1465,2160230400,42714952,0.019773331585371635
,,expert.layers.4.mlp.down_proj,denoise,1,activation,unknown,1465,150016000,1465000,0.009765625
,,expert.layers.4.mlp.down_proj,denoise,1,output,unknown,1465,52740000,512750,0.009722222222222222
,,expert.layers.4.mlp.down_proj,denoise,1,weight_runtime_mask,unknown,1465,2160230400,42714494,0.01977311957094947
,,expert.layers.4.mlp.down_proj,denoise,2,activation,unknown,1465,150016000,1465000,0.009765625
,,expert.layers.4.mlp.down_proj,denoise,2,output,unknown,1465,52740000,512750,0.009722222222222222
,,expert.layers.4.mlp.down_proj,denoise,2,weight_runtime_mask,unknown,1465,2160230400,42714245,0.019773004305466677
,,expert.layers.4.mlp.down_proj,denoise,3,activation,unknown,1465,150016000,1465000,0.009765625
,,expert.layers.4.mlp.down_proj,denoise,3,output,unknown,1465,52740000,512750,0.009722222222222222
,,expert.layers.4.mlp.down_proj,denoise,3,weight_runtime_mask,unknown,1465,2160230400,42714108,0.019772940886305462
,,expert.layers.4.mlp.down_proj,denoise,4,activation,unknown,1465,150016000,1465000,0.009765625
,,expert.layers.4.mlp.down_proj,denoise,4,output,unknown,1465,52740000,512750,0.009722222222222222
,,expert.layers.4.mlp.down_proj,denoise,4,weight_runtime_mask,unknown,1465,2160230400,42715015,0.01977336074892752
,,expert.layers.4.mlp.down_proj,denoise,5,activation,unknown,1465,150016000,1465000,0.009765625
,,expert.layers.4.mlp.down_proj,denoise,5,output,unknown,1465,52740000,512750,0.009722222222222222
,,expert.layers.4.mlp.down_proj,denoise,5,weight_runtime_mask,unknown,1465,2160230400,42716359,0.019773982904786453
,,expert.layers.4.mlp.down_proj,denoise,6,activation,unknown,1465,150016000,1465000,0.009765625
,,expert.layers.4.mlp.down_proj,denoise,6,output,unknown,1465,52740000,512750,0.009722222222222222
,,expert.layers.4.mlp.down_proj,denoise,6,weight_runtime_mask,unknown,1465,2160230400,42717141,0.019774344903210325
,,expert.layers.4.mlp.down_proj,denoise,7,activation,unknown,1465,150016000,1465000,0.009765625
,,expert.layers.4.mlp.down_proj,denoise,7,output,unknown,1465,52740000,512750,0.009722222222222222
,,expert.layers.4.mlp.down_proj,denoise,7,weight_runtime_mask,unknown,1465,2160230400,42718288,0.019774875865092908
,,expert.layers.4.mlp.down_proj,denoise,8,activation,unknown,1465,150016000,1465000,0.009765625
,,expert.layers.4.mlp.down_proj,denoise,8,output,unknown,1465,52740000,512750,0.009722222222222222
,,expert.layers.4.mlp.down_proj,denoise,8,weight_runtime_mask,unknown,1465,2160230400,42720052,0.019775692444657756
,,expert.layers.4.mlp.down_proj,denoise,9,activation,unknown,1465,150016000,1465000,0.009765625
,,expert.layers.4.mlp.down_proj,denoise,9,output,unknown,1465,52740000,512750,0.009722222222222222
,,expert.layers.4.mlp.down_proj,denoise,9,weight_runtime_mask,unknown,1465,2160230400,42717782,0.01977464163081864
,,expert.layers.4.mlp.gate_proj,denoise,0,activation,unknown,1465,52740000,512750,0.009722222222222222
,,expert.layers.4.mlp.gate_proj,denoise,0,output,unknown,1465,150016000,1465000,0.009765625
,,expert.layers.4.mlp.gate_proj,denoise,0,weight_runtime_mask,unknown,1465,2160230400,42697677,0.019765334753181884
,,expert.layers.4.mlp.gate_proj,denoise,1,activation,unknown,1465,52740000,512750,0.009722222222222222
,,expert.layers.4.mlp.gate_proj,denoise,1,output,unknown,1465,150016000,1465000,0.009765625
,,expert.layers.4.mlp.gate_proj,denoise,1,weight_runtime_mask,unknown,1465,2160230400,42696828,0.019764941739547782
,,expert.layers.4.mlp.gate_proj,denoise,2,activation,unknown,1465,52740000,512750,0.009722222222222222
,,expert.layers.4.mlp.gate_proj,denoise,2,output,unknown,1465,150016000,1465000,0.009765625
,,expert.layers.4.mlp.gate_proj,denoise,2,weight_runtime_mask,unknown,1465,2160230400,42697603,0.019765300497576556
,,expert.layers.4.mlp.gate_proj,denoise,3,activation,unknown,1465,52740000,512750,0.009722222222222222
,,expert.layers.4.mlp.gate_proj,denoise,3,output,unknown,1465,150016000,1465000,0.009765625
,,expert.layers.4.mlp.gate_proj,denoise,3,weight_runtime_mask,unknown,1465,2160230400,42699059,0.019765974499757064
,,expert.layers.4.mlp.gate_proj,denoise,4,activation,unknown,1465,52740000,512750,0.009722222222222222
,,expert.layers.4.mlp.gate_proj,denoise,4,output,unknown,1465,150016000,1465000,0.009765625
,,expert.layers.4.mlp.gate_proj,denoise,4,weight_runtime_mask,unknown,1465,2160230400,42700763,0.019766763304506777
,,expert.layers.4.mlp.gate_proj,denoise,5,activation,unknown,1465,52740000,512750,0.009722222222222222
,,expert.layers.4.mlp.gate_proj,denoise,5,output,unknown,1465,150016000,1465000,0.009765625
,,expert.layers.4.mlp.gate_proj,denoise,5,weight_runtime_mask,unknown,1465,2160230400,42702153,0.01976740675439064
,,expert.layers.4.mlp.gate_proj,denoise,6,activation,unknown,1465,52740000,512750,0.009722222222222222
,,expert.layers.4.mlp.gate_proj,denoise,6,output,unknown,1465,150016000,1465000,0.009765625
,,expert.layers.4.mlp.gate_proj,denoise,6,weight_runtime_mask,unknown,1465,2160230400,42703662,0.019768105290991184
,,expert.layers.4.mlp.gate_proj,denoise,7,activation,unknown,1465,52740000,512750,0.009722222222222222
,,expert.layers.4.mlp.gate_proj,denoise,7,output,unknown,1465,150016000,1465000,0.009765625
,,expert.layers.4.mlp.gate_proj,denoise,7,weight_runtime_mask,unknown,1465,2160230400,42704479,0.01976848349139055
,,expert.layers.4.mlp.gate_proj,denoise,8,activation,unknown,1465,52740000,512750,0.009722222222222222
,,expert.layers.4.mlp.gate_proj,denoise,8,output,unknown,1465,150016000,1465000,0.009765625
,,expert.layers.4.mlp.gate_proj,denoise,8,weight_runtime_mask,unknown,1465,2160230400,42705259,0.01976884456398725
,,expert.layers.4.mlp.gate_proj,denoise,9,activation,unknown,1465,52740000,512750,0.009722222222222222
,,expert.layers.4.mlp.gate_proj,denoise,9,output,unknown,1465,150016000,1465000,0.009765625
,,expert.layers.4.mlp.gate_proj,denoise,9,weight_runtime_mask,unknown,1465,2160230400,42706522,0.019769429223845753
,,expert.layers.4.mlp.up_proj,denoise,0,activation,unknown,1465,52740000,512750,0.009722222222222222
,,expert.layers.4.mlp.up_proj,denoise,0,output,unknown,1465,150016000,1465000,0.009765625
,,expert.layers.4.mlp.up_proj,denoise,0,weight_runtime_mask,unknown,1465,2160230400,42622107,0.019730352373524603
,,expert.layers.4.mlp.up_proj,denoise,1,activation,unknown,1465,52740000,512750,0.009722222222222222
,,expert.layers.4.mlp.up_proj,denoise,1,output,unknown,1465,150016000,1465000,0.009765625
,,expert.layers.4.mlp.up_proj,denoise,1,weight_runtime_mask,unknown,1465,2160230400,42623311,0.01973090972148156
,,expert.layers.4.mlp.up_proj,denoise,2,activation,unknown,1465,52740000,512750,0.009722222222222222
,,expert.layers.4.mlp.up_proj,denoise,2,output,unknown,1465,150016000,1465000,0.009765625
,,expert.layers.4.mlp.up_proj,denoise,2,weight_runtime_mask,unknown,1465,2160230400,42623831,0.019731150436546028
,,expert.layers.4.mlp.up_proj,denoise,3,activation,unknown,1465,52740000,512750,0.009722222222222222
,,expert.layers.4.mlp.up_proj,denoise,3,output,unknown,1465,150016000,1465000,0.009765625
,,expert.layers.4.mlp.up_proj,denoise,3,weight_runtime_mask,unknown,1465,2160230400,42624679,0.019731542987266544
,,expert.layers.4.mlp.up_proj,denoise,4,activation,unknown,1465,52740000,512750,0.009722222222222222
,,expert.layers.4.mlp.up_proj,denoise,4,output,unknown,1465,150016000,1465000,0.009765625
,,expert.layers.4.mlp.up_proj,denoise,4,weight_runtime_mask,unknown,1465,2160230400,42625815,0.01973206885709969
,,expert.layers.4.mlp.up_proj,denoise,5,activation,unknown,1465,52740000,512750,0.009722222222222222
,,expert.layers.4.mlp.up_proj,denoise,5,output,unknown,1465,150016000,1465000,0.009765625
,,expert.layers.4.mlp.up_proj,denoise,5,weight_runtime_mask,unknown,1465,2160230400,42626595,0.01973242992969639
,,expert.layers.4.mlp.up_proj,denoise,6,activation,unknown,1465,52740000,512750,0.009722222222222222
,,expert.layers.4.mlp.up_proj,denoise,6,output,unknown,1465,150016000,1465000,0.009765625
,,expert.layers.4.mlp.up_proj,denoise,6,weight_runtime_mask,unknown,1465,2160230400,42626811,0.01973252991903086
,,expert.layers.4.mlp.up_proj,denoise,7,activation,unknown,1465,52740000,512750,0.009722222222222222
,,expert.layers.4.mlp.up_proj,denoise,7,output,unknown,1465,150016000,1465000,0.009765625
,,expert.layers.4.mlp.up_proj,denoise,7,weight_runtime_mask,unknown,1465,2160230400,42627568,0.01973288034461509
,,expert.layers.4.mlp.up_proj,denoise,8,activation,unknown,1465,52740000,512750,0.009722222222222222
,,expert.layers.4.mlp.up_proj,denoise,8,output,unknown,1465,150016000,1465000,0.009765625
,,expert.layers.4.mlp.up_proj,denoise,8,weight_runtime_mask,unknown,1465,2160230400,42627495,0.01973284655192335
,,expert.layers.4.mlp.up_proj,denoise,9,activation,unknown,1465,52740000,512750,0.009722222222222222
,,expert.layers.4.mlp.up_proj,denoise,9,output,unknown,1465,150016000,1465000,0.009765625
,,expert.layers.4.mlp.up_proj,denoise,9,weight_runtime_mask,unknown,1465,2160230400,42629233,0.019733651095734973
,,expert.layers.4.self_attn.k_proj,denoise,0,activation,self,1465,52740000,512750,0.009722222222222222
,,expert.layers.4.self_attn.k_proj,denoise,0,output,self,1465,23440000,219750,0.009375
,,expert.layers.4.self_attn.k_proj,denoise,0,weight_runtime_mask,self,1465,337536000,6796047,0.02013428789817975
,,expert.layers.4.self_attn.k_proj,denoise,1,activation,self,1465,52740000,512750,0.009722222222222222
,,expert.layers.4.self_attn.k_proj,denoise,1,output,self,1465,23440000,219750,0.009375
,,expert.layers.4.self_attn.k_proj,denoise,1,weight_runtime_mask,self,1465,337536000,6797801,0.020139484380925294
,,expert.layers.4.self_attn.k_proj,denoise,2,activation,self,1465,52740000,512750,0.009722222222222222
,,expert.layers.4.self_attn.k_proj,denoise,2,output,self,1465,23440000,219750,0.009375
,,expert.layers.4.self_attn.k_proj,denoise,2,weight_runtime_mask,self,1465,337536000,6798030,0.020140162827076223
,,expert.layers.4.self_attn.k_proj,denoise,3,activation,self,1465,52740000,512750,0.009722222222222222
,,expert.layers.4.self_attn.k_proj,denoise,3,output,self,1465,23440000,219750,0.009375
,,expert.layers.4.self_attn.k_proj,denoise,3,weight_runtime_mask,self,1465,337536000,6797712,0.020139220705346985
,,expert.layers.4.self_attn.k_proj,denoise,4,activation,self,1465,52740000,512750,0.009722222222222222
,,expert.layers.4.self_attn.k_proj,denoise,4,output,self,1465,23440000,219750,0.009375
,,expert.layers.4.self_attn.k_proj,denoise,4,weight_runtime_mask,self,1465,337536000,6797626,0.020138965917709518
,,expert.layers.4.self_attn.k_proj,denoise,5,activation,self,1465,52740000,512750,0.009722222222222222
,,expert.layers.4.self_attn.k_proj,denoise,5,output,self,1465,23440000,219750,0.009375
,,expert.layers.4.self_attn.k_proj,denoise,5,weight_runtime_mask,self,1465,337536000,6797690,0.020139155527114146
,,expert.layers.4.self_attn.k_proj,denoise,6,activation,self,1465,52740000,512750,0.009722222222222222
,,expert.layers.4.self_attn.k_proj,denoise,6,output,self,1465,23440000,219750,0.009375
,,expert.layers.4.self_attn.k_proj,denoise,6,weight_runtime_mask,self,1465,337536000,6797895,0.02013976286973834
,,expert.layers.4.self_attn.k_proj,denoise,7,activation,self,1465,52740000,512750,0.009722222222222222
,,expert.layers.4.self_attn.k_proj,denoise,7,output,self,1465,23440000,219750,0.009375
,,expert.layers.4.self_attn.k_proj,denoise,7,weight_runtime_mask,self,1465,337536000,6798403,0.02014126789438756
,,expert.layers.4.self_attn.k_proj,denoise,8,activation,self,1465,52740000,512750,0.009722222222222222
,,expert.layers.4.self_attn.k_proj,denoise,8,output,self,1465,23440000,219750,0.009375
,,expert.layers.4.self_attn.k_proj,denoise,8,weight_runtime_mask,self,1465,337536000,6799490,0.020144488291619266
,,expert.layers.4.self_attn.k_proj,denoise,9,activation,self,1465,52740000,512750,0.009722222222222222
,,expert.layers.4.self_attn.k_proj,denoise,9,output,self,1465,23440000,219750,0.009375
,,expert.layers.4.self_attn.k_proj,denoise,9,weight_runtime_mask,self,1465,337536000,6801142,0.020149382584376187
,,expert.layers.4.self_attn.o_proj,denoise,0,activation,unknown,1465,70320000,659250,0.009375
,,expert.layers.4.self_attn.o_proj,denoise,0,output,unknown,1465,52740000,512750,0.009722222222222222
,,expert.layers.4.self_attn.o_proj,denoise,0,weight_runtime_mask,unknown,1465,1012608000,19692453,0.019447261921691317
,,expert.layers.4.self_attn.o_proj,denoise,1,activation,unknown,1465,70320000,659250,0.009375
,,expert.layers.4.self_attn.o_proj,denoise,1,output,unknown,1465,52740000,512750,0.009722222222222222
,,expert.layers.4.self_attn.o_proj,denoise,1,weight_runtime_mask,unknown,1465,1012608000,19692158,0.0194469705947415
,,expert.layers.4.self_attn.o_proj,denoise,2,activation,unknown,1465,70320000,659250,0.009375
,,expert.layers.4.self_attn.o_proj,denoise,2,output,unknown,1465,52740000,512750,0.009722222222222222
,,expert.layers.4.self_attn.o_proj,denoise,2,weight_runtime_mask,unknown,1465,1012608000,19692294,0.019447104901403108
,,expert.layers.4.self_attn.o_proj,denoise,3,activation,unknown,1465,70320000,659250,0.009375
,,expert.layers.4.self_attn.o_proj,denoise,3,output,unknown,1465,52740000,512750,0.009722222222222222
,,expert.layers.4.self_attn.o_proj,denoise,3,weight_runtime_mask,unknown,1465,1012608000,19692462,0.01944727080963216
,,expert.layers.4.self_attn.o_proj,denoise,4,activation,unknown,1465,70320000,659250,0.009375
,,expert.layers.4.self_attn.o_proj,denoise,4,output,unknown,1465,52740000,512750,0.009722222222222222
,,expert.layers.4.self_attn.o_proj,denoise,4,weight_runtime_mask,unknown,1465,1012608000,19692800,0.019447604601188218
,,expert.layers.4.self_attn.o_proj,denoise,5,activation,unknown,1465,70320000,659250,0.009375
,,expert.layers.4.self_attn.o_proj,denoise,5,output,unknown,1465,52740000,512750,0.009722222222222222
,,expert.layers.4.self_attn.o_proj,denoise,5,weight_runtime_mask,unknown,1465,1012608000,19693387,0.019448184292440905
,,expert.layers.4.self_attn.o_proj,denoise,6,activation,unknown,1465,70320000,659250,0.009375
,,expert.layers.4.self_attn.o_proj,denoise,6,output,unknown,1465,52740000,512750,0.009722222222222222
,,expert.layers.4.self_attn.o_proj,denoise,6,weight_runtime_mask,unknown,1465,1012608000,19693358,0.019448155653520413
,,expert.layers.4.self_attn.o_proj,denoise,7,activation,unknown,1465,70320000,659250,0.009375
,,expert.layers.4.self_attn.o_proj,denoise,7,output,unknown,1465,52740000,512750,0.009722222222222222
,,expert.layers.4.self_attn.o_proj,denoise,7,weight_runtime_mask,unknown,1465,1012608000,19694655,0.019449436504550624
,,expert.layers.4.self_attn.o_proj,denoise,8,activation,unknown,1465,70320000,659250,0.009375
,,expert.layers.4.self_attn.o_proj,denoise,8,output,unknown,1465,52740000,512750,0.009722222222222222
,,expert.layers.4.self_attn.o_proj,denoise,8,weight_runtime_mask,unknown,1465,1012608000,19697633,0.0194523774254203
,,expert.layers.4.self_attn.o_proj,denoise,9,activation,unknown,1465,70320000,659250,0.009375
,,expert.layers.4.self_attn.o_proj,denoise,9,output,unknown,1465,52740000,512750,0.009722222222222222
,,expert.layers.4.self_attn.o_proj,denoise,9,weight_runtime_mask,unknown,1465,1012608000,19700664,0.019455370686386045
,,expert.layers.4.self_attn.q_proj,denoise,0,activation,self,1465,52740000,512750,0.009722222222222222
,,expert.layers.4.self_attn.q_proj,denoise,0,output,self,1465,70320000,659250,0.009375
,,expert.layers.4.self_attn.q_proj,denoise,0,weight_runtime_mask,self,1465,1012608000,20340485,0.020087225263873087
,,expert.layers.4.self_attn.q_proj,denoise,1,activation,self,1465,52740000,512750,0.009722222222222222
,,expert.layers.4.self_attn.q_proj,denoise,1,output,self,1465,70320000,659250,0.009375
,,expert.layers.4.self_attn.q_proj,denoise,1,weight_runtime_mask,self,1465,1012608000,20342922,0.02008963192074327
,,expert.layers.4.self_attn.q_proj,denoise,2,activation,self,1465,52740000,512750,0.009722222222222222
,,expert.layers.4.self_attn.q_proj,denoise,2,output,self,1465,70320000,659250,0.009375
,,expert.layers.4.self_attn.q_proj,denoise,2,weight_runtime_mask,self,1465,1012608000,20344567,0.020091256438819365
,,expert.layers.4.self_attn.q_proj,denoise,3,activation,self,1465,52740000,512750,0.009722222222222222
,,expert.layers.4.self_attn.q_proj,denoise,3,output,self,1465,70320000,659250,0.009375
,,expert.layers.4.self_attn.q_proj,denoise,3,weight_runtime_mask,self,1465,1012608000,20344764,0.020091450985968904
,,expert.layers.4.self_attn.q_proj,denoise,4,activation,self,1465,52740000,512750,0.009722222222222222
,,expert.layers.4.self_attn.q_proj,denoise,4,output,self,1465,70320000,659250,0.009375
,,expert.layers.4.self_attn.q_proj,denoise,4,weight_runtime_mask,self,1465,1012608000,20345363,0.02009204252780938
,,expert.layers.4.self_attn.q_proj,denoise,5,activation,self,1465,52740000,512750,0.009722222222222222
,,expert.layers.4.self_attn.q_proj,denoise,5,output,self,1465,70320000,659250,0.009375
,,expert.layers.4.self_attn.q_proj,denoise,5,weight_runtime_mask,self,1465,1012608000,20345682,0.020092357555934776
,,expert.layers.4.self_attn.q_proj,denoise,6,activation,self,1465,52740000,512750,0.009722222222222222
,,expert.layers.4.self_attn.q_proj,denoise,6,output,self,1465,70320000,659250,0.009375
,,expert.layers.4.self_attn.q_proj,denoise,6,weight_runtime_mask,self,1465,1012608000,20346133,0.02009280294052585
,,expert.layers.4.self_attn.q_proj,denoise,7,activation,self,1465,52740000,512750,0.009722222222222222
,,expert.layers.4.self_attn.q_proj,denoise,7,output,self,1465,70320000,659250,0.009375
,,expert.layers.4.self_attn.q_proj,denoise,7,weight_runtime_mask,self,1465,1012608000,20347242,0.020093898132347365
,,expert.layers.4.self_attn.q_proj,denoise,8,activation,self,1465,52740000,512750,0.009722222222222222
,,expert.layers.4.self_attn.q_proj,denoise,8,output,self,1465,70320000,659250,0.009375
,,expert.layers.4.self_attn.q_proj,denoise,8,weight_runtime_mask,self,1465,1012608000,20348546,0.020095185896220454
,,expert.layers.4.self_attn.q_proj,denoise,9,activation,self,1465,52740000,512750,0.009722222222222222
,,expert.layers.4.self_attn.q_proj,denoise,9,output,self,1465,70320000,659250,0.009375
,,expert.layers.4.self_attn.q_proj,denoise,9,weight_runtime_mask,self,1465,1012608000,20350506,0.020097121492226016
,,expert.layers.4.self_attn.v_proj,denoise,0,activation,self,1465,52740000,512750,0.009722222222222222
,,expert.layers.4.self_attn.v_proj,denoise,0,output,self,1465,23440000,219750,0.009375
,,expert.layers.4.self_attn.v_proj,denoise,0,weight_runtime_mask,self,1465,337536000,6634524,0.019655752275312854
,,expert.layers.4.self_attn.v_proj,denoise,1,activation,self,1465,52740000,512750,0.009722222222222222
,,expert.layers.4.self_attn.v_proj,denoise,1,output,self,1465,23440000,219750,0.009375
,,expert.layers.4.self_attn.v_proj,denoise,1,weight_runtime_mask,self,1465,337536000,6633906,0.01965392135949943
,,expert.layers.4.self_attn.v_proj,denoise,2,activation,self,1465,52740000,512750,0.009722222222222222
,,expert.layers.4.self_attn.v_proj,denoise,2,output,self,1465,23440000,219750,0.009375
,,expert.layers.4.self_attn.v_proj,denoise,2,weight_runtime_mask,self,1465,337536000,6633793,0.019653586580394386
,,expert.layers.4.self_attn.v_proj,denoise,3,activation,self,1465,52740000,512750,0.009722222222222222
,,expert.layers.4.self_attn.v_proj,denoise,3,output,self,1465,23440000,219750,0.009375
,,expert.layers.4.self_attn.v_proj,denoise,3,weight_runtime_mask,self,1465,337536000,6633554,0.019652878507773985
,,expert.layers.4.self_attn.v_proj,denoise,4,activation,self,1465,52740000,512750,0.009722222222222222
,,expert.layers.4.self_attn.v_proj,denoise,4,output,self,1465,23440000,219750,0.009375
,,expert.layers.4.self_attn.v_proj,denoise,4,weight_runtime_mask,self,1465,337536000,6633232,0.019651924535456958
,,expert.layers.4.self_attn.v_proj,denoise,5,activation,self,1465,52740000,512750,0.009722222222222222
,,expert.layers.4.self_attn.v_proj,denoise,5,output,self,1465,23440000,219750,0.009375
,,expert.layers.4.self_attn.v_proj,denoise,5,weight_runtime_mask,self,1465,337536000,6632622,0.019650117320819113
,,expert.layers.4.self_attn.v_proj,denoise,6,activation,self,1465,52740000,512750,0.009722222222222222
,,expert.layers.4.self_attn.v_proj,denoise,6,output,self,1465,23440000,219750,0.009375
,,expert.layers.4.self_attn.v_proj,denoise,6,weight_runtime_mask,self,1465,337536000,6631800,0.01964768202502844
,,expert.layers.4.self_attn.v_proj,denoise,7,activation,self,1465,52740000,512750,0.009722222222222222
,,expert.layers.4.self_attn.v_proj,denoise,7,output,self,1465,23440000,219750,0.009375
,,expert.layers.4.self_attn.v_proj,denoise,7,weight_runtime_mask,self,1465,337536000,6631273,0.01964612071008722
,,expert.layers.4.self_attn.v_proj,denoise,8,activation,self,1465,52740000,512750,0.009722222222222222
,,expert.layers.4.self_attn.v_proj,denoise,8,output,self,1465,23440000,219750,0.009375
,,expert.layers.4.self_attn.v_proj,denoise,8,weight_runtime_mask,self,1465,337536000,6630951,0.019645166737770194
,,expert.layers.4.self_attn.v_proj,denoise,9,activation,self,1465,52740000,512750,0.009722222222222222
,,expert.layers.4.self_attn.v_proj,denoise,9,output,self,1465,23440000,219750,0.009375
,,expert.layers.4.self_attn.v_proj,denoise,9,weight_runtime_mask,self,1465,337536000,6631011,0.01964534449658703
,,expert.layers.5.mlp.down_proj,denoise,0,activation,unknown,1465,150016000,1465000,0.009765625
,,expert.layers.5.mlp.down_proj,denoise,0,output,unknown,1465,52740000,512750,0.009722222222222222
,,expert.layers.5.mlp.down_proj,denoise,0,weight_runtime_mask,unknown,1465,2160230400,42652908,0.019744610574872014
,,expert.layers.5.mlp.down_proj,denoise,1,activation,unknown,1465,150016000,1465000,0.009765625
,,expert.layers.5.mlp.down_proj,denoise,1,output,unknown,1465,52740000,512750,0.009722222222222222
,,expert.layers.5.mlp.down_proj,denoise,1,weight_runtime_mask,unknown,1465,2160230400,42651937,0.01974416108578048
,,expert.layers.5.mlp.down_proj,denoise,2,activation,unknown,1465,150016000,1465000,0.009765625
,,expert.layers.5.mlp.down_proj,denoise,2,output,unknown,1465,52740000,512750,0.009722222222222222
,,expert.layers.5.mlp.down_proj,denoise,2,weight_runtime_mask,unknown,1465,2160230400,42650235,0.019743373206857935
,,expert.layers.5.mlp.down_proj,denoise,3,activation,unknown,1465,150016000,1465000,0.009765625
,,expert.layers.5.mlp.down_proj,denoise,3,output,unknown,1465,52740000,512750,0.009722222222222222
,,expert.layers.5.mlp.down_proj,denoise,3,weight_runtime_mask,unknown,1465,2160230400,42648480,0.019742560793515357
,,expert.layers.5.mlp.down_proj,denoise,4,activation,unknown,1465,150016000,1465000,0.009765625
,,expert.layers.5.mlp.down_proj,denoise,4,output,unknown,1465,52740000,512750,0.009722222222222222
,,expert.layers.5.mlp.down_proj,denoise,4,weight_runtime_mask,unknown,1465,2160230400,42647099,0.019741921509853762
,,expert.layers.5.mlp.down_proj,denoise,5,activation,unknown,1465,150016000,1465000,0.009765625
,,expert.layers.5.mlp.down_proj,denoise,5,output,unknown,1465,52740000,512750,0.009722222222222222
,,expert.layers.5.mlp.down_proj,denoise,5,weight_runtime_mask,unknown,1465,2160230400,42646904,0.019741831241704588
,,expert.layers.5.mlp.down_proj,denoise,6,activation,unknown,1465,150016000,1465000,0.009765625
,,expert.layers.5.mlp.down_proj,denoise,6,output,unknown,1465,52740000,512750,0.009722222222222222
,,expert.layers.5.mlp.down_proj,denoise,6,weight_runtime_mask,unknown,1465,2160230400,42647043,0.019741895586692974
,,expert.layers.5.mlp.down_proj,denoise,7,activation,unknown,1465,150016000,1465000,0.009765625
,,expert.layers.5.mlp.down_proj,denoise,7,output,unknown,1465,52740000,512750,0.009722222222222222
,,expert.layers.5.mlp.down_proj,denoise,7,weight_runtime_mask,unknown,1465,2160230400,42648723,0.01974267328151664
,,expert.layers.5.mlp.down_proj,denoise,8,activation,unknown,1465,150016000,1465000,0.009765625
,,expert.layers.5.mlp.down_proj,denoise,8,output,unknown,1465,52740000,512750,0.009722222222222222
,,expert.layers.5.mlp.down_proj,denoise,8,weight_runtime_mask,unknown,1465,2160230400,42652360,0.019744356898227153
,,expert.layers.5.mlp.down_proj,denoise,9,activation,unknown,1465,150016000,1465000,0.009765625
,,expert.layers.5.mlp.down_proj,denoise,9,output,unknown,1465,52740000,512750,0.009722222222222222
,,expert.layers.5.mlp.down_proj,denoise,9,weight_runtime_mask,unknown,1465,2160230400,42658332,0.01974712141815984
,,expert.layers.5.mlp.gate_proj,denoise,0,activation,unknown,1465,52740000,512750,0.009722222222222222
,,expert.layers.5.mlp.gate_proj,denoise,0,output,unknown,1465,150016000,1465000,0.009765625
,,expert.layers.5.mlp.gate_proj,denoise,0,weight_runtime_mask,unknown,1465,2160230400,42634354,0.01973602167620639
,,expert.layers.5.mlp.gate_proj,denoise,1,activation,unknown,1465,52740000,512750,0.009722222222222222
,,expert.layers.5.mlp.gate_proj,denoise,1,output,unknown,1465,150016000,1465000,0.009765625
,,expert.layers.5.mlp.gate_proj,denoise,1,weight_runtime_mask,unknown,1465,2160230400,42638373,0.01973788212590657
,,expert.layers.5.mlp.gate_proj,denoise,2,activation,unknown,1465,52740000,512750,0.009722222222222222
,,expert.layers.5.mlp.gate_proj,denoise,2,output,unknown,1465,150016000,1465000,0.009765625
,,expert.layers.5.mlp.gate_proj,denoise,2,weight_runtime_mask,unknown,1465,2160230400,42640474,0.019738854707349734
,,expert.layers.5.mlp.gate_proj,denoise,3,activation,unknown,1465,52740000,512750,0.009722222222222222
,,expert.layers.5.mlp.gate_proj,denoise,3,output,unknown,1465,150016000,1465000,0.009765625
,,expert.layers.5.mlp.gate_proj,denoise,3,weight_runtime_mask,unknown,1465,2160230400,42640894,0.01973904913105565
,,expert.layers.5.mlp.gate_proj,denoise,4,activation,unknown,1465,52740000,512750,0.009722222222222222
,,expert.layers.5.mlp.gate_proj,denoise,4,output,unknown,1465,150016000,1465000,0.009765625
,,expert.layers.5.mlp.gate_proj,denoise,4,weight_runtime_mask,unknown,1465,2160230400,42639427,0.0197383700368257
,,expert.layers.5.mlp.gate_proj,denoise,5,activation,unknown,1465,52740000,512750,0.009722222222222222
,,expert.layers.5.mlp.gate_proj,denoise,5,output,unknown,1465,150016000,1465000,0.009765625
,,expert.layers.5.mlp.gate_proj,denoise,5,weight_runtime_mask,unknown,1465,2160230400,42637364,0.019737415046098786
,,expert.layers.5.mlp.gate_proj,denoise,6,activation,unknown,1465,52740000,512750,0.009722222222222222
,,expert.layers.5.mlp.gate_proj,denoise,6,output,unknown,1465,150016000,1465000,0.009765625
,,expert.layers.5.mlp.gate_proj,denoise,6,weight_runtime_mask,unknown,1465,2160230400,42635463,0.019736535047372723
,,expert.layers.5.mlp.gate_proj,denoise,7,activation,unknown,1465,52740000,512750,0.009722222222222222
,,expert.layers.5.mlp.gate_proj,denoise,7,output,unknown,1465,150016000,1465000,0.009765625
,,expert.layers.5.mlp.gate_proj,denoise,7,weight_runtime_mask,unknown,1465,2160230400,42632799,0.019735301845580915
,,expert.layers.5.mlp.gate_proj,denoise,8,activation,unknown,1465,52740000,512750,0.009722222222222222
,,expert.layers.5.mlp.gate_proj,denoise,8,output,unknown,1465,150016000,1465000,0.009765625
,,expert.layers.5.mlp.gate_proj,denoise,8,weight_runtime_mask,unknown,1465,2160230400,42629970,0.019733992263047496
,,expert.layers.5.mlp.gate_proj,denoise,9,activation,unknown,1465,52740000,512750,0.009722222222222222
,,expert.layers.5.mlp.gate_proj,denoise,9,output,unknown,1465,150016000,1465000,0.009765625
,,expert.layers.5.mlp.gate_proj,denoise,9,weight_runtime_mask,unknown,1465,2160230400,42625853,0.019732086447815936
,,expert.layers.5.mlp.up_proj,denoise,0,activation,unknown,1465,52740000,512750,0.009722222222222222
,,expert.layers.5.mlp.up_proj,denoise,0,output,unknown,1465,150016000,1465000,0.009765625
,,expert.layers.5.mlp.up_proj,denoise,0,weight_runtime_mask,unknown,1465,2160230400,42679674,0.019757000919901877
,,expert.layers.5.mlp.up_proj,denoise,1,activation,unknown,1465,52740000,512750,0.009722222222222222
,,expert.layers.5.mlp.up_proj,denoise,1,output,unknown,1465,150016000,1465000,0.009765625
,,expert.layers.5.mlp.up_proj,denoise,1,weight_runtime_mask,unknown,1465,2160230400,42677052,0.01975578716048066
,,expert.layers.5.mlp.up_proj,denoise,2,activation,unknown,1465,52740000,512750,0.009722222222222222
,,expert.layers.5.mlp.up_proj,denoise,2,output,unknown,1465,150016000,1465000,0.009765625
,,expert.layers.5.mlp.up_proj,denoise,2,weight_runtime_mask,unknown,1465,2160230400,42675397,0.019755021038496634
,,expert.layers.5.mlp.up_proj,denoise,3,activation,unknown,1465,52740000,512750,0.009722222222222222
,,expert.layers.5.mlp.up_proj,denoise,3,output,unknown,1465,150016000,1465000,0.009765625
,,expert.layers.5.mlp.up_proj,denoise,3,weight_runtime_mask,unknown,1465,2160230400,42674407,0.019754562754046977
,,expert.layers.5.mlp.up_proj,denoise,4,activation,unknown,1465,52740000,512750,0.009722222222222222
,,expert.layers.5.mlp.up_proj,denoise,4,output,unknown,1465,150016000,1465000,0.009765625
,,expert.layers.5.mlp.up_proj,denoise,4,weight_runtime_mask,unknown,1465,2160230400,42674270,0.01975449933488576
,,expert.layers.5.mlp.up_proj,denoise,5,activation,unknown,1465,52740000,512750,0.009722222222222222
,,expert.layers.5.mlp.up_proj,denoise,5,output,unknown,1465,150016000,1465000,0.009765625
,,expert.layers.5.mlp.up_proj,denoise,5,weight_runtime_mask,unknown,1465,2160230400,42674443,0.019754579418936054
,,expert.layers.5.mlp.up_proj,denoise,6,activation,unknown,1465,52740000,512750,0.009722222222222222
,,expert.layers.5.mlp.up_proj,denoise,6,output,unknown,1465,150016000,1465000,0.009765625
,,expert.layers.5.mlp.up_proj,denoise,6,weight_runtime_mask,unknown,1465,2160230400,42674880,0.019754781712172924
,,expert.layers.5.mlp.up_proj,denoise,7,activation,unknown,1465,52740000,512750,0.009722222222222222
,,expert.layers.5.mlp.up_proj,denoise,7,output,unknown,1465,150016000,1465000,0.009765625
,,expert.layers.5.mlp.up_proj,denoise,7,weight_runtime_mask,unknown,1465,2160230400,42675124,0.019754894663087788
,,expert.layers.5.mlp.up_proj,denoise,8,activation,unknown,1465,52740000,512750,0.009722222222222222
,,expert.layers.5.mlp.up_proj,denoise,8,output,unknown,1465,150016000,1465000,0.009765625
,,expert.layers.5.mlp.up_proj,denoise,8,weight_runtime_mask,unknown,1465,2160230400,42674950,0.019754814116123908
,,expert.layers.5.mlp.up_proj,denoise,9,activation,unknown,1465,52740000,512750,0.009722222222222222
,,expert.layers.5.mlp.up_proj,denoise,9,output,unknown,1465,150016000,1465000,0.009765625
,,expert.layers.5.mlp.up_proj,denoise,9,weight_runtime_mask,unknown,1465,2160230400,42673724,0.01975424658406807
,,expert.layers.5.self_attn.k_proj,denoise,0,activation,cross,1465,82977600,777915,0.009375
,,expert.layers.5.self_attn.k_proj,denoise,0,output,cross,1465,82977600,777915,0.009375
,,expert.layers.5.self_attn.k_proj,denoise,0,weight_runtime_mask,cross,1465,150016000,2906213,0.019372686913395904
,,expert.layers.5.self_attn.k_proj,denoise,1,activation,cross,1465,82977600,777915,0.009375
,,expert.layers.5.self_attn.k_proj,denoise,1,output,cross,1465,82977600,777915,0.009375
,,expert.layers.5.self_attn.k_proj,denoise,1,weight_runtime_mask,cross,1465,150016000,2906213,0.019372686913395904
,,expert.layers.5.self_attn.k_proj,denoise,2,activation,cross,1465,82977600,777915,0.009375
,,expert.layers.5.self_attn.k_proj,denoise,2,output,cross,1465,82977600,777915,0.009375
,,expert.layers.5.self_attn.k_proj,denoise,2,weight_runtime_mask,cross,1465,150016000,2906213,0.019372686913395904
,,expert.layers.5.self_attn.k_proj,denoise,3,activation,cross,1465,82977600,777915,0.009375
,,expert.layers.5.self_attn.k_proj,denoise,3,output,cross,1465,82977600,777915,0.009375
,,expert.layers.5.self_attn.k_proj,denoise,3,weight_runtime_mask,cross,1465,150016000,2906213,0.019372686913395904
,,expert.layers.5.self_attn.k_proj,denoise,4,activation,cross,1465,82977600,777915,0.009375
,,expert.layers.5.self_attn.k_proj,denoise,4,output,cross,1465,82977600,777915,0.009375
,,expert.layers.5.self_attn.k_proj,denoise,4,weight_runtime_mask,cross,1465,150016000,2906213,0.019372686913395904
,,expert.layers.5.self_attn.k_proj,denoise,5,activation,cross,1465,82977600,777915,0.009375
,,expert.layers.5.self_attn.k_proj,denoise,5,output,cross,1465,82977600,777915,0.009375
,,expert.layers.5.self_attn.k_proj,denoise,5,weight_runtime_mask,cross,1465,150016000,2906213,0.019372686913395904
,,expert.layers.5.self_attn.k_proj,denoise,6,activation,cross,1465,82977600,777915,0.009375
,,expert.layers.5.self_attn.k_proj,denoise,6,output,cross,1465,82977600,777915,0.009375
,,expert.layers.5.self_attn.k_proj,denoise,6,weight_runtime_mask,cross,1465,150016000,2906213,0.019372686913395904
,,expert.layers.5.self_attn.k_proj,denoise,7,activation,cross,1465,82977600,777915,0.009375
,,expert.layers.5.self_attn.k_proj,denoise,7,output,cross,1465,82977600,777915,0.009375
,,expert.layers.5.self_attn.k_proj,denoise,7,weight_runtime_mask,cross,1465,150016000,2906213,0.019372686913395904
,,expert.layers.5.self_attn.k_proj,denoise,8,activation,cross,1465,82977600,777915,0.009375
,,expert.layers.5.self_attn.k_proj,denoise,8,output,cross,1465,82977600,777915,0.009375
,,expert.layers.5.self_attn.k_proj,denoise,8,weight_runtime_mask,cross,1465,150016000,2906213,0.019372686913395904
,,expert.layers.5.self_attn.k_proj,denoise,9,activation,cross,1465,82977600,777915,0.009375
,,expert.layers.5.self_attn.k_proj,denoise,9,output,cross,1465,82977600,777915,0.009375
,,expert.layers.5.self_attn.k_proj,denoise,9,weight_runtime_mask,cross,1465,150016000,2906213,0.019372686913395904
,,expert.layers.5.self_attn.o_proj,denoise,0,activation,unknown,1465,70320000,659250,0.009375
,,expert.layers.5.self_attn.o_proj,denoise,0,output,unknown,1465,52740000,512750,0.009722222222222222
,,expert.layers.5.self_attn.o_proj,denoise,0,weight_runtime_mask,unknown,1465,1012608000,19701696,0.01945638983693591
,,expert.layers.5.self_attn.o_proj,denoise,1,activation,unknown,1465,70320000,659250,0.009375
,,expert.layers.5.self_attn.o_proj,denoise,1,output,unknown,1465,52740000,512750,0.009722222222222222
,,expert.layers.5.self_attn.o_proj,denoise,1,weight_runtime_mask,unknown,1465,1012608000,19701758,0.019456451064972822
,,expert.layers.5.self_attn.o_proj,denoise,2,activation,unknown,1465,70320000,659250,0.009375
,,expert.layers.5.self_attn.o_proj,denoise,2,output,unknown,1465,52740000,512750,0.009722222222222222
,,expert.layers.5.self_attn.o_proj,denoise,2,weight_runtime_mask,unknown,1465,1012608000,19701701,0.019456394774680825
,,expert.layers.5.self_attn.o_proj,denoise,3,activation,unknown,1465,70320000,659250,0.009375
,,expert.layers.5.self_attn.o_proj,denoise,3,output,unknown,1465,52740000,512750,0.009722222222222222
,,expert.layers.5.self_attn.o_proj,denoise,3,weight_runtime_mask,unknown,1465,1012608000,19701752,0.019456445139678927
,,expert.layers.5.self_attn.o_proj,denoise,4,activation,unknown,1465,70320000,659250,0.009375
,,expert.layers.5.self_attn.o_proj,denoise,4,output,unknown,1465,52740000,512750,0.009722222222222222
,,expert.layers.5.self_attn.o_proj,denoise,4,weight_runtime_mask,unknown,1465,1012608000,19701601,0.01945629601978258
,,expert.layers.5.self_attn.o_proj,denoise,5,activation,unknown,1465,70320000,659250,0.009375
,,expert.layers.5.self_attn.o_proj,denoise,5,output,unknown,1465,52740000,512750,0.009722222222222222
,,expert.layers.5.self_attn.o_proj,denoise,5,weight_runtime_mask,unknown,1465,1012608000,19701316,0.019456014568322588
,,expert.layers.5.self_attn.o_proj,denoise,6,activation,unknown,1465,70320000,659250,0.009375
,,expert.layers.5.self_attn.o_proj,denoise,6,output,unknown,1465,52740000,512750,0.009722222222222222
,,expert.layers.5.self_attn.o_proj,denoise,6,weight_runtime_mask,unknown,1465,1012608000,19701195,0.019455895074895715
,,expert.layers.5.self_attn.o_proj,denoise,7,activation,unknown,1465,70320000,659250,0.009375
,,expert.layers.5.self_attn.o_proj,denoise,7,output,unknown,1465,52740000,512750,0.009722222222222222
,,expert.layers.5.self_attn.o_proj,denoise,7,weight_runtime_mask,unknown,1465,1012608000,19700922,0.019455625474023512
,,expert.layers.5.self_attn.o_proj,denoise,8,activation,unknown,1465,70320000,659250,0.009375
,,expert.layers.5.self_attn.o_proj,denoise,8,output,unknown,1465,52740000,512750,0.009722222222222222
,,expert.layers.5.self_attn.o_proj,denoise,8,weight_runtime_mask,unknown,1465,1012608000,19700835,0.01945553955726204
,,expert.layers.5.self_attn.o_proj,denoise,9,activation,unknown,1465,70320000,659250,0.009375
,,expert.layers.5.self_attn.o_proj,denoise,9,output,unknown,1465,52740000,512750,0.009722222222222222
,,expert.layers.5.self_attn.o_proj,denoise,9,weight_runtime_mask,unknown,1465,1012608000,19700748,0.01945545364050057
,,expert.layers.5.self_attn.q_proj,denoise,0,activation,cross,1465,52740000,512750,0.009722222222222222
,,expert.layers.5.self_attn.q_proj,denoise,0,output,cross,1465,70320000,659250,0.009375
,,expert.layers.5.self_attn.q_proj,denoise,0,weight_runtime_mask,cross,1465,1012608000,19980047,0.019731275083744153
,,expert.layers.5.self_attn.q_proj,denoise,1,activation,cross,1465,52740000,512750,0.009722222222222222
,,expert.layers.5.self_attn.q_proj,denoise,1,output,cross,1465,70320000,659250,0.009375
,,expert.layers.5.self_attn.q_proj,denoise,1,weight_runtime_mask,cross,1465,1012608000,19978202,0.019729453055871572
,,expert.layers.5.self_attn.q_proj,denoise,2,activation,cross,1465,52740000,512750,0.009722222222222222
,,expert.layers.5.self_attn.q_proj,denoise,2,output,cross,1465,70320000,659250,0.009375
,,expert.layers.5.self_attn.q_proj,denoise,2,weight_runtime_mask,cross,1465,1012608000,19979404,0.019730640089748452
,,expert.layers.5.self_attn.q_proj,denoise,3,activation,cross,1465,52740000,512750,0.009722222222222222
,,expert.layers.5.self_attn.q_proj,denoise,3,output,cross,1465,70320000,659250,0.009375
,,expert.layers.5.self_attn.q_proj,denoise,3,weight_runtime_mask,cross,1465,1012608000,19981171,0.019732385088800406
,,expert.layers.5.self_attn.q_proj,denoise,4,activation,cross,1465,52740000,512750,0.009722222222222222
,,expert.layers.5.self_attn.q_proj,denoise,4,output,cross,1465,70320000,659250,0.009375
,,expert.layers.5.self_attn.q_proj,denoise,4,weight_runtime_mask,cross,1465,1012608000,19983124,0.01973431377196309
,,expert.layers.5.self_attn.q_proj,denoise,5,activation,cross,1465,52740000,512750,0.009722222222222222
,,expert.layers.5.self_attn.q_proj,denoise,5,output,cross,1465,70320000,659250,0.009375
,,expert.layers.5.self_attn.q_proj,denoise,5,weight_runtime_mask,cross,1465,1012608000,19984839,0.019736007418467955
,,expert.layers.5.self_attn.q_proj,denoise,6,activation,cross,1465,52740000,512750,0.009722222222222222
,,expert.layers.5.self_attn.q_proj,denoise,6,output,cross,1465,70320000,659250,0.009375
,,expert.layers.5.self_attn.q_proj,denoise,6,weight_runtime_mask,cross,1465,1012608000,19986542,0.019737689214385033
,,expert.layers.5.self_attn.q_proj,denoise,7,activation,cross,1465,52740000,512750,0.009722222222222222
,,expert.layers.5.self_attn.q_proj,denoise,7,output,cross,1465,70320000,659250,0.009375
,,expert.layers.5.self_attn.q_proj,denoise,7,weight_runtime_mask,cross,1465,1012608000,19988181,0.019739307807167237
,,expert.layers.5.self_attn.q_proj,denoise,8,activation,cross,1465,52740000,512750,0.009722222222222222
,,expert.layers.5.self_attn.q_proj,denoise,8,output,cross,1465,70320000,659250,0.009375
,,expert.layers.5.self_attn.q_proj,denoise,8,weight_runtime_mask,cross,1465,1012608000,19989901,0.019741006391417015
,,expert.layers.5.self_attn.q_proj,denoise,9,activation,cross,1465,52740000,512750,0.009722222222222222
,,expert.layers.5.self_attn.q_proj,denoise,9,output,cross,1465,70320000,659250,0.009375
,,expert.layers.5.self_attn.q_proj,denoise,9,weight_runtime_mask,cross,1465,1012608000,19992193,0.019743269853684742
,,expert.layers.5.self_attn.v_proj,denoise,0,activation,cross,1465,82977600,777915,0.009375
,,expert.layers.5.self_attn.v_proj,denoise,0,output,cross,1465,82977600,777915,0.009375
,,expert.layers.5.self_attn.v_proj,denoise,0,weight_runtime_mask,cross,1465,150016000,2898251,0.019319612574658702
,,expert.layers.5.self_attn.v_proj,denoise,1,activation,cross,1465,82977600,777915,0.009375
,,expert.layers.5.self_attn.v_proj,denoise,1,output,cross,1465,82977600,777915,0.009375
,,expert.layers.5.self_attn.v_proj,denoise,1,weight_runtime_mask,cross,1465,150016000,2898251,0.019319612574658702
,,expert.layers.5.self_attn.v_proj,denoise,2,activation,cross,1465,82977600,777915,0.009375
,,expert.layers.5.self_attn.v_proj,denoise,2,output,cross,1465,82977600,777915,0.009375
,,expert.layers.5.self_attn.v_proj,denoise,2,weight_runtime_mask,cross,1465,150016000,2898251,0.019319612574658702
,,expert.layers.5.self_attn.v_proj,denoise,3,activation,cross,1465,82977600,777915,0.009375
,,expert.layers.5.self_attn.v_proj,denoise,3,output,cross,1465,82977600,777915,0.009375
,,expert.layers.5.self_attn.v_proj,denoise,3,weight_runtime_mask,cross,1465,150016000,2898251,0.019319612574658702
,,expert.layers.5.self_attn.v_proj,denoise,4,activation,cross,1465,82977600,777915,0.009375
,,expert.layers.5.self_attn.v_proj,denoise,4,output,cross,1465,82977600,777915,0.009375
,,expert.layers.5.self_attn.v_proj,denoise,4,weight_runtime_mask,cross,1465,150016000,2898251,0.019319612574658702
,,expert.layers.5.self_attn.v_proj,denoise,5,activation,cross,1465,82977600,777915,0.009375
,,expert.layers.5.self_attn.v_proj,denoise,5,output,cross,1465,82977600,777915,0.009375
,,expert.layers.5.self_attn.v_proj,denoise,5,weight_runtime_mask,cross,1465,150016000,2898251,0.019319612574658702
,,expert.layers.5.self_attn.v_proj,denoise,6,activation,cross,1465,82977600,777915,0.009375
,,expert.layers.5.self_attn.v_proj,denoise,6,output,cross,1465,82977600,777915,0.009375
,,expert.layers.5.self_attn.v_proj,denoise,6,weight_runtime_mask,cross,1465,150016000,2898251,0.019319612574658702
,,expert.layers.5.self_attn.v_proj,denoise,7,activation,cross,1465,82977600,777915,0.009375
,,expert.layers.5.self_attn.v_proj,denoise,7,output,cross,1465,82977600,777915,0.009375
,,expert.layers.5.self_attn.v_proj,denoise,7,weight_runtime_mask,cross,1465,150016000,2898251,0.019319612574658702
,,expert.layers.5.self_attn.v_proj,denoise,8,activation,cross,1465,82977600,777915,0.009375
,,expert.layers.5.self_attn.v_proj,denoise,8,output,cross,1465,82977600,777915,0.009375
,,expert.layers.5.self_attn.v_proj,denoise,8,weight_runtime_mask,cross,1465,150016000,2898251,0.019319612574658702
,,expert.layers.5.self_attn.v_proj,denoise,9,activation,cross,1465,82977600,777915,0.009375
,,expert.layers.5.self_attn.v_proj,denoise,9,output,cross,1465,82977600,777915,0.009375
,,expert.layers.5.self_attn.v_proj,denoise,9,weight_runtime_mask,cross,1465,150016000,2898251,0.019319612574658702
,,expert.layers.6.mlp.down_proj,denoise,0,activation,unknown,1465,150016000,1465000,0.009765625
,,expert.layers.6.mlp.down_proj,denoise,0,output,unknown,1465,52740000,512750,0.009722222222222222
,,expert.layers.6.mlp.down_proj,denoise,0,weight_runtime_mask,unknown,1465,2160230400,42706458,0.01976939959737628
,,expert.layers.6.mlp.down_proj,denoise,1,activation,unknown,1465,150016000,1465000,0.009765625
,,expert.layers.6.mlp.down_proj,denoise,1,output,unknown,1465,52740000,512750,0.009722222222222222
,,expert.layers.6.mlp.down_proj,denoise,1,weight_runtime_mask,unknown,1465,2160230400,42706221,0.019769289886856514
,,expert.layers.6.mlp.down_proj,denoise,2,activation,unknown,1465,150016000,1465000,0.009765625
,,expert.layers.6.mlp.down_proj,denoise,2,output,unknown,1465,52740000,512750,0.009722222222222222
,,expert.layers.6.mlp.down_proj,denoise,2,weight_runtime_mask,unknown,1465,2160230400,42705702,0.019769049634705632
,,expert.layers.6.mlp.down_proj,denoise,3,activation,unknown,1465,150016000,1465000,0.009765625
,,expert.layers.6.mlp.down_proj,denoise,3,output,unknown,1465,52740000,512750,0.009722222222222222
,,expert.layers.6.mlp.down_proj,denoise,3,weight_runtime_mask,unknown,1465,2160230400,42705110,0.019768775589863008
,,expert.layers.6.mlp.down_proj,denoise,4,activation,unknown,1465,150016000,1465000,0.009765625
,,expert.layers.6.mlp.down_proj,denoise,4,output,unknown,1465,52740000,512750,0.009722222222222222
,,expert.layers.6.mlp.down_proj,denoise,4,weight_runtime_mask,unknown,1465,2160230400,42704693,0.019768582554897846
,,expert.layers.6.mlp.down_proj,denoise,5,activation,unknown,1465,150016000,1465000,0.009765625
,,expert.layers.6.mlp.down_proj,denoise,5,output,unknown,1465,52740000,512750,0.009722222222222222
,,expert.layers.6.mlp.down_proj,denoise,5,weight_runtime_mask,unknown,1465,2160230400,42703613,0.019768082608225494
,,expert.layers.6.mlp.down_proj,denoise,6,activation,unknown,1465,150016000,1465000,0.009765625
,,expert.layers.6.mlp.down_proj,denoise,6,output,unknown,1465,52740000,512750,0.009722222222222222
,,expert.layers.6.mlp.down_proj,denoise,6,weight_runtime_mask,unknown,1465,2160230400,42702179,0.019767418790143865
,,expert.layers.6.mlp.down_proj,denoise,7,activation,unknown,1465,150016000,1465000,0.009765625
,,expert.layers.6.mlp.down_proj,denoise,7,output,unknown,1465,52740000,512750,0.009722222222222222
,,expert.layers.6.mlp.down_proj,denoise,7,weight_runtime_mask,unknown,1465,2160230400,42700246,0.019766523978183067
,,expert.layers.6.mlp.down_proj,denoise,8,activation,unknown,1465,150016000,1465000,0.009765625
,,expert.layers.6.mlp.down_proj,denoise,8,output,unknown,1465,52740000,512750,0.009722222222222222
,,expert.layers.6.mlp.down_proj,denoise,8,weight_runtime_mask,unknown,1465,2160230400,42697671,0.01976533197570037
,,expert.layers.6.mlp.down_proj,denoise,9,activation,unknown,1465,150016000,1465000,0.009765625
,,expert.layers.6.mlp.down_proj,denoise,9,output,unknown,1465,52740000,512750,0.009722222222222222
,,expert.layers.6.mlp.down_proj,denoise,9,weight_runtime_mask,unknown,1465,2160230400,42694484,0.019763856670103337
,,expert.layers.6.mlp.gate_proj,denoise,0,activation,unknown,1465,52740000,512750,0.009722222222222222
,,expert.layers.6.mlp.gate_proj,denoise,0,output,unknown,1465,150016000,1465000,0.009765625
,,expert.layers.6.mlp.gate_proj,denoise,0,weight_runtime_mask,unknown,1465,2160230400,42804012,0.0198145586692975
,,expert.layers.6.mlp.gate_proj,denoise,1,activation,unknown,1465,52740000,512750,0.009722222222222222
,,expert.layers.6.mlp.gate_proj,denoise,1,output,unknown,1465,150016000,1465000,0.009765625
,,expert.layers.6.mlp.gate_proj,denoise,1,weight_runtime_mask,unknown,1465,2160230400,42806897,0.019815894174991706
,,expert.layers.6.mlp.gate_proj,denoise,2,activation,unknown,1465,52740000,512750,0.009722222222222222
,,expert.layers.6.mlp.gate_proj,denoise,2,output,unknown,1465,150016000,1465000,0.009765625
,,expert.layers.6.mlp.gate_proj,denoise,2,weight_runtime_mask,unknown,1465,2160230400,42811081,0.019817831005433495
,,expert.layers.6.mlp.gate_proj,denoise,3,activation,unknown,1465,52740000,512750,0.009722222222222222
,,expert.layers.6.mlp.gate_proj,denoise,3,output,unknown,1465,150016000,1465000,0.009765625
,,expert.layers.6.mlp.gate_proj,denoise,3,weight_runtime_mask,unknown,1465,2160230400,42813870,0.019819122071423494
,,expert.layers.6.mlp.gate_proj,denoise,4,activation,unknown,1465,52740000,512750,0.009722222222222222
,,expert.layers.6.mlp.gate_proj,denoise,4,output,unknown,1465,150016000,1465000,0.009765625
,,expert.layers.6.mlp.gate_proj,denoise,4,weight_runtime_mask,unknown,1465,2160230400,42815899,0.0198200613230885
,,expert.layers.6.mlp.gate_proj,denoise,5,activation,unknown,1465,52740000,512750,0.009722222222222222
,,expert.layers.6.mlp.gate_proj,denoise,5,output,unknown,1465,150016000,1465000,0.009765625
,,expert.layers.6.mlp.gate_proj,denoise,5,weight_runtime_mask,unknown,1465,2160230400,42817062,0.019820599691588454
,,expert.layers.6.mlp.gate_proj,denoise,6,activation,unknown,1465,52740000,512750,0.009722222222222222
,,expert.layers.6.mlp.gate_proj,denoise,6,output,unknown,1465,150016000,1465000,0.009765625
,,expert.layers.6.mlp.gate_proj,denoise,6,weight_runtime_mask,unknown,1465,2160230400,42817726,0.019820907066209235
,,expert.layers.6.mlp.gate_proj,denoise,7,activation,unknown,1465,52740000,512750,0.009722222222222222
,,expert.layers.6.mlp.gate_proj,denoise,7,output,unknown,1465,150016000,1465000,0.009765625
,,expert.layers.6.mlp.gate_proj,denoise,7,weight_runtime_mask,unknown,1465,2160230400,42816965,0.019820554788970657
,,expert.layers.6.mlp.gate_proj,denoise,8,activation,unknown,1465,52740000,512750,0.009722222222222222
,,expert.layers.6.mlp.gate_proj,denoise,8,output,unknown,1465,150016000,1465000,0.009765625
,,expert.layers.6.mlp.gate_proj,denoise,8,weight_runtime_mask,unknown,1465,2160230400,42815114,0.01981969793592387
,,expert.layers.6.mlp.gate_proj,denoise,9,activation,unknown,1465,52740000,512750,0.009722222222222222
,,expert.layers.6.mlp.gate_proj,denoise,9,output,unknown,1465,150016000,1465000,0.009765625
,,expert.layers.6.mlp.gate_proj,denoise,9,weight_runtime_mask,unknown,1465,2160230400,42811158,0.01981786664977958
,,expert.layers.6.mlp.up_proj,denoise,0,activation,unknown,1465,52740000,512750,0.009722222222222222
,,expert.layers.6.mlp.up_proj,denoise,0,output,unknown,1465,150016000,1465000,0.009765625
,,expert.layers.6.mlp.up_proj,denoise,0,weight_runtime_mask,unknown,1465,2160230400,42569742,0.01970611190361917
,,expert.layers.6.mlp.up_proj,denoise,1,activation,unknown,1465,52740000,512750,0.009722222222222222
,,expert.layers.6.mlp.up_proj,denoise,1,output,unknown,1465,150016000,1465000,0.009765625
,,expert.layers.6.mlp.up_proj,denoise,1,weight_runtime_mask,unknown,1465,2160230400,42574509,0.019708318612681314
,,expert.layers.6.mlp.up_proj,denoise,2,activation,unknown,1465,52740000,512750,0.009722222222222222
,,expert.layers.6.mlp.up_proj,denoise,2,output,unknown,1465,150016000,1465000,0.009765625
,,expert.layers.6.mlp.up_proj,denoise,2,weight_runtime_mask,unknown,1465,2160230400,42577721,0.019709805491117983
,,expert.layers.6.mlp.up_proj,denoise,3,activation,unknown,1465,52740000,512750,0.009722222222222222
,,expert.layers.6.mlp.up_proj,denoise,3,output,unknown,1465,150016000,1465000,0.009765625
,,expert.layers.6.mlp.up_proj,denoise,3,weight_runtime_mask,unknown,1465,2160230400,42579809,0.019710772054684536
,,expert.layers.6.mlp.up_proj,denoise,4,activation,unknown,1465,52740000,512750,0.009722222222222222
,,expert.layers.6.mlp.up_proj,denoise,4,output,unknown,1465,150016000,1465000,0.009765625
,,expert.layers.6.mlp.up_proj,denoise,4,weight_runtime_mask,unknown,1465,2160230400,42580160,0.019710934537353054
,,expert.layers.6.mlp.up_proj,denoise,5,activation,unknown,1465,52740000,512750,0.009722222222222222
,,expert.layers.6.mlp.up_proj,denoise,5,output,unknown,1465,150016000,1465000,0.009765625
,,expert.layers.6.mlp.up_proj,denoise,5,weight_runtime_mask,unknown,1465,2160230400,42579989,0.019710855379129928
,,expert.layers.6.mlp.up_proj,denoise,6,activation,unknown,1465,52740000,512750,0.009722222222222222
,,expert.layers.6.mlp.up_proj,denoise,6,output,unknown,1465,150016000,1465000,0.009765625
,,expert.layers.6.mlp.up_proj,denoise,6,weight_runtime_mask,unknown,1465,2160230400,42580006,0.019710863248660882
,,expert.layers.6.mlp.up_proj,denoise,7,activation,unknown,1465,52740000,512750,0.009722222222222222
,,expert.layers.6.mlp.up_proj,denoise,7,output,unknown,1465,150016000,1465000,0.009765625
,,expert.layers.6.mlp.up_proj,denoise,7,weight_runtime_mask,unknown,1465,2160230400,42579053,0.019710422092013888
,,expert.layers.6.mlp.up_proj,denoise,8,activation,unknown,1465,52740000,512750,0.009722222222222222
,,expert.layers.6.mlp.up_proj,denoise,8,output,unknown,1465,150016000,1465000,0.009765625
,,expert.layers.6.mlp.up_proj,denoise,8,weight_runtime_mask,unknown,1465,2160230400,42577324,0.019709621714424537
,,expert.layers.6.mlp.up_proj,denoise,9,activation,unknown,1465,52740000,512750,0.009722222222222222
,,expert.layers.6.mlp.up_proj,denoise,9,output,unknown,1465,150016000,1465000,0.009765625
,,expert.layers.6.mlp.up_proj,denoise,9,weight_runtime_mask,unknown,1465,2160230400,42575252,0.019708662557475352
,,expert.layers.6.self_attn.k_proj,denoise,0,activation,self,1465,52740000,512750,0.009722222222222222
,,expert.layers.6.self_attn.k_proj,denoise,0,output,self,1465,23440000,219750,0.009375
,,expert.layers.6.self_attn.k_proj,denoise,0,weight_runtime_mask,self,1465,337536000,6764742,0.02004154223549488
,,expert.layers.6.self_attn.k_proj,denoise,1,activation,self,1465,52740000,512750,0.009722222222222222
,,expert.layers.6.self_attn.k_proj,denoise,1,output,self,1465,23440000,219750,0.009375
,,expert.layers.6.self_attn.k_proj,denoise,1,weight_runtime_mask,self,1465,337536000,6763735,0.02003855885001896
,,expert.layers.6.self_attn.k_proj,denoise,2,activation,self,1465,52740000,512750,0.009722222222222222
,,expert.layers.6.self_attn.k_proj,denoise,2,output,self,1465,23440000,219750,0.009375
,,expert.layers.6.self_attn.k_proj,denoise,2,weight_runtime_mask,self,1465,337536000,6763591,0.02003813222885855
,,expert.layers.6.self_attn.k_proj,denoise,3,activation,self,1465,52740000,512750,0.009722222222222222
,,expert.layers.6.self_attn.k_proj,denoise,3,output,self,1465,23440000,219750,0.009375
,,expert.layers.6.self_attn.k_proj,denoise,3,weight_runtime_mask,self,1465,337536000,6763856,0.020038917330299583
,,expert.layers.6.self_attn.k_proj,denoise,4,activation,self,1465,52740000,512750,0.009722222222222222
,,expert.layers.6.self_attn.k_proj,denoise,4,output,self,1465,23440000,219750,0.009375
,,expert.layers.6.self_attn.k_proj,denoise,4,weight_runtime_mask,self,1465,337536000,6764229,0.02004002239761092
,,expert.layers.6.self_attn.k_proj,denoise,5,activation,self,1465,52740000,512750,0.009722222222222222
,,expert.layers.6.self_attn.k_proj,denoise,5,output,self,1465,23440000,219750,0.009375
,,expert.layers.6.self_attn.k_proj,denoise,5,weight_runtime_mask,self,1465,337536000,6764742,0.02004154223549488
,,expert.layers.6.self_attn.k_proj,denoise,6,activation,self,1465,52740000,512750,0.009722222222222222
,,expert.layers.6.self_attn.k_proj,denoise,6,output,self,1465,23440000,219750,0.009375
,,expert.layers.6.self_attn.k_proj,denoise,6,weight_runtime_mask,self,1465,337536000,6765177,0.020042830986916952
,,expert.layers.6.self_attn.k_proj,denoise,7,activation,self,1465,52740000,512750,0.009722222222222222
,,expert.layers.6.self_attn.k_proj,denoise,7,output,self,1465,23440000,219750,0.009375
,,expert.layers.6.self_attn.k_proj,denoise,7,weight_runtime_mask,self,1465,337536000,6765960,0.02004515073947668
,,expert.layers.6.self_attn.k_proj,denoise,8,activation,self,1465,52740000,512750,0.009722222222222222
,,expert.layers.6.self_attn.k_proj,denoise,8,output,self,1465,23440000,219750,0.009375
,,expert.layers.6.self_attn.k_proj,denoise,8,weight_runtime_mask,self,1465,337536000,6766869,0.020047843785551762
,,expert.layers.6.self_attn.k_proj,denoise,9,activation,self,1465,52740000,512750,0.009722222222222222
,,expert.layers.6.self_attn.k_proj,denoise,9,output,self,1465,23440000,219750,0.009375
,,expert.layers.6.self_attn.k_proj,denoise,9,weight_runtime_mask,self,1465,337536000,6768084,0.02005144340159272
,,expert.layers.6.self_attn.o_proj,denoise,0,activation,unknown,1465,70320000,659250,0.009375
,,expert.layers.6.self_attn.o_proj,denoise,0,output,unknown,1465,52740000,512750,0.009722222222222222
,,expert.layers.6.self_attn.o_proj,denoise,0,weight_runtime_mask,unknown,1465,1012608000,19698325,0.019453060809316143
,,expert.layers.6.self_attn.o_proj,denoise,1,activation,unknown,1465,70320000,659250,0.009375
,,expert.layers.6.self_attn.o_proj,denoise,1,output,unknown,1465,52740000,512750,0.009722222222222222
,,expert.layers.6.self_attn.o_proj,denoise,1,weight_runtime_mask,unknown,1465,1012608000,19698879,0.019453607911452408
,,expert.layers.6.self_attn.o_proj,denoise,2,activation,unknown,1465,70320000,659250,0.009375
,,expert.layers.6.self_attn.o_proj,denoise,2,output,unknown,1465,52740000,512750,0.009722222222222222
,,expert.layers.6.self_attn.o_proj,denoise,2,weight_runtime_mask,unknown,1465,1012608000,19699352,0.019454075022121098
,,expert.layers.6.self_attn.o_proj,denoise,3,activation,unknown,1465,70320000,659250,0.009375
,,expert.layers.6.self_attn.o_proj,denoise,3,output,unknown,1465,52740000,512750,0.009722222222222222
,,expert.layers.6.self_attn.o_proj,denoise,3,weight_runtime_mask,unknown,1465,1012608000,19700327,0.019455037882378966
,,expert.layers.6.self_attn.o_proj,denoise,4,activation,unknown,1465,70320000,659250,0.009375
,,expert.layers.6.self_attn.o_proj,denoise,4,output,unknown,1465,52740000,512750,0.009722222222222222
,,expert.layers.6.self_attn.o_proj,denoise,4,weight_runtime_mask,unknown,1465,1012608000,19700492,0.019455200827961067
,,expert.layers.6.self_attn.o_proj,denoise,5,activation,unknown,1465,70320000,659250,0.009375
,,expert.layers.6.self_attn.o_proj,denoise,5,output,unknown,1465,52740000,512750,0.009722222222222222
,,expert.layers.6.self_attn.o_proj,denoise,5,weight_runtime_mask,unknown,1465,1012608000,19700986,0.019455688677158387
,,expert.layers.6.self_attn.o_proj,denoise,6,activation,unknown,1465,70320000,659250,0.009375
,,expert.layers.6.self_attn.o_proj,denoise,6,output,unknown,1465,52740000,512750,0.009722222222222222
,,expert.layers.6.self_attn.o_proj,denoise,6,weight_runtime_mask,unknown,1465,1012608000,19701231,0.019455930626659082
,,expert.layers.6.self_attn.o_proj,denoise,7,activation,unknown,1465,70320000,659250,0.009375
,,expert.layers.6.self_attn.o_proj,denoise,7,output,unknown,1465,52740000,512750,0.009722222222222222
,,expert.layers.6.self_attn.o_proj,denoise,7,weight_runtime_mask,unknown,1465,1012608000,19701165,0.019455865448426243
,,expert.layers.6.self_attn.o_proj,denoise,8,activation,unknown,1465,70320000,659250,0.009375
,,expert.layers.6.self_attn.o_proj,denoise,8,output,unknown,1465,52740000,512750,0.009722222222222222
,,expert.layers.6.self_attn.o_proj,denoise,8,weight_runtime_mask,unknown,1465,1012608000,19701203,0.019455902975287574
,,expert.layers.6.self_attn.o_proj,denoise,9,activation,unknown,1465,70320000,659250,0.009375
,,expert.layers.6.self_attn.o_proj,denoise,9,output,unknown,1465,52740000,512750,0.009722222222222222
,,expert.layers.6.self_attn.o_proj,denoise,9,weight_runtime_mask,unknown,1465,1012608000,19700511,0.019455219591391733
,,expert.layers.6.self_attn.q_proj,denoise,0,activation,self,1465,52740000,512750,0.009722222222222222
,,expert.layers.6.self_attn.q_proj,denoise,0,output,self,1465,70320000,659250,0.009375
,,expert.layers.6.self_attn.q_proj,denoise,0,weight_runtime_mask,self,1465,1012608000,20041602,0.019792063661357603
,,expert.layers.6.self_attn.q_proj,denoise,1,activation,self,1465,52740000,512750,0.009722222222222222
,,expert.layers.6.self_attn.q_proj,denoise,1,output,self,1465,70320000,659250,0.009375
,,expert.layers.6.self_attn.q_proj,denoise,1,weight_runtime_mask,self,1465,1012608000,20042551,0.01979300084534193
,,expert.layers.6.self_attn.q_proj,denoise,2,activation,self,1465,52740000,512750,0.009722222222222222
,,expert.layers.6.self_attn.q_proj,denoise,2,output,self,1465,70320000,659250,0.009375
,,expert.layers.6.self_attn.q_proj,denoise,2,weight_runtime_mask,self,1465,1012608000,20043201,0.01979364275218051
,,expert.layers.6.self_attn.q_proj,denoise,3,activation,self,1465,52740000,512750,0.009722222222222222
,,expert.layers.6.self_attn.q_proj,denoise,3,output,self,1465,70320000,659250,0.009375
,,expert.layers.6.self_attn.q_proj,denoise,3,weight_runtime_mask,self,1465,1012608000,20043313,0.01979375335766654
,,expert.layers.6.self_attn.q_proj,denoise,4,activation,self,1465,52740000,512750,0.009722222222222222
,,expert.layers.6.self_attn.q_proj,denoise,4,output,self,1465,70320000,659250,0.009375
,,expert.layers.6.self_attn.q_proj,denoise,4,weight_runtime_mask,self,1465,1012608000,20043397,0.019793836311781065
,,expert.layers.6.self_attn.q_proj,denoise,5,activation,self,1465,52740000,512750,0.009722222222222222
,,expert.layers.6.self_attn.q_proj,denoise,5,output,self,1465,70320000,659250,0.009375
,,expert.layers.6.self_attn.q_proj,denoise,5,weight_runtime_mask,self,1465,1012608000,20043678,0.019794113813045126
,,expert.layers.6.self_attn.q_proj,denoise,6,activation,self,1465,52740000,512750,0.009722222222222222
,,expert.layers.6.self_attn.q_proj,denoise,6,output,self,1465,70320000,659250,0.009375
,,expert.layers.6.self_attn.q_proj,denoise,6,weight_runtime_mask,self,1465,1012608000,20044301,0.01979472905606118
,,expert.layers.6.self_attn.q_proj,denoise,7,activation,self,1465,52740000,512750,0.009722222222222222
,,expert.layers.6.self_attn.q_proj,denoise,7,output,self,1465,70320000,659250,0.009375
,,expert.layers.6.self_attn.q_proj,denoise,7,weight_runtime_mask,self,1465,1012608000,20045138,0.019795555634559474
,,expert.layers.6.self_attn.q_proj,denoise,8,activation,self,1465,52740000,512750,0.009722222222222222
,,expert.layers.6.self_attn.q_proj,denoise,8,output,self,1465,70320000,659250,0.009375
,,expert.layers.6.self_attn.q_proj,denoise,8,weight_runtime_mask,self,1465,1012608000,20045986,0.019796393076096576
,,expert.layers.6.self_attn.q_proj,denoise,9,activation,self,1465,52740000,512750,0.009722222222222222
,,expert.layers.6.self_attn.q_proj,denoise,9,output,self,1465,70320000,659250,0.009375
,,expert.layers.6.self_attn.q_proj,denoise,9,weight_runtime_mask,self,1465,1012608000,20046832,0.01979722854253571
,,expert.layers.6.self_attn.v_proj,denoise,0,activation,self,1465,52740000,512750,0.009722222222222222
,,expert.layers.6.self_attn.v_proj,denoise,0,output,self,1465,23440000,219750,0.009375
,,expert.layers.6.self_attn.v_proj,denoise,0,weight_runtime_mask,self,1465,337536000,6788490,0.02011189917519909
,,expert.layers.6.self_attn.v_proj,denoise,1,activation,self,1465,52740000,512750,0.009722222222222222
,,expert.layers.6.self_attn.v_proj,denoise,1,output,self,1465,23440000,219750,0.009375
,,expert.layers.6.self_attn.v_proj,denoise,1,weight_runtime_mask,self,1465,337536000,6787314,0.020108415102389077
,,expert.layers.6.self_attn.v_proj,denoise,2,activation,self,1465,52740000,512750,0.009722222222222222
,,expert.layers.6.self_attn.v_proj,denoise,2,output,self,1465,23440000,219750,0.009375
,,expert.layers.6.self_attn.v_proj,denoise,2,weight_runtime_mask,self,1465,337536000,6786732,0.020106690841865758
,,expert.layers.6.self_attn.v_proj,denoise,3,activation,self,1465,52740000,512750,0.009722222222222222
,,expert.layers.6.self_attn.v_proj,denoise,3,output,self,1465,23440000,219750,0.009375
,,expert.layers.6.self_attn.v_proj,denoise,3,weight_runtime_mask,self,1465,337536000,6786980,0.020107425578308684
,,expert.layers.6.self_attn.v_proj,denoise,4,activation,self,1465,52740000,512750,0.009722222222222222
,,expert.layers.6.self_attn.v_proj,denoise,4,output,self,1465,23440000,219750,0.009375
,,expert.layers.6.self_attn.v_proj,denoise,4,weight_runtime_mask,self,1465,337536000,6787063,0.02010767147800531
,,expert.layers.6.self_attn.v_proj,denoise,5,activation,self,1465,52740000,512750,0.009722222222222222
,,expert.layers.6.self_attn.v_proj,denoise,5,output,self,1465,23440000,219750,0.009375
,,expert.layers.6.self_attn.v_proj,denoise,5,weight_runtime_mask,self,1465,337536000,6787317,0.02010842399032992
,,expert.layers.6.self_attn.v_proj,denoise,6,activation,self,1465,52740000,512750,0.009722222222222222
,,expert.layers.6.self_attn.v_proj,denoise,6,output,self,1465,23440000,219750,0.009375
,,expert.layers.6.self_attn.v_proj,denoise,6,weight_runtime_mask,self,1465,337536000,6787823,0.020109923089685247
,,expert.layers.6.self_attn.v_proj,denoise,7,activation,self,1465,52740000,512750,0.009722222222222222
,,expert.layers.6.self_attn.v_proj,denoise,7,output,self,1465,23440000,219750,0.009375
,,expert.layers.6.self_attn.v_proj,denoise,7,weight_runtime_mask,self,1465,337536000,6787941,0.02011027268202503
,,expert.layers.6.self_attn.v_proj,denoise,8,activation,self,1465,52740000,512750,0.009722222222222222
,,expert.layers.6.self_attn.v_proj,denoise,8,output,self,1465,23440000,219750,0.009375
,,expert.layers.6.self_attn.v_proj,denoise,8,weight_runtime_mask,self,1465,337536000,6788343,0.02011146366609784
,,expert.layers.6.self_attn.v_proj,denoise,9,activation,self,1465,52740000,512750,0.009722222222222222
,,expert.layers.6.self_attn.v_proj,denoise,9,output,self,1465,23440000,219750,0.009375
,,expert.layers.6.self_attn.v_proj,denoise,9,weight_runtime_mask,self,1465,337536000,6788570,0.020112136186954874
,,expert.layers.7.mlp.down_proj,denoise,0,activation,unknown,1465,150016000,1465000,0.009765625
,,expert.layers.7.mlp.down_proj,denoise,0,output,unknown,1465,52740000,512750,0.009722222222222222
,,expert.layers.7.mlp.down_proj,denoise,0,weight_runtime_mask,unknown,1465,2160230400,42778248,0.01980263216368032
,,expert.layers.7.mlp.down_proj,denoise,1,activation,unknown,1465,150016000,1465000,0.009765625
,,expert.layers.7.mlp.down_proj,denoise,1,output,unknown,1465,52740000,512750,0.009722222222222222
,,expert.layers.7.mlp.down_proj,denoise,1,weight_runtime_mask,unknown,1465,2160230400,42776631,0.019801883632412542
,,expert.layers.7.mlp.down_proj,denoise,2,activation,unknown,1465,150016000,1465000,0.009765625
,,expert.layers.7.mlp.down_proj,denoise,2,output,unknown,1465,52740000,512750,0.009722222222222222
,,expert.layers.7.mlp.down_proj,denoise,2,weight_runtime_mask,unknown,1465,2160230400,42775353,0.019801292028850257
,,expert.layers.7.mlp.down_proj,denoise,3,activation,unknown,1465,150016000,1465000,0.009765625
,,expert.layers.7.mlp.down_proj,denoise,3,output,unknown,1465,52740000,512750,0.009722222222222222
,,expert.layers.7.mlp.down_proj,denoise,3,weight_runtime_mask,unknown,1465,2160230400,42773959,0.01980064672731205
,,expert.layers.7.mlp.down_proj,denoise,4,activation,unknown,1465,150016000,1465000,0.009765625
,,expert.layers.7.mlp.down_proj,denoise,4,output,unknown,1465,52740000,512750,0.009722222222222222
,,expert.layers.7.mlp.down_proj,denoise,4,weight_runtime_mask,unknown,1465,2160230400,42772826,0.019800122246219663
,,expert.layers.7.mlp.down_proj,denoise,5,activation,unknown,1465,150016000,1465000,0.009765625
,,expert.layers.7.mlp.down_proj,denoise,5,output,unknown,1465,52740000,512750,0.009722222222222222
,,expert.layers.7.mlp.down_proj,denoise,5,weight_runtime_mask,unknown,1465,2160230400,42771321,0.019799425561273464
,,expert.layers.7.mlp.down_proj,denoise,6,activation,unknown,1465,150016000,1465000,0.009765625
,,expert.layers.7.mlp.down_proj,denoise,6,output,unknown,1465,52740000,512750,0.009722222222222222
,,expert.layers.7.mlp.down_proj,denoise,6,weight_runtime_mask,unknown,1465,2160230400,42769958,0.01979879461005641
,,expert.layers.7.mlp.down_proj,denoise,7,activation,unknown,1465,150016000,1465000,0.009765625
,,expert.layers.7.mlp.down_proj,denoise,7,output,unknown,1465,52740000,512750,0.009722222222222222
,,expert.layers.7.mlp.down_proj,denoise,7,weight_runtime_mask,unknown,1465,2160230400,42769345,0.019798510844028488
,,expert.layers.7.mlp.down_proj,denoise,8,activation,unknown,1465,150016000,1465000,0.009765625
,,expert.layers.7.mlp.down_proj,denoise,8,output,unknown,1465,52740000,512750,0.009722222222222222
,,expert.layers.7.mlp.down_proj,denoise,8,weight_runtime_mask,unknown,1465,2160230400,42768860,0.019798286330939514
,,expert.layers.7.mlp.down_proj,denoise,9,activation,unknown,1465,150016000,1465000,0.009765625
,,expert.layers.7.mlp.down_proj,denoise,9,output,unknown,1465,52740000,512750,0.009722222222222222
,,expert.layers.7.mlp.down_proj,denoise,9,weight_runtime_mask,unknown,1465,2160230400,42769882,0.01979875942862391
,,expert.layers.7.mlp.gate_proj,denoise,0,activation,unknown,1465,52740000,512750,0.009722222222222222
,,expert.layers.7.mlp.gate_proj,denoise,0,output,unknown,1465,150016000,1465000,0.009765625
,,expert.layers.7.mlp.gate_proj,denoise,0,weight_runtime_mask,unknown,1465,2160230400,42651524,0.01974396990246966
,,expert.layers.7.mlp.gate_proj,denoise,1,activation,unknown,1465,52740000,512750,0.009722222222222222
,,expert.layers.7.mlp.gate_proj,denoise,1,output,unknown,1465,150016000,1465000,0.009765625
,,expert.layers.7.mlp.gate_proj,denoise,1,weight_runtime_mask,unknown,1465,2160230400,42649656,0.01974310517989192
,,expert.layers.7.mlp.gate_proj,denoise,2,activation,unknown,1465,52740000,512750,0.009722222222222222
,,expert.layers.7.mlp.gate_proj,denoise,2,output,unknown,1465,150016000,1465000,0.009765625
,,expert.layers.7.mlp.gate_proj,denoise,2,weight_runtime_mask,unknown,1465,2160230400,42648020,0.01974234785326602
,,expert.layers.7.mlp.gate_proj,denoise,3,activation,unknown,1465,52740000,512750,0.009722222222222222
,,expert.layers.7.mlp.gate_proj,denoise,3,output,unknown,1465,150016000,1465000,0.009765625
,,expert.layers.7.mlp.gate_proj,denoise,3,weight_runtime_mask,unknown,1465,2160230400,42646450,0.019741621078936764
,,expert.layers.7.mlp.gate_proj,denoise,4,activation,unknown,1465,52740000,512750,0.009722222222222222
,,expert.layers.7.mlp.gate_proj,denoise,4,output,unknown,1465,150016000,1465000,0.009765625
,,expert.layers.7.mlp.gate_proj,denoise,4,weight_runtime_mask,unknown,1465,2160230400,42645506,0.01974118408851204
,,expert.layers.7.mlp.gate_proj,denoise,5,activation,unknown,1465,52740000,512750,0.009722222222222222
,,expert.layers.7.mlp.gate_proj,denoise,5,output,unknown,1465,150016000,1465000,0.009765625
,,expert.layers.7.mlp.gate_proj,denoise,5,weight_runtime_mask,unknown,1465,2160230400,42644725,0.019740822553001754
,,expert.layers.7.mlp.gate_proj,denoise,6,activation,unknown,1465,52740000,512750,0.009722222222222222
,,expert.layers.7.mlp.gate_proj,denoise,6,output,unknown,1465,150016000,1465000,0.009765625
,,expert.layers.7.mlp.gate_proj,denoise,6,weight_runtime_mask,unknown,1465,2160230400,42643768,0.019740379544700416
,,expert.layers.7.mlp.gate_proj,denoise,7,activation,unknown,1465,52740000,512750,0.009722222222222222
,,expert.layers.7.mlp.gate_proj,denoise,7,output,unknown,1465,150016000,1465000,0.009765625
,,expert.layers.7.mlp.gate_proj,denoise,7,weight_runtime_mask,unknown,1465,2160230400,42643045,0.01974004485817809
,,expert.layers.7.mlp.gate_proj,denoise,8,activation,unknown,1465,52740000,512750,0.009722222222222222
,,expert.layers.7.mlp.gate_proj,denoise,8,output,unknown,1465,150016000,1465000,0.009765625
,,expert.layers.7.mlp.gate_proj,denoise,8,weight_runtime_mask,unknown,1465,2160230400,42642849,0.01973995412711533
,,expert.layers.7.mlp.gate_proj,denoise,9,activation,unknown,1465,52740000,512750,0.009722222222222222
,,expert.layers.7.mlp.gate_proj,denoise,9,output,unknown,1465,150016000,1465000,0.009765625
,,expert.layers.7.mlp.gate_proj,denoise,9,weight_runtime_mask,unknown,1465,2160230400,42642216,0.0197396611028157
,,expert.layers.7.mlp.up_proj,denoise,0,activation,unknown,1465,52740000,512750,0.009722222222222222
,,expert.layers.7.mlp.up_proj,denoise,0,output,unknown,1465,150016000,1465000,0.009765625
,,expert.layers.7.mlp.up_proj,denoise,0,weight_runtime_mask,unknown,1465,2160230400,43460195,0.020118314694580725
,,expert.layers.7.mlp.up_proj,denoise,1,activation,unknown,1465,52740000,512750,0.009722222222222222
,,expert.layers.7.mlp.up_proj,denoise,1,output,unknown,1465,150016000,1465000,0.009765625
,,expert.layers.7.mlp.up_proj,denoise,1,weight_runtime_mask,unknown,1465,2160230400,43462309,0.0201192932939005
,,expert.layers.7.mlp.up_proj,denoise,2,activation,unknown,1465,52740000,512750,0.009722222222222222
,,expert.layers.7.mlp.up_proj,denoise,2,output,unknown,1465,150016000,1465000,0.009765625
,,expert.layers.7.mlp.up_proj,denoise,2,weight_runtime_mask,unknown,1465,2160230400,43463480,0.02011983536570914
,,expert.layers.7.mlp.up_proj,denoise,3,activation,unknown,1465,52740000,512750,0.009722222222222222
,,expert.layers.7.mlp.up_proj,denoise,3,output,unknown,1465,150016000,1465000,0.009765625
,,expert.layers.7.mlp.up_proj,denoise,3,weight_runtime_mask,unknown,1465,2160230400,43464148,0.020120144591984263
,,expert.layers.7.mlp.up_proj,denoise,4,activation,unknown,1465,52740000,512750,0.009722222222222222
,,expert.layers.7.mlp.up_proj,denoise,4,output,unknown,1465,150016000,1465000,0.009765625
,,expert.layers.7.mlp.up_proj,denoise,4,weight_runtime_mask,unknown,1465,2160230400,43464351,0.02012023856344212
,,expert.layers.7.mlp.up_proj,denoise,5,activation,unknown,1465,52740000,512750,0.009722222222222222
,,expert.layers.7.mlp.up_proj,denoise,5,output,unknown,1465,150016000,1465000,0.009765625
,,expert.layers.7.mlp.up_proj,denoise,5,weight_runtime_mask,unknown,1465,2160230400,43464918,0.020120501035445108
,,expert.layers.7.mlp.up_proj,denoise,6,activation,unknown,1465,52740000,512750,0.009722222222222222
,,expert.layers.7.mlp.up_proj,denoise,6,output,unknown,1465,150016000,1465000,0.009765625
,,expert.layers.7.mlp.up_proj,denoise,6,weight_runtime_mask,unknown,1465,2160230400,43465080,0.02012057602744596
,,expert.layers.7.mlp.up_proj,denoise,7,activation,unknown,1465,52740000,512750,0.009722222222222222
,,expert.layers.7.mlp.up_proj,denoise,7,output,unknown,1465,150016000,1465000,0.009765625
,,expert.layers.7.mlp.up_proj,denoise,7,weight_runtime_mask,unknown,1465,2160230400,43465695,0.020120860719301054
,,expert.layers.7.mlp.up_proj,denoise,8,activation,unknown,1465,52740000,512750,0.009722222222222222
,,expert.layers.7.mlp.up_proj,denoise,8,output,unknown,1465,150016000,1465000,0.009765625
,,expert.layers.7.mlp.up_proj,denoise,8,weight_runtime_mask,unknown,1465,2160230400,43466218,0.020121102823106276
,,expert.layers.7.mlp.up_proj,denoise,9,activation,unknown,1465,52740000,512750,0.009722222222222222
,,expert.layers.7.mlp.up_proj,denoise,9,output,unknown,1465,150016000,1465000,0.009765625
,,expert.layers.7.mlp.up_proj,denoise,9,weight_runtime_mask,unknown,1465,2160230400,43467872,0.020121868482176716
,,expert.layers.7.self_attn.k_proj,denoise,0,activation,cross,1465,82977600,777915,0.009375
,,expert.layers.7.self_attn.k_proj,denoise,0,output,cross,1465,82977600,777915,0.009375
,,expert.layers.7.self_attn.k_proj,denoise,0,weight_runtime_mask,cross,1465,150016000,2906356,0.019373640145051194
,,expert.layers.7.self_attn.k_proj,denoise,1,activation,cross,1465,82977600,777915,0.009375
,,expert.layers.7.self_attn.k_proj,denoise,1,output,cross,1465,82977600,777915,0.009375
,,expert.layers.7.self_attn.k_proj,denoise,1,weight_runtime_mask,cross,1465,150016000,2906356,0.019373640145051194
,,expert.layers.7.self_attn.k_proj,denoise,2,activation,cross,1465,82977600,777915,0.009375
,,expert.layers.7.self_attn.k_proj,denoise,2,output,cross,1465,82977600,777915,0.009375
,,expert.layers.7.self_attn.k_proj,denoise,2,weight_runtime_mask,cross,1465,150016000,2906356,0.019373640145051194
,,expert.layers.7.self_attn.k_proj,denoise,3,activation,cross,1465,82977600,777915,0.009375
,,expert.layers.7.self_attn.k_proj,denoise,3,output,cross,1465,82977600,777915,0.009375
,,expert.layers.7.self_attn.k_proj,denoise,3,weight_runtime_mask,cross,1465,150016000,2906356,0.019373640145051194
,,expert.layers.7.self_attn.k_proj,denoise,4,activation,cross,1465,82977600,777915,0.009375
,,expert.layers.7.self_attn.k_proj,denoise,4,output,cross,1465,82977600,777915,0.009375
,,expert.layers.7.self_attn.k_proj,denoise,4,weight_runtime_mask,cross,1465,150016000,2906356,0.019373640145051194
,,expert.layers.7.self_attn.k_proj,denoise,5,activation,cross,1465,82977600,777915,0.009375
,,expert.layers.7.self_attn.k_proj,denoise,5,output,cross,1465,82977600,777915,0.009375
,,expert.layers.7.self_attn.k_proj,denoise,5,weight_runtime_mask,cross,1465,150016000,2906356,0.019373640145051194
,,expert.layers.7.self_attn.k_proj,denoise,6,activation,cross,1465,82977600,777915,0.009375
,,expert.layers.7.self_attn.k_proj,denoise,6,output,cross,1465,82977600,777915,0.009375
,,expert.layers.7.self_attn.k_proj,denoise,6,weight_runtime_mask,cross,1465,150016000,2906356,0.019373640145051194
,,expert.layers.7.self_attn.k_proj,denoise,7,activation,cross,1465,82977600,777915,0.009375
,,expert.layers.7.self_attn.k_proj,denoise,7,output,cross,1465,82977600,777915,0.009375
,,expert.layers.7.self_attn.k_proj,denoise,7,weight_runtime_mask,cross,1465,150016000,2906356,0.019373640145051194
,,expert.layers.7.self_attn.k_proj,denoise,8,activation,cross,1465,82977600,777915,0.009375
,,expert.layers.7.self_attn.k_proj,denoise,8,output,cross,1465,82977600,777915,0.009375
,,expert.layers.7.self_attn.k_proj,denoise,8,weight_runtime_mask,cross,1465,150016000,2906356,0.019373640145051194
,,expert.layers.7.self_attn.k_proj,denoise,9,activation,cross,1465,82977600,777915,0.009375
,,expert.layers.7.self_attn.k_proj,denoise,9,output,cross,1465,82977600,777915,0.009375
,,expert.layers.7.self_attn.k_proj,denoise,9,weight_runtime_mask,cross,1465,150016000,2906356,0.019373640145051194
,,expert.layers.7.self_attn.o_proj,denoise,0,activation,unknown,1465,70320000,659250,0.009375
,,expert.layers.7.self_attn.o_proj,denoise,0,output,unknown,1465,52740000,512750,0.009722222222222222
,,expert.layers.7.self_attn.o_proj,denoise,0,weight_runtime_mask,unknown,1465,1012608000,19608716,0.019364567532549615
,,expert.layers.7.self_attn.o_proj,denoise,1,activation,unknown,1465,70320000,659250,0.009375
,,expert.layers.7.self_attn.o_proj,denoise,1,output,unknown,1465,52740000,512750,0.009722222222222222
,,expert.layers.7.self_attn.o_proj,denoise,1,weight_runtime_mask,unknown,1465,1012608000,19608681,0.019364532968335228
,,expert.layers.7.self_attn.o_proj,denoise,2,activation,unknown,1465,70320000,659250,0.009375
,,expert.layers.7.self_attn.o_proj,denoise,2,output,unknown,1465,52740000,512750,0.009722222222222222
,,expert.layers.7.self_attn.o_proj,denoise,2,weight_runtime_mask,unknown,1465,1012608000,19608478,0.019364332495891798
,,expert.layers.7.self_attn.o_proj,denoise,3,activation,unknown,1465,70320000,659250,0.009375
,,expert.layers.7.self_attn.o_proj,denoise,3,output,unknown,1465,52740000,512750,0.009722222222222222
,,expert.layers.7.self_attn.o_proj,denoise,3,weight_runtime_mask,unknown,1465,1012608000,19608563,0.019364416437555303
,,expert.layers.7.self_attn.o_proj,denoise,4,activation,unknown,1465,70320000,659250,0.009375
,,expert.layers.7.self_attn.o_proj,denoise,4,output,unknown,1465,52740000,512750,0.009722222222222222
,,expert.layers.7.self_attn.o_proj,denoise,4,weight_runtime_mask,unknown,1465,1012608000,19608624,0.01936447667804323
,,expert.layers.7.self_attn.o_proj,denoise,5,activation,unknown,1465,70320000,659250,0.009375
,,expert.layers.7.self_attn.o_proj,denoise,5,output,unknown,1465,52740000,512750,0.009722222222222222
,,expert.layers.7.self_attn.o_proj,denoise,5,weight_runtime_mask,unknown,1465,1012608000,19608474,0.019364328545695867
,,expert.layers.7.self_attn.o_proj,denoise,6,activation,unknown,1465,70320000,659250,0.009375
,,expert.layers.7.self_attn.o_proj,denoise,6,output,unknown,1465,52740000,512750,0.009722222222222222
,,expert.layers.7.self_attn.o_proj,denoise,6,weight_runtime_mask,unknown,1465,1012608000,19608371,0.019364226828150675
,,expert.layers.7.self_attn.o_proj,denoise,7,activation,unknown,1465,70320000,659250,0.009375
,,expert.layers.7.self_attn.o_proj,denoise,7,output,unknown,1465,52740000,512750,0.009722222222222222
,,expert.layers.7.self_attn.o_proj,denoise,7,weight_runtime_mask,unknown,1465,1012608000,19608154,0.01936401253002149
,,expert.layers.7.self_attn.o_proj,denoise,8,activation,unknown,1465,70320000,659250,0.009375
,,expert.layers.7.self_attn.o_proj,denoise,8,output,unknown,1465,52740000,512750,0.009722222222222222
,,expert.layers.7.self_attn.o_proj,denoise,8,weight_runtime_mask,unknown,1465,1012608000,19608375,0.019364230778346606
,,expert.layers.7.self_attn.o_proj,denoise,9,activation,unknown,1465,70320000,659250,0.009375
,,expert.layers.7.self_attn.o_proj,denoise,9,output,unknown,1465,52740000,512750,0.009722222222222222
,,expert.layers.7.self_attn.o_proj,denoise,9,weight_runtime_mask,unknown,1465,1012608000,19608654,0.019364506304512703
,,expert.layers.7.self_attn.q_proj,denoise,0,activation,cross,1465,52740000,512750,0.009722222222222222
,,expert.layers.7.self_attn.q_proj,denoise,0,output,cross,1465,70320000,659250,0.009375
,,expert.layers.7.self_attn.q_proj,denoise,0,weight_runtime_mask,cross,1465,1012608000,19954521,0.019706066908418658
,,expert.layers.7.self_attn.q_proj,denoise,1,activation,cross,1465,52740000,512750,0.009722222222222222
,,expert.layers.7.self_attn.q_proj,denoise,1,output,cross,1465,70320000,659250,0.009375
,,expert.layers.7.self_attn.q_proj,denoise,1,weight_runtime_mask,cross,1465,1012608000,19955965,0.019707492929149285
,,expert.layers.7.self_attn.q_proj,denoise,2,activation,cross,1465,52740000,512750,0.009722222222222222
,,expert.layers.7.self_attn.q_proj,denoise,2,output,cross,1465,70320000,659250,0.009375
,,expert.layers.7.self_attn.q_proj,denoise,2,weight_runtime_mask,cross,1465,1012608000,19957698,0.019709204351535836
,,expert.layers.7.self_attn.q_proj,denoise,3,activation,cross,1465,52740000,512750,0.009722222222222222
,,expert.layers.7.self_attn.q_proj,denoise,3,output,cross,1465,70320000,659250,0.009375
,,expert.layers.7.self_attn.q_proj,denoise,3,weight_runtime_mask,cross,1465,1012608000,19958967,0.01971045755119454
,,expert.layers.7.self_attn.q_proj,denoise,4,activation,cross,1465,52740000,512750,0.009722222222222222
,,expert.layers.7.self_attn.q_proj,denoise,4,output,cross,1465,70320000,659250,0.009375
,,expert.layers.7.self_attn.q_proj,denoise,4,weight_runtime_mask,cross,1465,1012608000,19960179,0.019711654460561244
,,expert.layers.7.self_attn.q_proj,denoise,5,activation,cross,1465,52740000,512750,0.009722222222222222
,,expert.layers.7.self_attn.q_proj,denoise,5,output,cross,1465,70320000,659250,0.009375
,,expert.layers.7.self_attn.q_proj,denoise,5,weight_runtime_mask,cross,1465,1012608000,19961991,0.019713443899317406
,,expert.layers.7.self_attn.q_proj,denoise,6,activation,cross,1465,52740000,512750,0.009722222222222222
,,expert.layers.7.self_attn.q_proj,denoise,6,output,cross,1465,70320000,659250,0.009375
,,expert.layers.7.self_attn.q_proj,denoise,6,weight_runtime_mask,cross,1465,1012608000,19963213,0.019714650684173936
,,expert.layers.7.self_attn.q_proj,denoise,7,activation,cross,1465,52740000,512750,0.009722222222222222
,,expert.layers.7.self_attn.q_proj,denoise,7,output,cross,1465,70320000,659250,0.009375
,,expert.layers.7.self_attn.q_proj,denoise,7,weight_runtime_mask,cross,1465,1012608000,19965007,0.019716422347048415
,,expert.layers.7.self_attn.q_proj,denoise,8,activation,cross,1465,52740000,512750,0.009722222222222222
,,expert.layers.7.self_attn.q_proj,denoise,8,output,cross,1465,70320000,659250,0.009375
,,expert.layers.7.self_attn.q_proj,denoise,8,weight_runtime_mask,cross,1465,1012608000,19966144,0.019717545190241437
,,expert.layers.7.self_attn.q_proj,denoise,9,activation,cross,1465,52740000,512750,0.009722222222222222
,,expert.layers.7.self_attn.q_proj,denoise,9,output,cross,1465,70320000,659250,0.009375
,,expert.layers.7.self_attn.q_proj,denoise,9,weight_runtime_mask,cross,1465,1012608000,19967094,0.019718483361774744
,,expert.layers.7.self_attn.v_proj,denoise,0,activation,cross,1465,82977600,777915,0.009375
,,expert.layers.7.self_attn.v_proj,denoise,0,output,cross,1465,82977600,777915,0.009375
,,expert.layers.7.self_attn.v_proj,denoise,0,weight_runtime_mask,cross,1465,150016000,2898403,0.019320625799914677
,,expert.layers.7.self_attn.v_proj,denoise,1,activation,cross,1465,82977600,777915,0.009375
,,expert.layers.7.self_attn.v_proj,denoise,1,output,cross,1465,82977600,777915,0.009375
,,expert.layers.7.self_attn.v_proj,denoise,1,weight_runtime_mask,cross,1465,150016000,2898403,0.019320625799914677
,,expert.layers.7.self_attn.v_proj,denoise,2,activation,cross,1465,82977600,777915,0.009375
,,expert.layers.7.self_attn.v_proj,denoise,2,output,cross,1465,82977600,777915,0.009375
,,expert.layers.7.self_attn.v_proj,denoise,2,weight_runtime_mask,cross,1465,150016000,2898403,0.019320625799914677
,,expert.layers.7.self_attn.v_proj,denoise,3,activation,cross,1465,82977600,777915,0.009375
,,expert.layers.7.self_attn.v_proj,denoise,3,output,cross,1465,82977600,777915,0.009375
,,expert.layers.7.self_attn.v_proj,denoise,3,weight_runtime_mask,cross,1465,150016000,2898403,0.019320625799914677
,,expert.layers.7.self_attn.v_proj,denoise,4,activation,cross,1465,82977600,777915,0.009375
,,expert.layers.7.self_attn.v_proj,denoise,4,output,cross,1465,82977600,777915,0.009375
,,expert.layers.7.self_attn.v_proj,denoise,4,weight_runtime_mask,cross,1465,150016000,2898403,0.019320625799914677
,,expert.layers.7.self_attn.v_proj,denoise,5,activation,cross,1465,82977600,777915,0.009375
,,expert.layers.7.self_attn.v_proj,denoise,5,output,cross,1465,82977600,777915,0.009375
,,expert.layers.7.self_attn.v_proj,denoise,5,weight_runtime_mask,cross,1465,150016000,2898403,0.019320625799914677
,,expert.layers.7.self_attn.v_proj,denoise,6,activation,cross,1465,82977600,777915,0.009375
,,expert.layers.7.self_attn.v_proj,denoise,6,output,cross,1465,82977600,777915,0.009375
,,expert.layers.7.self_attn.v_proj,denoise,6,weight_runtime_mask,cross,1465,150016000,2898403,0.019320625799914677
,,expert.layers.7.self_attn.v_proj,denoise,7,activation,cross,1465,82977600,777915,0.009375
,,expert.layers.7.self_attn.v_proj,denoise,7,output,cross,1465,82977600,777915,0.009375
,,expert.layers.7.self_attn.v_proj,denoise,7,weight_runtime_mask,cross,1465,150016000,2898403,0.019320625799914677
,,expert.layers.7.self_attn.v_proj,denoise,8,activation,cross,1465,82977600,777915,0.009375
,,expert.layers.7.self_attn.v_proj,denoise,8,output,cross,1465,82977600,777915,0.009375
,,expert.layers.7.self_attn.v_proj,denoise,8,weight_runtime_mask,cross,1465,150016000,2898403,0.019320625799914677
,,expert.layers.7.self_attn.v_proj,denoise,9,activation,cross,1465,82977600,777915,0.009375
,,expert.layers.7.self_attn.v_proj,denoise,9,output,cross,1465,82977600,777915,0.009375
,,expert.layers.7.self_attn.v_proj,denoise,9,weight_runtime_mask,cross,1465,150016000,2898403,0.019320625799914677
,,expert.layers.8.mlp.down_proj,denoise,0,activation,unknown,1465,150016000,1465000,0.009765625
,,expert.layers.8.mlp.down_proj,denoise,0,output,unknown,1465,52740000,512750,0.009722222222222222
,,expert.layers.8.mlp.down_proj,denoise,0,weight_runtime_mask,unknown,1465,2160230400,42823969,0.0198237970357236
,,expert.layers.8.mlp.down_proj,denoise,1,activation,unknown,1465,150016000,1465000,0.009765625
,,expert.layers.8.mlp.down_proj,denoise,1,output,unknown,1465,52740000,512750,0.009722222222222222
,,expert.layers.8.mlp.down_proj,denoise,1,weight_runtime_mask,unknown,1465,2160230400,42824971,0.019824260875136283
,,expert.layers.8.mlp.down_proj,denoise,2,activation,unknown,1465,150016000,1465000,0.009765625
,,expert.layers.8.mlp.down_proj,denoise,2,output,unknown,1465,52740000,512750,0.009722222222222222
,,expert.layers.8.mlp.down_proj,denoise,2,weight_runtime_mask,unknown,1465,2160230400,42824874,0.01982421597251849
,,expert.layers.8.mlp.down_proj,denoise,3,activation,unknown,1465,150016000,1465000,0.009765625
,,expert.layers.8.mlp.down_proj,denoise,3,output,unknown,1465,52740000,512750,0.009722222222222222
,,expert.layers.8.mlp.down_proj,denoise,3,weight_runtime_mask,unknown,1465,2160230400,42825001,0.019824274762543847
,,expert.layers.8.mlp.down_proj,denoise,4,activation,unknown,1465,150016000,1465000,0.009765625
,,expert.layers.8.mlp.down_proj,denoise,4,output,unknown,1465,52740000,512750,0.009722222222222222
,,expert.layers.8.mlp.down_proj,denoise,4,weight_runtime_mask,unknown,1465,2160230400,42825859,0.01982467194240022
,,expert.layers.8.mlp.down_proj,denoise,5,activation,unknown,1465,150016000,1465000,0.009765625
,,expert.layers.8.mlp.down_proj,denoise,5,output,unknown,1465,52740000,512750,0.009722222222222222
,,expert.layers.8.mlp.down_proj,denoise,5,weight_runtime_mask,unknown,1465,2160230400,42825320,0.019824422431977625
,,expert.layers.8.mlp.down_proj,denoise,6,activation,unknown,1465,150016000,1465000,0.009765625
,,expert.layers.8.mlp.down_proj,denoise,6,output,unknown,1465,52740000,512750,0.009722222222222222
,,expert.layers.8.mlp.down_proj,denoise,6,weight_runtime_mask,unknown,1465,2160230400,42826696,0.019825059401071293
,,expert.layers.8.mlp.down_proj,denoise,7,activation,unknown,1465,150016000,1465000,0.009765625
,,expert.layers.8.mlp.down_proj,denoise,7,output,unknown,1465,52740000,512750,0.009722222222222222
,,expert.layers.8.mlp.down_proj,denoise,7,weight_runtime_mask,unknown,1465,2160230400,42827232,0.01982530752275313
,,expert.layers.8.mlp.down_proj,denoise,8,activation,unknown,1465,150016000,1465000,0.009765625
,,expert.layers.8.mlp.down_proj,denoise,8,output,unknown,1465,52740000,512750,0.009722222222222222
,,expert.layers.8.mlp.down_proj,denoise,8,weight_runtime_mask,unknown,1465,2160230400,42829039,0.019826144007602152
,,expert.layers.8.mlp.down_proj,denoise,9,activation,unknown,1465,150016000,1465000,0.009765625
,,expert.layers.8.mlp.down_proj,denoise,9,output,unknown,1465,52740000,512750,0.009722222222222222
,,expert.layers.8.mlp.down_proj,denoise,9,weight_runtime_mask,unknown,1465,2160230400,42828202,0.019825756548931078
,,expert.layers.8.mlp.gate_proj,denoise,0,activation,unknown,1465,52740000,512750,0.009722222222222222
,,expert.layers.8.mlp.gate_proj,denoise,0,output,unknown,1465,150016000,1465000,0.009765625
,,expert.layers.8.mlp.gate_proj,denoise,0,weight_runtime_mask,unknown,1465,2160230400,42694999,0.019764095070599876
,,expert.layers.8.mlp.gate_proj,denoise,1,activation,unknown,1465,52740000,512750,0.009722222222222222
,,expert.layers.8.mlp.gate_proj,denoise,1,output,unknown,1465,150016000,1465000,0.009765625
,,expert.layers.8.mlp.gate_proj,denoise,1,weight_runtime_mask,unknown,1465,2160230400,42696162,0.01976463343909983
,,expert.layers.8.mlp.gate_proj,denoise,2,activation,unknown,1465,52740000,512750,0.009722222222222222
,,expert.layers.8.mlp.gate_proj,denoise,2,output,unknown,1465,150016000,1465000,0.009765625
,,expert.layers.8.mlp.gate_proj,denoise,2,weight_runtime_mask,unknown,1465,2160230400,42698256,0.019765602780147894
,,expert.layers.8.mlp.gate_proj,denoise,3,activation,unknown,1465,52740000,512750,0.009722222222222222
,,expert.layers.8.mlp.gate_proj,denoise,3,output,unknown,1465,150016000,1465000,0.009765625
,,expert.layers.8.mlp.gate_proj,denoise,3,weight_runtime_mask,unknown,1465,2160230400,42701030,0.01976688690243411
,,expert.layers.8.mlp.gate_proj,denoise,4,activation,unknown,1465,52740000,512750,0.009722222222222222
,,expert.layers.8.mlp.gate_proj,denoise,4,output,unknown,1465,150016000,1465000,0.009765625
,,expert.layers.8.mlp.gate_proj,denoise,4,weight_runtime_mask,unknown,1465,2160230400,42702810,0.019767710888616324
,,expert.layers.8.mlp.gate_proj,denoise,5,activation,unknown,1465,52740000,512750,0.009722222222222222
,,expert.layers.8.mlp.gate_proj,denoise,5,output,unknown,1465,150016000,1465000,0.009765625
,,expert.layers.8.mlp.gate_proj,denoise,5,weight_runtime_mask,unknown,1465,2160230400,42704775,0.019768620513811862
,,expert.layers.8.mlp.gate_proj,denoise,6,activation,unknown,1465,52740000,512750,0.009722222222222222
,,expert.layers.8.mlp.gate_proj,denoise,6,output,unknown,1465,150016000,1465000,0.009765625
,,expert.layers.8.mlp.gate_proj,denoise,6,weight_runtime_mask,unknown,1465,2160230400,42705801,0.019769095463150598
,,expert.layers.8.mlp.gate_proj,denoise,7,activation,unknown,1465,52740000,512750,0.009722222222222222
,,expert.layers.8.mlp.gate_proj,denoise,7,output,unknown,1465,150016000,1465000,0.009765625
,,expert.layers.8.mlp.gate_proj,denoise,7,weight_runtime_mask,unknown,1465,2160230400,42706921,0.019769613926366374
,,expert.layers.8.mlp.gate_proj,denoise,8,activation,unknown,1465,52740000,512750,0.009722222222222222
,,expert.layers.8.mlp.gate_proj,denoise,8,output,unknown,1465,150016000,1465000,0.009765625
,,expert.layers.8.mlp.gate_proj,denoise,8,weight_runtime_mask,unknown,1465,2160230400,42707104,0.01976969863955252
,,expert.layers.8.mlp.gate_proj,denoise,9,activation,unknown,1465,52740000,512750,0.009722222222222222
,,expert.layers.8.mlp.gate_proj,denoise,9,output,unknown,1465,150016000,1465000,0.009765625
,,expert.layers.8.mlp.gate_proj,denoise,9,weight_runtime_mask,unknown,1465,2160230400,42710749,0.01977138595957172
,,expert.layers.8.mlp.up_proj,denoise,0,activation,unknown,1465,52740000,512750,0.009722222222222222
,,expert.layers.8.mlp.up_proj,denoise,0,output,unknown,1465,150016000,1465000,0.009765625
,,expert.layers.8.mlp.up_proj,denoise,0,weight_runtime_mask,unknown,1465,2160230400,42660969,0.019748342121284842
,,expert.layers.8.mlp.up_proj,denoise,1,activation,unknown,1465,52740000,512750,0.009722222222222222
,,expert.layers.8.mlp.up_proj,denoise,1,output,unknown,1465,150016000,1465000,0.009765625
,,expert.layers.8.mlp.up_proj,denoise,1,weight_runtime_mask,unknown,1465,2160230400,42655586,0.01974585025745402
,,expert.layers.8.mlp.up_proj,denoise,2,activation,unknown,1465,52740000,512750,0.009722222222222222
,,expert.layers.8.mlp.up_proj,denoise,2,output,unknown,1465,150016000,1465000,0.009765625
,,expert.layers.8.mlp.up_proj,denoise,2,weight_runtime_mask,unknown,1465,2160230400,42649923,0.019743228777819255
,,expert.layers.8.mlp.up_proj,denoise,3,activation,unknown,1465,52740000,512750,0.009722222222222222
,,expert.layers.8.mlp.up_proj,denoise,3,output,unknown,1465,150016000,1465000,0.009765625
,,expert.layers.8.mlp.up_proj,denoise,3,weight_runtime_mask,unknown,1465,2160230400,42645054,0.019740974851571388
,,expert.layers.8.mlp.up_proj,denoise,4,activation,unknown,1465,52740000,512750,0.009722222222222222
,,expert.layers.8.mlp.up_proj,denoise,4,output,unknown,1465,150016000,1465000,0.009765625
,,expert.layers.8.mlp.up_proj,denoise,4,weight_runtime_mask,unknown,1465,2160230400,42642216,0.0197396611028157
,,expert.layers.8.mlp.up_proj,denoise,5,activation,unknown,1465,52740000,512750,0.009722222222222222
,,expert.layers.8.mlp.up_proj,denoise,5,output,unknown,1465,150016000,1465000,0.009765625
,,expert.layers.8.mlp.up_proj,denoise,5,weight_runtime_mask,unknown,1465,2160230400,42640330,0.019738788047793422
,,expert.layers.8.mlp.up_proj,denoise,6,activation,unknown,1465,52740000,512750,0.009722222222222222
,,expert.layers.8.mlp.up_proj,denoise,6,output,unknown,1465,150016000,1465000,0.009765625
,,expert.layers.8.mlp.up_proj,denoise,6,weight_runtime_mask,unknown,1465,2160230400,42639386,0.019738351057368694
,,expert.layers.8.mlp.up_proj,denoise,7,activation,unknown,1465,52740000,512750,0.009722222222222222
,,expert.layers.8.mlp.up_proj,denoise,7,output,unknown,1465,150016000,1465000,0.009765625
,,expert.layers.8.mlp.up_proj,denoise,7,weight_runtime_mask,unknown,1465,2160230400,42639571,0.019738436696382016
,,expert.layers.8.mlp.up_proj,denoise,8,activation,unknown,1465,52740000,512750,0.009722222222222222
,,expert.layers.8.mlp.up_proj,denoise,8,output,unknown,1465,150016000,1465000,0.009765625
,,expert.layers.8.mlp.up_proj,denoise,8,weight_runtime_mask,unknown,1465,2160230400,42640359,0.0197388014722874
,,expert.layers.8.mlp.up_proj,denoise,9,activation,unknown,1465,52740000,512750,0.009722222222222222
,,expert.layers.8.mlp.up_proj,denoise,9,output,unknown,1465,150016000,1465000,0.009765625
,,expert.layers.8.mlp.up_proj,denoise,9,weight_runtime_mask,unknown,1465,2160230400,42643812,0.01974039991289818
,,expert.layers.8.self_attn.k_proj,denoise,0,activation,self,1465,52740000,512750,0.009722222222222222
,,expert.layers.8.self_attn.k_proj,denoise,0,output,self,1465,23440000,219750,0.009375
,,expert.layers.8.self_attn.k_proj,denoise,0,weight_runtime_mask,self,1465,337536000,6800049,0.0201461444112628
,,expert.layers.8.self_attn.k_proj,denoise,1,activation,self,1465,52740000,512750,0.009722222222222222
,,expert.layers.8.self_attn.k_proj,denoise,1,output,self,1465,23440000,219750,0.009375
,,expert.layers.8.self_attn.k_proj,denoise,1,weight_runtime_mask,self,1465,337536000,6800053,0.020146156261850588
,,expert.layers.8.self_attn.k_proj,denoise,2,activation,self,1465,52740000,512750,0.009722222222222222
,,expert.layers.8.self_attn.k_proj,denoise,2,output,self,1465,23440000,219750,0.009375
,,expert.layers.8.self_attn.k_proj,denoise,2,weight_runtime_mask,self,1465,337536000,6799908,0.020145726678043232
,,expert.layers.8.self_attn.k_proj,denoise,3,activation,self,1465,52740000,512750,0.009722222222222222
,,expert.layers.8.self_attn.k_proj,denoise,3,output,self,1465,23440000,219750,0.009375
,,expert.layers.8.self_attn.k_proj,denoise,3,weight_runtime_mask,self,1465,337536000,6799835,0.02014551040481608
,,expert.layers.8.self_attn.k_proj,denoise,4,activation,self,1465,52740000,512750,0.009722222222222222
,,expert.layers.8.self_attn.k_proj,denoise,4,output,self,1465,23440000,219750,0.009375
,,expert.layers.8.self_attn.k_proj,denoise,4,weight_runtime_mask,self,1465,337536000,6799685,0.020145066007773986
,,expert.layers.8.self_attn.k_proj,denoise,5,activation,self,1465,52740000,512750,0.009722222222222222
,,expert.layers.8.self_attn.k_proj,denoise,5,output,self,1465,23440000,219750,0.009375
,,expert.layers.8.self_attn.k_proj,denoise,5,weight_runtime_mask,self,1465,337536000,6799634,0.020144914912779675
,,expert.layers.8.self_attn.k_proj,denoise,6,activation,self,1465,52740000,512750,0.009722222222222222
,,expert.layers.8.self_attn.k_proj,denoise,6,output,self,1465,23440000,219750,0.009375
,,expert.layers.8.self_attn.k_proj,denoise,6,weight_runtime_mask,self,1465,337536000,6799566,0.020144713452787257
,,expert.layers.8.self_attn.k_proj,denoise,7,activation,self,1465,52740000,512750,0.009722222222222222
,,expert.layers.8.self_attn.k_proj,denoise,7,output,self,1465,23440000,219750,0.009375
,,expert.layers.8.self_attn.k_proj,denoise,7,weight_runtime_mask,self,1465,337536000,6799751,0.020145261542472506
,,expert.layers.8.self_attn.k_proj,denoise,8,activation,self,1465,52740000,512750,0.009722222222222222
,,expert.layers.8.self_attn.k_proj,denoise,8,output,self,1465,23440000,219750,0.009375
,,expert.layers.8.self_attn.k_proj,denoise,8,weight_runtime_mask,self,1465,337536000,6800289,0.020146855446530148
,,expert.layers.8.self_attn.k_proj,denoise,9,activation,self,1465,52740000,512750,0.009722222222222222
,,expert.layers.8.self_attn.k_proj,denoise,9,output,self,1465,23440000,219750,0.009375
,,expert.layers.8.self_attn.k_proj,denoise,9,weight_runtime_mask,self,1465,337536000,6800597,0.020147767941789914
,,expert.layers.8.self_attn.o_proj,denoise,0,activation,unknown,1465,70320000,659250,0.009375
,,expert.layers.8.self_attn.o_proj,denoise,0,output,unknown,1465,52740000,512750,0.009722222222222222
,,expert.layers.8.self_attn.o_proj,denoise,0,weight_runtime_mask,unknown,1465,1012608000,19630070,0.019385655653520413
,,expert.layers.8.self_attn.o_proj,denoise,1,activation,unknown,1465,70320000,659250,0.009375
,,expert.layers.8.self_attn.o_proj,denoise,1,output,unknown,1465,52740000,512750,0.009722222222222222
,,expert.layers.8.self_attn.o_proj,denoise,1,weight_runtime_mask,unknown,1465,1012608000,19631344,0.01938691379092403
,,expert.layers.8.self_attn.o_proj,denoise,2,activation,unknown,1465,70320000,659250,0.009375
,,expert.layers.8.self_attn.o_proj,denoise,2,output,unknown,1465,52740000,512750,0.009722222222222222
,,expert.layers.8.self_attn.o_proj,denoise,2,weight_runtime_mask,unknown,1465,1012608000,19632684,0.019388237106560485
,,expert.layers.8.self_attn.o_proj,denoise,3,activation,unknown,1465,70320000,659250,0.009375
,,expert.layers.8.self_attn.o_proj,denoise,3,output,unknown,1465,52740000,512750,0.009722222222222222
,,expert.layers.8.self_attn.o_proj,denoise,3,weight_runtime_mask,unknown,1465,1012608000,19633356,0.01938890073947668
,,expert.layers.8.self_attn.o_proj,denoise,4,activation,unknown,1465,70320000,659250,0.009375
,,expert.layers.8.self_attn.o_proj,denoise,4,output,unknown,1465,52740000,512750,0.009722222222222222
,,expert.layers.8.self_attn.o_proj,denoise,4,weight_runtime_mask,unknown,1465,1012608000,19633786,0.019389325385539124
,,expert.layers.8.self_attn.o_proj,denoise,5,activation,unknown,1465,70320000,659250,0.009375
,,expert.layers.8.self_attn.o_proj,denoise,5,output,unknown,1465,52740000,512750,0.009722222222222222
,,expert.layers.8.self_attn.o_proj,denoise,5,weight_runtime_mask,unknown,1465,1012608000,19633590,0.019389131825938568
,,expert.layers.8.self_attn.o_proj,denoise,6,activation,unknown,1465,70320000,659250,0.009375
,,expert.layers.8.self_attn.o_proj,denoise,6,output,unknown,1465,52740000,512750,0.009722222222222222
,,expert.layers.8.self_attn.o_proj,denoise,6,weight_runtime_mask,unknown,1465,1012608000,19633626,0.019389167377701935
,,expert.layers.8.self_attn.o_proj,denoise,7,activation,unknown,1465,70320000,659250,0.009375
,,expert.layers.8.self_attn.o_proj,denoise,7,output,unknown,1465,52740000,512750,0.009722222222222222
,,expert.layers.8.self_attn.o_proj,denoise,7,weight_runtime_mask,unknown,1465,1012608000,19633169,0.019388716067816964
,,expert.layers.8.self_attn.o_proj,denoise,8,activation,unknown,1465,70320000,659250,0.009375
,,expert.layers.8.self_attn.o_proj,denoise,8,output,unknown,1465,52740000,512750,0.009722222222222222
,,expert.layers.8.self_attn.o_proj,denoise,8,weight_runtime_mask,unknown,1465,1012608000,19632197,0.019387756170206043
,,expert.layers.8.self_attn.o_proj,denoise,9,activation,unknown,1465,70320000,659250,0.009375
,,expert.layers.8.self_attn.o_proj,denoise,9,output,unknown,1465,52740000,512750,0.009722222222222222
,,expert.layers.8.self_attn.o_proj,denoise,9,weight_runtime_mask,unknown,1465,1012608000,19630535,0.019386114863797245
,,expert.layers.8.self_attn.q_proj,denoise,0,activation,self,1465,52740000,512750,0.009722222222222222
,,expert.layers.8.self_attn.q_proj,denoise,0,output,self,1465,70320000,659250,0.009375
,,expert.layers.8.self_attn.q_proj,denoise,0,weight_runtime_mask,self,1465,1012608000,19959383,0.01971086837157123
,,expert.layers.8.self_attn.q_proj,denoise,1,activation,self,1465,52740000,512750,0.009722222222222222
,,expert.layers.8.self_attn.q_proj,denoise,1,output,self,1465,70320000,659250,0.009375
,,expert.layers.8.self_attn.q_proj,denoise,1,weight_runtime_mask,self,1465,1012608000,19961047,0.019712511653077993
,,expert.layers.8.self_attn.q_proj,denoise,2,activation,self,1465,52740000,512750,0.009722222222222222
,,expert.layers.8.self_attn.q_proj,denoise,2,output,self,1465,70320000,659250,0.009375
,,expert.layers.8.self_attn.q_proj,denoise,2,weight_runtime_mask,self,1465,1012608000,19962053,0.019713505127354317
,,expert.layers.8.self_attn.q_proj,denoise,3,activation,self,1465,52740000,512750,0.009722222222222222
,,expert.layers.8.self_attn.q_proj,denoise,3,output,self,1465,70320000,659250,0.009375
,,expert.layers.8.self_attn.q_proj,denoise,3,weight_runtime_mask,self,1465,1012608000,19962607,0.019714052229490582
,,expert.layers.8.self_attn.q_proj,denoise,4,activation,self,1465,52740000,512750,0.009722222222222222
,,expert.layers.8.self_attn.q_proj,denoise,4,output,self,1465,70320000,659250,0.009375
,,expert.layers.8.self_attn.q_proj,denoise,4,weight_runtime_mask,self,1465,1012608000,19962675,0.019714119382821388
,,expert.layers.8.self_attn.q_proj,denoise,5,activation,self,1465,52740000,512750,0.009722222222222222
,,expert.layers.8.self_attn.q_proj,denoise,5,output,self,1465,70320000,659250,0.009375
,,expert.layers.8.self_attn.q_proj,denoise,5,weight_runtime_mask,self,1465,1012608000,19962501,0.019713947549298446
,,expert.layers.8.self_attn.q_proj,denoise,6,activation,self,1465,52740000,512750,0.009722222222222222
,,expert.layers.8.self_attn.q_proj,denoise,6,output,self,1465,70320000,659250,0.009375
,,expert.layers.8.self_attn.q_proj,denoise,6,weight_runtime_mask,self,1465,1012608000,19961958,0.019713411310200987
,,expert.layers.8.self_attn.q_proj,denoise,7,activation,self,1465,52740000,512750,0.009722222222222222
,,expert.layers.8.self_attn.q_proj,denoise,7,output,self,1465,70320000,659250,0.009375
,,expert.layers.8.self_attn.q_proj,denoise,7,weight_runtime_mask,self,1465,1012608000,19961203,0.01971266571071925
,,expert.layers.8.self_attn.q_proj,denoise,8,activation,self,1465,52740000,512750,0.009722222222222222
,,expert.layers.8.self_attn.q_proj,denoise,8,output,self,1465,70320000,659250,0.009375
,,expert.layers.8.self_attn.q_proj,denoise,8,weight_runtime_mask,self,1465,1012608000,19960473,0.019711944799962078
,,expert.layers.8.self_attn.q_proj,denoise,9,activation,self,1465,52740000,512750,0.009722222222222222
,,expert.layers.8.self_attn.q_proj,denoise,9,output,self,1465,70320000,659250,0.009375
,,expert.layers.8.self_attn.q_proj,denoise,9,weight_runtime_mask,self,1465,1012608000,19959067,0.019710556306092784
,,expert.layers.8.self_attn.v_proj,denoise,0,activation,self,1465,52740000,512750,0.009722222222222222
,,expert.layers.8.self_attn.v_proj,denoise,0,output,self,1465,23440000,219750,0.009375
,,expert.layers.8.self_attn.v_proj,denoise,0,weight_runtime_mask,self,1465,337536000,6741669,0.01997318508248009
,,expert.layers.8.self_attn.v_proj,denoise,1,activation,self,1465,52740000,512750,0.009722222222222222
,,expert.layers.8.self_attn.v_proj,denoise,1,output,self,1465,23440000,219750,0.009375
,,expert.layers.8.self_attn.v_proj,denoise,1,weight_runtime_mask,self,1465,337536000,6741846,0.01997370947098976
,,expert.layers.8.self_attn.v_proj,denoise,2,activation,self,1465,52740000,512750,0.009722222222222222
,,expert.layers.8.self_attn.v_proj,denoise,2,output,self,1465,23440000,219750,0.009375
,,expert.layers.8.self_attn.v_proj,denoise,2,weight_runtime_mask,self,1465,337536000,6741912,0.019973905005688283
,,expert.layers.8.self_attn.v_proj,denoise,3,activation,self,1465,52740000,512750,0.009722222222222222
,,expert.layers.8.self_attn.v_proj,denoise,3,output,self,1465,23440000,219750,0.009375
,,expert.layers.8.self_attn.v_proj,denoise,3,weight_runtime_mask,self,1465,337536000,6742316,0.019975101915054985
,,expert.layers.8.self_attn.v_proj,denoise,4,activation,self,1465,52740000,512750,0.009722222222222222
,,expert.layers.8.self_attn.v_proj,denoise,4,output,self,1465,23440000,219750,0.009375
,,expert.layers.8.self_attn.v_proj,denoise,4,weight_runtime_mask,self,1465,337536000,6742098,0.01997445605802048
,,expert.layers.8.self_attn.v_proj,denoise,5,activation,self,1465,52740000,512750,0.009722222222222222
,,expert.layers.8.self_attn.v_proj,denoise,5,output,self,1465,23440000,219750,0.009375
,,expert.layers.8.self_attn.v_proj,denoise,5,weight_runtime_mask,self,1465,337536000,6741672,0.01997319397042093
,,expert.layers.8.self_attn.v_proj,denoise,6,activation,self,1465,52740000,512750,0.009722222222222222
,,expert.layers.8.self_attn.v_proj,denoise,6,output,self,1465,23440000,219750,0.009375
,,expert.layers.8.self_attn.v_proj,denoise,6,weight_runtime_mask,self,1465,337536000,6741455,0.019972551076033372
,,expert.layers.8.self_attn.v_proj,denoise,7,activation,self,1465,52740000,512750,0.009722222222222222
,,expert.layers.8.self_attn.v_proj,denoise,7,output,self,1465,23440000,219750,0.009375
,,expert.layers.8.self_attn.v_proj,denoise,7,weight_runtime_mask,self,1465,337536000,6740899,0.01997090384433068
,,expert.layers.8.self_attn.v_proj,denoise,8,activation,self,1465,52740000,512750,0.009722222222222222
,,expert.layers.8.self_attn.v_proj,denoise,8,output,self,1465,23440000,219750,0.009375
,,expert.layers.8.self_attn.v_proj,denoise,8,weight_runtime_mask,self,1465,337536000,6740720,0.019970373530527115
,,expert.layers.8.self_attn.v_proj,denoise,9,activation,self,1465,52740000,512750,0.009722222222222222
,,expert.layers.8.self_attn.v_proj,denoise,9,output,self,1465,23440000,219750,0.009375
,,expert.layers.8.self_attn.v_proj,denoise,9,weight_runtime_mask,self,1465,337536000,6739462,0.019966646520667423
,,expert.layers.9.mlp.down_proj,denoise,0,activation,unknown,1465,150016000,1465000,0.009765625
,,expert.layers.9.mlp.down_proj,denoise,0,output,unknown,1465,52740000,512750,0.009722222222222222
,,expert.layers.9.mlp.down_proj,denoise,0,weight_runtime_mask,unknown,1465,2160230400,42733794,0.019782053803149888
,,expert.layers.9.mlp.down_proj,denoise,1,activation,unknown,1465,150016000,1465000,0.009765625
,,expert.layers.9.mlp.down_proj,denoise,1,output,unknown,1465,52740000,512750,0.009722222222222222
,,expert.layers.9.mlp.down_proj,denoise,1,weight_runtime_mask,unknown,1465,2160230400,42732905,0.019781642272972366
,,expert.layers.9.mlp.down_proj,denoise,2,activation,unknown,1465,150016000,1465000,0.009765625
,,expert.layers.9.mlp.down_proj,denoise,2,output,unknown,1465,52740000,512750,0.009722222222222222
,,expert.layers.9.mlp.down_proj,denoise,2,weight_runtime_mask,unknown,1465,2160230400,42734081,0.01978218665934893
,,expert.layers.9.mlp.down_proj,denoise,3,activation,unknown,1465,150016000,1465000,0.009765625
,,expert.layers.9.mlp.down_proj,denoise,3,output,unknown,1465,52740000,512750,0.009722222222222222
,,expert.layers.9.mlp.down_proj,denoise,3,weight_runtime_mask,unknown,1465,2160230400,42734587,0.019782420893623198
,,expert.layers.9.mlp.down_proj,denoise,4,activation,unknown,1465,150016000,1465000,0.009765625
,,expert.layers.9.mlp.down_proj,denoise,4,output,unknown,1465,52740000,512750,0.009722222222222222
,,expert.layers.9.mlp.down_proj,denoise,4,weight_runtime_mask,unknown,1465,2160230400,42735269,0.01978273660068852
,,expert.layers.9.mlp.down_proj,denoise,5,activation,unknown,1465,150016000,1465000,0.009765625
,,expert.layers.9.mlp.down_proj,denoise,5,output,unknown,1465,52740000,512750,0.009722222222222222
,,expert.layers.9.mlp.down_proj,denoise,5,weight_runtime_mask,unknown,1465,2160230400,42736233,0.019783182849384955
,,expert.layers.9.mlp.down_proj,denoise,6,activation,unknown,1465,150016000,1465000,0.009765625
,,expert.layers.9.mlp.down_proj,denoise,6,output,unknown,1465,52740000,512750,0.009722222222222222
,,expert.layers.9.mlp.down_proj,denoise,6,weight_runtime_mask,unknown,1465,2160230400,42736280,0.019783204606323473
,,expert.layers.9.mlp.down_proj,denoise,7,activation,unknown,1465,150016000,1465000,0.009765625
,,expert.layers.9.mlp.down_proj,denoise,7,output,unknown,1465,52740000,512750,0.009722222222222222
,,expert.layers.9.mlp.down_proj,denoise,7,weight_runtime_mask,unknown,1465,2160230400,42735461,0.01978282548009694
,,expert.layers.9.mlp.down_proj,denoise,8,activation,unknown,1465,150016000,1465000,0.009765625
,,expert.layers.9.mlp.down_proj,denoise,8,output,unknown,1465,52740000,512750,0.009722222222222222
,,expert.layers.9.mlp.down_proj,denoise,8,weight_runtime_mask,unknown,1465,2160230400,42734665,0.01978245700088287
,,expert.layers.9.mlp.down_proj,denoise,9,activation,unknown,1465,150016000,1465000,0.009765625
,,expert.layers.9.mlp.down_proj,denoise,9,output,unknown,1465,52740000,512750,0.009722222222222222
,,expert.layers.9.mlp.down_proj,denoise,9,weight_runtime_mask,unknown,1465,2160230400,42732826,0.019781605702799108
,,expert.layers.9.mlp.gate_proj,denoise,0,activation,unknown,1465,52740000,512750,0.009722222222222222
,,expert.layers.9.mlp.gate_proj,denoise,0,output,unknown,1465,150016000,1465000,0.009765625
,,expert.layers.9.mlp.gate_proj,denoise,0,weight_runtime_mask,unknown,1465,2160230400,42643777,0.019740383710922686
,,expert.layers.9.mlp.gate_proj,denoise,1,activation,unknown,1465,52740000,512750,0.009722222222222222
,,expert.layers.9.mlp.gate_proj,denoise,1,output,unknown,1465,150016000,1465000,0.009765625
,,expert.layers.9.mlp.gate_proj,denoise,1,weight_runtime_mask,unknown,1465,2160230400,42644189,0.019740574431319918
,,expert.layers.9.mlp.gate_proj,denoise,2,activation,unknown,1465,52740000,512750,0.009722222222222222
,,expert.layers.9.mlp.gate_proj,denoise,2,output,unknown,1465,150016000,1465000,0.009765625
,,expert.layers.9.mlp.gate_proj,denoise,2,weight_runtime_mask,unknown,1465,2160230400,42647441,0.01974207982630001
,,expert.layers.9.mlp.gate_proj,denoise,3,activation,unknown,1465,52740000,512750,0.009722222222222222
,,expert.layers.9.mlp.gate_proj,denoise,3,output,unknown,1465,150016000,1465000,0.009765625
,,expert.layers.9.mlp.gate_proj,denoise,3,weight_runtime_mask,unknown,1465,2160230400,42651079,0.019743763905924108
,,expert.layers.9.mlp.gate_proj,denoise,4,activation,unknown,1465,52740000,512750,0.009722222222222222
,,expert.layers.9.mlp.gate_proj,denoise,4,output,unknown,1465,150016000,1465000,0.009765625
,,expert.layers.9.mlp.gate_proj,denoise,4,weight_runtime_mask,unknown,1465,2160230400,42653848,0.019745045713642398
,,expert.layers.9.mlp.gate_proj,denoise,5,activation,unknown,1465,52740000,512750,0.009722222222222222
,,expert.layers.9.mlp.gate_proj,denoise,5,output,unknown,1465,150016000,1465000,0.009765625
,,expert.layers.9.mlp.gate_proj,denoise,5,weight_runtime_mask,unknown,1465,2160230400,42655237,0.019745688700612676
,,expert.layers.9.mlp.gate_proj,denoise,6,activation,unknown,1465,52740000,512750,0.009722222222222222
,,expert.layers.9.mlp.gate_proj,denoise,6,output,unknown,1465,150016000,1465000,0.009765625
,,expert.layers.9.mlp.gate_proj,denoise,6,weight_runtime_mask,unknown,1465,2160230400,42656069,0.019746073844715824
,,expert.layers.9.mlp.gate_proj,denoise,7,activation,unknown,1465,52740000,512750,0.009722222222222222
,,expert.layers.9.mlp.gate_proj,denoise,7,output,unknown,1465,150016000,1465000,0.009765625
,,expert.layers.9.mlp.gate_proj,denoise,7,weight_runtime_mask,unknown,1465,2160230400,42655384,0.019745756748909746
,,expert.layers.9.mlp.gate_proj,denoise,8,activation,unknown,1465,52740000,512750,0.009722222222222222
,,expert.layers.9.mlp.gate_proj,denoise,8,output,unknown,1465,150016000,1465000,0.009765625
,,expert.layers.9.mlp.gate_proj,denoise,8,weight_runtime_mask,unknown,1465,2160230400,42655692,0.019745899326294083
,,expert.layers.9.mlp.gate_proj,denoise,9,activation,unknown,1465,52740000,512750,0.009722222222222222
,,expert.layers.9.mlp.gate_proj,denoise,9,output,unknown,1465,150016000,1465000,0.009765625
,,expert.layers.9.mlp.gate_proj,denoise,9,weight_runtime_mask,unknown,1465,2160230400,42655674,0.019745890993849546
,,expert.layers.9.mlp.up_proj,denoise,0,activation,unknown,1465,52740000,512750,0.009722222222222222
,,expert.layers.9.mlp.up_proj,denoise,0,output,unknown,1465,150016000,1465000,0.009765625
,,expert.layers.9.mlp.up_proj,denoise,0,weight_runtime_mask,unknown,1465,2160230400,42565887,0.019704327371747012
,,expert.layers.9.mlp.up_proj,denoise,1,activation,unknown,1465,52740000,512750,0.009722222222222222
,,expert.layers.9.mlp.up_proj,denoise,1,output,unknown,1465,150016000,1465000,0.009765625
,,expert.layers.9.mlp.up_proj,denoise,1,weight_runtime_mask,unknown,1465,2160230400,42567340,0.019704999985186766
,,expert.layers.9.mlp.up_proj,denoise,2,activation,unknown,1465,52740000,512750,0.009722222222222222
,,expert.layers.9.mlp.up_proj,denoise,2,output,unknown,1465,150016000,1465000,0.009765625
,,expert.layers.9.mlp.up_proj,denoise,2,weight_runtime_mask,unknown,1465,2160230400,42567473,0.01970506155269364
,,expert.layers.9.mlp.up_proj,denoise,3,activation,unknown,1465,52740000,512750,0.009722222222222222
,,expert.layers.9.mlp.up_proj,denoise,3,output,unknown,1465,150016000,1465000,0.009765625
,,expert.layers.9.mlp.up_proj,denoise,3,weight_runtime_mask,unknown,1465,2160230400,42566673,0.019704691221825228
,,expert.layers.9.mlp.up_proj,denoise,4,activation,unknown,1465,52740000,512750,0.009722222222222222
,,expert.layers.9.mlp.up_proj,denoise,4,output,unknown,1465,150016000,1465000,0.009765625
,,expert.layers.9.mlp.up_proj,denoise,4,weight_runtime_mask,unknown,1465,2160230400,42566722,0.019704713904590918
,,expert.layers.9.mlp.up_proj,denoise,5,activation,unknown,1465,52740000,512750,0.009722222222222222
,,expert.layers.9.mlp.up_proj,denoise,5,output,unknown,1465,150016000,1465000,0.009765625
,,expert.layers.9.mlp.up_proj,denoise,5,weight_runtime_mask,unknown,1465,2160230400,42566233,0.0197044875398476
,,expert.layers.9.mlp.up_proj,denoise,6,activation,unknown,1465,52740000,512750,0.009722222222222222
,,expert.layers.9.mlp.up_proj,denoise,6,output,unknown,1465,150016000,1465000,0.009765625
,,expert.layers.9.mlp.up_proj,denoise,6,weight_runtime_mask,unknown,1465,2160230400,42566121,0.019704435693526024
,,expert.layers.9.mlp.up_proj,denoise,7,activation,unknown,1465,52740000,512750,0.009722222222222222
,,expert.layers.9.mlp.up_proj,denoise,7,output,unknown,1465,150016000,1465000,0.009765625
,,expert.layers.9.mlp.up_proj,denoise,7,weight_runtime_mask,unknown,1465,2160230400,42565585,0.019704187571844188
,,expert.layers.9.mlp.up_proj,denoise,8,activation,unknown,1465,52740000,512750,0.009722222222222222
,,expert.layers.9.mlp.up_proj,denoise,8,output,unknown,1465,150016000,1465000,0.009765625
,,expert.layers.9.mlp.up_proj,denoise,8,weight_runtime_mask,unknown,1465,2160230400,42565590,0.019704189886412118
,,expert.layers.9.mlp.up_proj,denoise,9,activation,unknown,1465,52740000,512750,0.009722222222222222
,,expert.layers.9.mlp.up_proj,denoise,9,output,unknown,1465,150016000,1465000,0.009765625
,,expert.layers.9.mlp.up_proj,denoise,9,weight_runtime_mask,unknown,1465,2160230400,42565334,0.019704071380534226
,,expert.layers.9.self_attn.k_proj,denoise,0,activation,cross,1465,82977600,777915,0.009375
,,expert.layers.9.self_attn.k_proj,denoise,0,output,cross,1465,82977600,777915,0.009375
,,expert.layers.9.self_attn.k_proj,denoise,0,weight_runtime_mask,cross,1465,150016000,2904818,0.019363387905290103
,,expert.layers.9.self_attn.k_proj,denoise,1,activation,cross,1465,82977600,777915,0.009375
,,expert.layers.9.self_attn.k_proj,denoise,1,output,cross,1465,82977600,777915,0.009375
,,expert.layers.9.self_attn.k_proj,denoise,1,weight_runtime_mask,cross,1465,150016000,2904818,0.019363387905290103
,,expert.layers.9.self_attn.k_proj,denoise,2,activation,cross,1465,82977600,777915,0.009375
,,expert.layers.9.self_attn.k_proj,denoise,2,output,cross,1465,82977600,777915,0.009375
,,expert.layers.9.self_attn.k_proj,denoise,2,weight_runtime_mask,cross,1465,150016000,2904818,0.019363387905290103
,,expert.layers.9.self_attn.k_proj,denoise,3,activation,cross,1465,82977600,777915,0.009375
,,expert.layers.9.self_attn.k_proj,denoise,3,output,cross,1465,82977600,777915,0.009375
,,expert.layers.9.self_attn.k_proj,denoise,3,weight_runtime_mask,cross,1465,150016000,2904818,0.019363387905290103
,,expert.layers.9.self_attn.k_proj,denoise,4,activation,cross,1465,82977600,777915,0.009375
,,expert.layers.9.self_attn.k_proj,denoise,4,output,cross,1465,82977600,777915,0.009375
,,expert.layers.9.self_attn.k_proj,denoise,4,weight_runtime_mask,cross,1465,150016000,2904818,0.019363387905290103
,,expert.layers.9.self_attn.k_proj,denoise,5,activation,cross,1465,82977600,777915,0.009375
,,expert.layers.9.self_attn.k_proj,denoise,5,output,cross,1465,82977600,777915,0.009375
,,expert.layers.9.self_attn.k_proj,denoise,5,weight_runtime_mask,cross,1465,150016000,2904818,0.019363387905290103
,,expert.layers.9.self_attn.k_proj,denoise,6,activation,cross,1465,82977600,777915,0.009375
,,expert.layers.9.self_attn.k_proj,denoise,6,output,cross,1465,82977600,777915,0.009375
,,expert.layers.9.self_attn.k_proj,denoise,6,weight_runtime_mask,cross,1465,150016000,2904818,0.019363387905290103
,,expert.layers.9.self_attn.k_proj,denoise,7,activation,cross,1465,82977600,777915,0.009375
,,expert.layers.9.self_attn.k_proj,denoise,7,output,cross,1465,82977600,777915,0.009375
,,expert.layers.9.self_attn.k_proj,denoise,7,weight_runtime_mask,cross,1465,150016000,2904818,0.019363387905290103
,,expert.layers.9.self_attn.k_proj,denoise,8,activation,cross,1465,82977600,777915,0.009375
,,expert.layers.9.self_attn.k_proj,denoise,8,output,cross,1465,82977600,777915,0.009375
,,expert.layers.9.self_attn.k_proj,denoise,8,weight_runtime_mask,cross,1465,150016000,2904818,0.019363387905290103
,,expert.layers.9.self_attn.k_proj,denoise,9,activation,cross,1465,82977600,777915,0.009375
,,expert.layers.9.self_attn.k_proj,denoise,9,output,cross,1465,82977600,777915,0.009375
,,expert.layers.9.self_attn.k_proj,denoise,9,weight_runtime_mask,cross,1465,150016000,2904818,0.019363387905290103
,,expert.layers.9.self_attn.o_proj,denoise,0,activation,unknown,1465,70320000,659250,0.009375
,,expert.layers.9.self_attn.o_proj,denoise,0,output,unknown,1465,52740000,512750,0.009722222222222222
,,expert.layers.9.self_attn.o_proj,denoise,0,weight_runtime_mask,unknown,1465,1012608000,20011053,0.019761895027493363
,,expert.layers.9.self_attn.o_proj,denoise,1,activation,unknown,1465,70320000,659250,0.009375
,,expert.layers.9.self_attn.o_proj,denoise,1,output,unknown,1465,52740000,512750,0.009722222222222222
,,expert.layers.9.self_attn.o_proj,denoise,1,weight_runtime_mask,unknown,1465,1012608000,20011027,0.019761869351219822
,,expert.layers.9.self_attn.o_proj,denoise,2,activation,unknown,1465,70320000,659250,0.009375
,,expert.layers.9.self_attn.o_proj,denoise,2,output,unknown,1465,52740000,512750,0.009722222222222222
,,expert.layers.9.self_attn.o_proj,denoise,2,weight_runtime_mask,unknown,1465,1012608000,20010985,0.019761827874162557
,,expert.layers.9.self_attn.o_proj,denoise,3,activation,unknown,1465,70320000,659250,0.009375
,,expert.layers.9.self_attn.o_proj,denoise,3,output,unknown,1465,52740000,512750,0.009722222222222222
,,expert.layers.9.self_attn.o_proj,denoise,3,weight_runtime_mask,unknown,1465,1012608000,20010886,0.0197617301068133
,,expert.layers.9.self_attn.o_proj,denoise,4,activation,unknown,1465,70320000,659250,0.009375
,,expert.layers.9.self_attn.o_proj,denoise,4,output,unknown,1465,52740000,512750,0.009722222222222222
,,expert.layers.9.self_attn.o_proj,denoise,4,weight_runtime_mask,unknown,1465,1012608000,20010752,0.01976159777524965
,,expert.layers.9.self_attn.o_proj,denoise,5,activation,unknown,1465,70320000,659250,0.009375
,,expert.layers.9.self_attn.o_proj,denoise,5,output,unknown,1465,52740000,512750,0.009722222222222222
,,expert.layers.9.self_attn.o_proj,denoise,5,weight_runtime_mask,unknown,1465,1012608000,20010819,0.019761663941031474
,,expert.layers.9.self_attn.o_proj,denoise,6,activation,unknown,1465,70320000,659250,0.009375
,,expert.layers.9.self_attn.o_proj,denoise,6,output,unknown,1465,52740000,512750,0.009722222222222222
,,expert.layers.9.self_attn.o_proj,denoise,6,weight_runtime_mask,unknown,1465,1012608000,20010883,0.019761727144166352
,,expert.layers.9.self_attn.o_proj,denoise,7,activation,unknown,1465,70320000,659250,0.009375
,,expert.layers.9.self_attn.o_proj,denoise,7,output,unknown,1465,52740000,512750,0.009722222222222222
,,expert.layers.9.self_attn.o_proj,denoise,7,weight_runtime_mask,unknown,1465,1012608000,20010701,0.01976154741025155
,,expert.layers.9.self_attn.o_proj,denoise,8,activation,unknown,1465,70320000,659250,0.009375
,,expert.layers.9.self_attn.o_proj,denoise,8,output,unknown,1465,52740000,512750,0.009722222222222222
,,expert.layers.9.self_attn.o_proj,denoise,8,weight_runtime_mask,unknown,1465,1012608000,20010813,0.01976165801573758
,,expert.layers.9.self_attn.o_proj,denoise,9,activation,unknown,1465,70320000,659250,0.009375
,,expert.layers.9.self_attn.o_proj,denoise,9,output,unknown,1465,52740000,512750,0.009722222222222222
,,expert.layers.9.self_attn.o_proj,denoise,9,weight_runtime_mask,unknown,1465,1012608000,20010724,0.019761570123878143
,,expert.layers.9.self_attn.q_proj,denoise,0,activation,cross,1465,52740000,512750,0.009722222222222222
,,expert.layers.9.self_attn.q_proj,denoise,0,output,cross,1465,70320000,659250,0.009375
,,expert.layers.9.self_attn.q_proj,denoise,0,weight_runtime_mask,cross,1465,1012608000,20075168,0.01982521173050183
,,expert.layers.9.self_attn.q_proj,denoise,1,activation,cross,1465,52740000,512750,0.009722222222222222
,,expert.layers.9.self_attn.q_proj,denoise,1,output,cross,1465,70320000,659250,0.009375
,,expert.layers.9.self_attn.q_proj,denoise,1,weight_runtime_mask,cross,1465,1012608000,20075777,0.019825813147832133
,,expert.layers.9.self_attn.q_proj,denoise,2,activation,cross,1465,52740000,512750,0.009722222222222222
,,expert.layers.9.self_attn.q_proj,denoise,2,output,cross,1465,70320000,659250,0.009375
,,expert.layers.9.self_attn.q_proj,denoise,2,weight_runtime_mask,cross,1465,1012608000,20074795,0.019824843374731387
,,expert.layers.9.self_attn.q_proj,denoise,3,activation,cross,1465,52740000,512750,0.009722222222222222
,,expert.layers.9.self_attn.q_proj,denoise,3,output,cross,1465,70320000,659250,0.009375
,,expert.layers.9.self_attn.q_proj,denoise,3,weight_runtime_mask,cross,1465,1012608000,20073226,0.019823293910377956
,,expert.layers.9.self_attn.q_proj,denoise,4,activation,cross,1465,52740000,512750,0.009722222222222222
,,expert.layers.9.self_attn.q_proj,denoise,4,output,cross,1465,70320000,659250,0.009375
,,expert.layers.9.self_attn.q_proj,denoise,4,weight_runtime_mask,cross,1465,1012608000,20072052,0.019822134527872584
,,expert.layers.9.self_attn.q_proj,denoise,5,activation,cross,1465,52740000,512750,0.009722222222222222
,,expert.layers.9.self_attn.q_proj,denoise,5,output,cross,1465,70320000,659250,0.009375
,,expert.layers.9.self_attn.q_proj,denoise,5,weight_runtime_mask,cross,1465,1012608000,20071325,0.019821416579762358
,,expert.layers.9.self_attn.q_proj,denoise,6,activation,cross,1465,52740000,512750,0.009722222222222222
,,expert.layers.9.self_attn.q_proj,denoise,6,output,cross,1465,70320000,659250,0.009375
,,expert.layers.9.self_attn.q_proj,denoise,6,weight_runtime_mask,cross,1465,1012608000,20070969,0.019821065012324612
,,expert.layers.9.self_attn.q_proj,denoise,7,activation,cross,1465,52740000,512750,0.009722222222222222
,,expert.layers.9.self_attn.q_proj,denoise,7,output,cross,1465,70320000,659250,0.009375
,,expert.layers.9.self_attn.q_proj,denoise,7,weight_runtime_mask,cross,1465,1012608000,20071645,0.019821732595436733
,,expert.layers.9.self_attn.q_proj,denoise,8,activation,cross,1465,52740000,512750,0.009722222222222222
,,expert.layers.9.self_attn.q_proj,denoise,8,output,cross,1465,70320000,659250,0.009375
,,expert.layers.9.self_attn.q_proj,denoise,8,weight_runtime_mask,cross,1465,1012608000,20072403,0.019822481157565415
,,expert.layers.9.self_attn.q_proj,denoise,9,activation,cross,1465,52740000,512750,0.009722222222222222
,,expert.layers.9.self_attn.q_proj,denoise,9,output,cross,1465,70320000,659250,0.009375
,,expert.layers.9.self_attn.q_proj,denoise,9,weight_runtime_mask,cross,1465,1012608000,20074601,0.019824651790228794
,,expert.layers.9.self_attn.v_proj,denoise,0,activation,cross,1465,82977600,777915,0.009375
,,expert.layers.9.self_attn.v_proj,denoise,0,output,cross,1465,82977600,777915,0.009375
,,expert.layers.9.self_attn.v_proj,denoise,0,weight_runtime_mask,cross,1465,150016000,2900883,0.019337157369880547
,,expert.layers.9.self_attn.v_proj,denoise,1,activation,cross,1465,82977600,777915,0.009375
,,expert.layers.9.self_attn.v_proj,denoise,1,output,cross,1465,82977600,777915,0.009375
,,expert.layers.9.self_attn.v_proj,denoise,1,weight_runtime_mask,cross,1465,150016000,2900883,0.019337157369880547
,,expert.layers.9.self_attn.v_proj,denoise,2,activation,cross,1465,82977600,777915,0.009375
,,expert.layers.9.self_attn.v_proj,denoise,2,output,cross,1465,82977600,777915,0.009375
,,expert.layers.9.self_attn.v_proj,denoise,2,weight_runtime_mask,cross,1465,150016000,2900883,0.019337157369880547
,,expert.layers.9.self_attn.v_proj,denoise,3,activation,cross,1465,82977600,777915,0.009375
,,expert.layers.9.self_attn.v_proj,denoise,3,output,cross,1465,82977600,777915,0.009375
,,expert.layers.9.self_attn.v_proj,denoise,3,weight_runtime_mask,cross,1465,150016000,2900883,0.019337157369880547
,,expert.layers.9.self_attn.v_proj,denoise,4,activation,cross,1465,82977600,777915,0.009375
,,expert.layers.9.self_attn.v_proj,denoise,4,output,cross,1465,82977600,777915,0.009375
,,expert.layers.9.self_attn.v_proj,denoise,4,weight_runtime_mask,cross,1465,150016000,2900883,0.019337157369880547
,,expert.layers.9.self_attn.v_proj,denoise,5,activation,cross,1465,82977600,777915,0.009375
,,expert.layers.9.self_attn.v_proj,denoise,5,output,cross,1465,82977600,777915,0.009375
,,expert.layers.9.self_attn.v_proj,denoise,5,weight_runtime_mask,cross,1465,150016000,2900883,0.019337157369880547
,,expert.layers.9.self_attn.v_proj,denoise,6,activation,cross,1465,82977600,777915,0.009375
,,expert.layers.9.self_attn.v_proj,denoise,6,output,cross,1465,82977600,777915,0.009375
,,expert.layers.9.self_attn.v_proj,denoise,6,weight_runtime_mask,cross,1465,150016000,2900883,0.019337157369880547
,,expert.layers.9.self_attn.v_proj,denoise,7,activation,cross,1465,82977600,777915,0.009375
,,expert.layers.9.self_attn.v_proj,denoise,7,output,cross,1465,82977600,777915,0.009375
,,expert.layers.9.self_attn.v_proj,denoise,7,weight_runtime_mask,cross,1465,150016000,2900883,0.019337157369880547
,,expert.layers.9.self_attn.v_proj,denoise,8,activation,cross,1465,82977600,777915,0.009375
,,expert.layers.9.self_attn.v_proj,denoise,8,output,cross,1465,82977600,777915,0.009375
,,expert.layers.9.self_attn.v_proj,denoise,8,weight_runtime_mask,cross,1465,150016000,2900883,0.019337157369880547
,,expert.layers.9.self_attn.v_proj,denoise,9,activation,cross,1465,82977600,777915,0.009375
,,expert.layers.9.self_attn.v_proj,denoise,9,output,cross,1465,82977600,777915,0.009375
,,expert.layers.9.self_attn.v_proj,denoise,9,weight_runtime_mask,cross,1465,150016000,2900883,0.019337157369880547
,,vision.layer.0.pv,prefill,-1,A,self,2930,36867932160,360038400,0.009765625
,,vision.layer.0.pv,prefill,-1,B,self,2930,2304245760,47458624,0.020596164186931172
,,vision.layer.0.pv,prefill,-1,O,self,2930,2304245760,36003840,0.015625
,,vision.layer.0.qk,prefill,-1,A,self,2930,2304245760,36003840,0.015625
,,vision.layer.0.qk,prefill,-1,B,self,2930,2304245760,67806370,0.02942670924129204
,,vision.layer.0.qk,prefill,-1,O,self,2930,36867932160,360038400,0.009765625
,,vision.layer.1.pv,prefill,-1,A,self,2930,36867932160,360038400,0.009765625
,,vision.layer.1.pv,prefill,-1,B,self,2930,2304245760,50725227,0.022013809412412676
,,vision.layer.1.pv,prefill,-1,O,self,2930,2304245760,36003840,0.015625
,,vision.layer.1.qk,prefill,-1,A,self,2930,2304245760,36003840,0.015625
,,vision.layer.1.qk,prefill,-1,B,self,2930,2304245760,61912561,0.026868905250801024
,,vision.layer.1.qk,prefill,-1,O,self,2930,36867932160,360038400,0.009765625
,,vision.layer.10.pv,prefill,-1,A,self,2930,36867932160,360038400,0.009765625
,,vision.layer.10.pv,prefill,-1,B,self,2930,2304245760,54967923,0.023855060928917583
,,vision.layer.10.pv,prefill,-1,O,self,2930,2304245760,36003840,0.015625
,,vision.layer.10.qk,prefill,-1,A,self,2930,2304245760,36003840,0.015625
,,vision.layer.10.qk,prefill,-1,B,self,2930,2304245760,58752446,0.02549747384584533
,,vision.layer.10.qk,prefill,-1,O,self,2930,36867932160,360038400,0.009765625
,,vision.layer.11.pv,prefill,-1,A,self,2930,36867932160,360038400,0.009765625
,,vision.layer.11.pv,prefill,-1,B,self,2930,2304245760,50105728,0.02174495831555745
,,vision.layer.11.pv,prefill,-1,O,self,2930,2304245760,36003840,0.015625
,,vision.layer.11.qk,prefill,-1,A,self,2930,2304245760,36003840,0.015625
,,vision.layer.11.qk,prefill,-1,B,self,2930,2304245760,60045203,0.02605850645028419
,,vision.layer.11.qk,prefill,-1,O,self,2930,36867932160,360038400,0.009765625
,,vision.layer.2.pv,prefill,-1,A,self,2930,36867932160,360038400,0.009765625
,,vision.layer.2.pv,prefill,-1,B,self,2930,2304245760,48063636,0.02085872819399264
,,vision.layer.2.pv,prefill,-1,O,self,2930,2304245760,36003840,0.015625
,,vision.layer.2.qk,prefill,-1,A,self,2930,2304245760,36003840,0.015625
,,vision.layer.2.qk,prefill,-1,B,self,2930,2304245760,63927756,0.027743462572325617
,,vision.layer.2.qk,prefill,-1,O,self,2930,36867932160,360038400,0.009765625
,,vision.layer.3.pv,prefill,-1,A,self,2930,36867932160,360038400,0.009765625
,,vision.layer.3.pv,prefill,-1,B,self,2930,2304245760,48760927,0.02116133957863939
,,vision.layer.3.pv,prefill,-1,O,self,2930,2304245760,36003840,0.015625
,,vision.layer.3.qk,prefill,-1,A,self,2930,2304245760,36003840,0.015625
,,vision.layer.3.qk,prefill,-1,B,self,2930,2304245760,64793374,0.028119124758636857
,,vision.layer.3.qk,prefill,-1,O,self,2930,36867932160,360038400,0.009765625
,,vision.layer.4.pv,prefill,-1,A,self,2930,36867932160,360038400,0.009765625
,,vision.layer.4.pv,prefill,-1,B,self,2930,2304245760,48944555,0.02124103073102758
,,vision.layer.4.pv,prefill,-1,O,self,2930,2304245760,36003840,0.015625
,,vision.layer.4.qk,prefill,-1,A,self,2930,2304245760,36003840,0.015625
,,vision.layer.4.qk,prefill,-1,B,self,2930,2304245760,60790400,0.02638190815201934
,,vision.layer.4.qk,prefill,-1,O,self,2930,36867932160,360038400,0.009765625
,,vision.layer.5.pv,prefill,-1,A,self,2930,36867932160,360038400,0.009765625
,,vision.layer.5.pv,prefill,-1,B,self,2930,2304245760,47363698,0.020554968060351342
,,vision.layer.5.pv,prefill,-1,O,self,2930,2304245760,36003840,0.015625
,,vision.layer.5.qk,prefill,-1,A,self,2930,2304245760,36003840,0.015625
,,vision.layer.5.qk,prefill,-1,B,self,2930,2304245760,60926614,0.02644102250621045
,,vision.layer.5.qk,prefill,-1,O,self,2930,36867932160,360038400,0.009765625
,,vision.layer.6.pv,prefill,-1,A,self,2930,36867932160,360038400,0.009765625
,,vision.layer.6.pv,prefill,-1,B,self,2930,2304245760,49115662,0.021315288001224314
,,vision.layer.6.pv,prefill,-1,O,self,2930,2304245760,36003840,0.015625
,,vision.layer.6.qk,prefill,-1,A,self,2930,2304245760,36003840,0.015625
,,vision.layer.6.qk,prefill,-1,B,self,2930,2304245760,64055113,0.02779873315249151
,,vision.layer.6.qk,prefill,-1,O,self,2930,36867932160,360038400,0.009765625
,,vision.layer.7.pv,prefill,-1,A,self,2930,36867932160,360038400,0.009765625
,,vision.layer.7.pv,prefill,-1,B,self,2930,2304245760,49741917,0.021587071077001786
,,vision.layer.7.pv,prefill,-1,O,self,2930,2304245760,36003840,0.015625
,,vision.layer.7.qk,prefill,-1,A,self,2930,2304245760,36003840,0.015625
,,vision.layer.7.qk,prefill,-1,B,self,2930,2304245760,61524278,0.026700397617309708
,,vision.layer.7.qk,prefill,-1,O,self,2930,36867932160,360038400,0.009765625
,,vision.layer.8.pv,prefill,-1,A,self,2930,36867932160,360038400,0.009765625
,,vision.layer.8.pv,prefill,-1,B,self,2930,2304245760,54538073,0.023668513986980277
,,vision.layer.8.pv,prefill,-1,O,self,2930,2304245760,36003840,0.015625
,,vision.layer.8.qk,prefill,-1,A,self,2930,2304245760,36003840,0.015625
,,vision.layer.8.qk,prefill,-1,B,self,2930,2304245760,60158621,0.02610772776251089
,,vision.layer.8.qk,prefill,-1,O,self,2930,36867932160,360038400,0.009765625
,,vision.layer.9.pv,prefill,-1,A,self,2930,36867932160,360038400,0.009765625
,,vision.layer.9.pv,prefill,-1,B,self,2930,2304245760,59202180,0.025692650075658595
,,vision.layer.9.pv,prefill,-1,O,self,2930,2304245760,36003840,0.015625
,,vision.layer.9.qk,prefill,-1,A,self,2930,2304245760,36003840,0.015625
,,vision.layer.9.qk,prefill,-1,B,self,2930,2304245760,60203819,0.026127342857734066
,,vision.layer.9.qk,prefill,-1,O,self,2930,36867932160,360038400,0.009765625
,,vision.layers.0.mlp.fc1,prefill,-1,activation,unknown,2930,2304245760,21002240,0.009114583333333334
,,vision.layers.0.mlp.fc1,prefill,-1,output,unknown,2930,9216983040,90009600,0.009765625
,,vision.layers.0.mlp.fc1,prefill,-1,weight_runtime_mask,unknown,2930,6912737280,129938728,0.018797000773621186
,,vision.layers.0.mlp.fc2,prefill,-1,activation,unknown,2930,9216983040,90009600,0.009765625
,,vision.layers.0.mlp.fc2,prefill,-1,output,unknown,2930,2304245760,21002240,0.009114583333333334
,,vision.layers.0.mlp.fc2,prefill,-1,weight_runtime_mask,unknown,2930,6912737280,136518312,0.019748806655067903
,,vision.layers.0.self_attn.k_proj,prefill,-1,activation,self,2930,2304245760,21002240,0.009114583333333334
,,vision.layers.0.self_attn.k_proj,prefill,-1,output,self,2930,2304245760,21002240,0.009114583333333334
,,vision.layers.0.self_attn.k_proj,prefill,-1,weight_runtime_mask,self,2930,1728184320,32879716,0.019025584030296028
,,vision.layers.0.self_attn.out_proj,prefill,-1,activation,self,2930,2304245760,21002240,0.009114583333333334
,,vision.layers.0.self_attn.out_proj,prefill,-1,output,self,2930,2304245760,21002240,0.009114583333333334
,,vision.layers.0.self_attn.out_proj,prefill,-1,weight_runtime_mask,self,2930,1728184320,32689842,0.018915714962626208
,,vision.layers.0.self_attn.q_proj,prefill,-1,activation,self,2930,2304245760,21002240,0.009114583333333334
,,vision.layers.0.self_attn.q_proj,prefill,-1,output,self,2930,2304245760,21002240,0.009114583333333334
,,vision.layers.0.self_attn.q_proj,prefill,-1,weight_runtime_mask,self,2930,1728184320,32525762,0.01882077138623732
,,vision.layers.0.self_attn.v_proj,prefill,-1,activation,self,2930,2304245760,21002240,0.009114583333333334
,,vision.layers.0.self_attn.v_proj,prefill,-1,output,self,2930,2304245760,21002240,0.009114583333333334
,,vision.layers.0.self_attn.v_proj,prefill,-1,weight_runtime_mask,self,2930,1728184320,33147157,0.01918033662057529
,,vision.layers.1.mlp.fc1,prefill,-1,activation,unknown,2930,2304245760,21002240,0.009114583333333334
,,vision.layers.1.mlp.fc1,prefill,-1,output,unknown,2930,9216983040,90009600,0.009765625
,,vision.layers.1.mlp.fc1,prefill,-1,weight_runtime_mask,unknown,2930,6912737280,131019184,0.01895330007391804
,,vision.layers.1.mlp.fc2,prefill,-1,activation,unknown,2930,9216983040,90009600,0.009765625
,,vision.layers.1.mlp.fc2,prefill,-1,output,unknown,2930,2304245760,21002240,0.009114583333333334
,,vision.layers.1.mlp.fc2,prefill,-1,weight_runtime_mask,unknown,2930,6912737280,136847109,0.019796370591997965
,,vision.layers.1.self_attn.k_proj,prefill,-1,activation,self,2930,2304245760,21002240,0.009114583333333334
,,vision.layers.1.self_attn.k_proj,prefill,-1,output,self,2930,2304245760,21002240,0.009114583333333334
,,vision.layers.1.self_attn.k_proj,prefill,-1,weight_runtime_mask,self,2930,1728184320,31373169,0.018153832688402125
,,vision.layers.1.self_attn.out_proj,prefill,-1,activation,self,2930,2304245760,21002240,0.009114583333333334
,,vision.layers.1.self_attn.out_proj,prefill,-1,output,self,2930,2304245760,21002240,0.009114583333333334
,,vision.layers.1.self_attn.out_proj,prefill,-1,weight_runtime_mask,self,2930,1728184320,33039327,0.01911794165566784
,,vision.layers.1.self_attn.q_proj,prefill,-1,activation,self,2930,2304245760,21002240,0.009114583333333334
,,vision.layers.1.self_attn.q_proj,prefill,-1,output,self,2930,2304245760,21002240,0.009114583333333334
,,vision.layers.1.self_attn.q_proj,prefill,-1,weight_runtime_mask,self,2930,1728184320,31711406,0.018349550816431432
,,vision.layers.1.self_attn.v_proj,prefill,-1,activation,self,2930,2304245760,21002240,0.009114583333333334
,,vision.layers.1.self_attn.v_proj,prefill,-1,output,self,2930,2304245760,21002240,0.009114583333333334
,,vision.layers.1.self_attn.v_proj,prefill,-1,weight_runtime_mask,self,2930,1728184320,33372306,0.019310617284156357
,,vision.layers.10.mlp.fc1,prefill,-1,activation,unknown,2930,2304245760,21002240,0.009114583333333334
,,vision.layers.10.mlp.fc1,prefill,-1,output,unknown,2930,9216983040,90009600,0.009765625
,,vision.layers.10.mlp.fc1,prefill,-1,weight_runtime_mask,unknown,2930,6912737280,133923339,0.019373416575148652
,,vision.layers.10.mlp.fc2,prefill,-1,activation,unknown,2930,9216983040,90009600,0.009765625
,,vision.layers.10.mlp.fc2,prefill,-1,output,unknown,2930,2304245760,21002240,0.009114583333333334
,,vision.layers.10.mlp.fc2,prefill,-1,weight_runtime_mask,unknown,2930,6912737280,136762197,0.019784087180006356
,,vision.layers.10.self_attn.k_proj,prefill,-1,activation,self,2930,2304245760,21002240,0.009114583333333334
,,vision.layers.10.self_attn.k_proj,prefill,-1,output,self,2930,2304245760,21002240,0.009114583333333334
,,vision.layers.10.self_attn.k_proj,prefill,-1,weight_runtime_mask,self,2930,1728184320,33198437,0.019210009381406722
,,vision.layers.10.self_attn.out_proj,prefill,-1,activation,self,2930,2304245760,21002240,0.009114583333333334
,,vision.layers.10.self_attn.out_proj,prefill,-1,output,self,2930,2304245760,21002240,0.009114583333333334
,,vision.layers.10.self_attn.out_proj,prefill,-1,weight_runtime_mask,self,2930,1728184320,33043161,0.019120160169026415
,,vision.layers.10.self_attn.q_proj,prefill,-1,activation,self,2930,2304245760,21002240,0.009114583333333334
,,vision.layers.10.self_attn.q_proj,prefill,-1,output,self,2930,2304245760,21002240,0.009114583333333334
,,vision.layers.10.self_attn.q_proj,prefill,-1,weight_runtime_mask,self,2930,1728184320,33184632,0.0192020212288467
,,vision.layers.10.self_attn.v_proj,prefill,-1,activation,self,2930,2304245760,21002240,0.009114583333333334
,,vision.layers.10.self_attn.v_proj,prefill,-1,output,self,2930,2304245760,21002240,0.009114583333333334
,,vision.layers.10.self_attn.v_proj,prefill,-1,weight_runtime_mask,self,2930,1728184320,33114708,0.019161560266904864
,,vision.layers.11.mlp.fc1,prefill,-1,activation,unknown,2930,2304245760,21002240,0.009114583333333334
,,vision.layers.11.mlp.fc1,prefill,-1,output,unknown,2930,9216983040,90009600,0.009765625
,,vision.layers.11.mlp.fc1,prefill,-1,weight_runtime_mask,unknown,2930,6912737280,133702144,0.019341418396852484
,,vision.layers.11.mlp.fc2,prefill,-1,activation,unknown,2930,9216983040,90009600,0.009765625
,,vision.layers.11.mlp.fc2,prefill,-1,output,unknown,2930,2304245760,21002240,0.009114583333333334
,,vision.layers.11.mlp.fc2,prefill,-1,weight_runtime_mask,unknown,2930,6912737280,138070383,0.019973330014937295
,,vision.layers.11.self_attn.k_proj,prefill,-1,activation,self,2930,2304245760,21002240,0.009114583333333334
,,vision.layers.11.self_attn.k_proj,prefill,-1,output,self,2930,2304245760,21002240,0.009114583333333334
,,vision.layers.11.self_attn.k_proj,prefill,-1,weight_runtime_mask,self,2930,1728184320,33107042,0.019157124397471678
,,vision.layers.11.self_attn.out_proj,prefill,-1,activation,self,2930,2304245760,21002240,0.009114583333333334
,,vision.layers.11.self_attn.out_proj,prefill,-1,output,self,2930,2304245760,21002240,0.009114583333333334
,,vision.layers.11.self_attn.out_proj,prefill,-1,weight_runtime_mask,self,2930,1728184320,33078839,0.019140804957656368
,,vision.layers.11.self_attn.q_proj,prefill,-1,activation,self,2930,2304245760,21002240,0.009114583333333334
,,vision.layers.11.self_attn.q_proj,prefill,-1,output,self,2930,2304245760,21002240,0.009114583333333334
,,vision.layers.11.self_attn.q_proj,prefill,-1,weight_runtime_mask,self,2930,1728184320,33350150,0.01929779689240555
,,vision.layers.11.self_attn.v_proj,prefill,-1,activation,self,2930,2304245760,21002240,0.009114583333333334
,,vision.layers.11.self_attn.v_proj,prefill,-1,output,self,2930,2304245760,21002240,0.009114583333333334
,,vision.layers.11.self_attn.v_proj,prefill,-1,weight_runtime_mask,self,2930,1728184320,32993367,0.01909134727018007
,,vision.layers.2.mlp.fc1,prefill,-1,activation,unknown,2930,2304245760,21002240,0.009114583333333334
,,vision.layers.2.mlp.fc1,prefill,-1,output,unknown,2930,9216983040,90009600,0.009765625
,,vision.layers.2.mlp.fc1,prefill,-1,weight_runtime_mask,unknown,2930,6912737280,132838727,0.019216516065832606
,,vision.layers.2.mlp.fc2,prefill,-1,activation,unknown,2930,9216983040,90009600,0.009765625
,,vision.layers.2.mlp.fc2,prefill,-1,output,unknown,2930,2304245760,21002240,0.009114583333333334
,,vision.layers.2.mlp.fc2,prefill,-1,weight_runtime_mask,unknown,2930,6912737280,137139296,0.019838638508188757
,,vision.layers.2.self_attn.k_proj,prefill,-1,activation,self,2930,2304245760,21002240,0.009114583333333334
,,vision.layers.2.self_attn.k_proj,prefill,-1,output,self,2930,2304245760,21002240,0.009114583333333334
,,vision.layers.2.self_attn.k_proj,prefill,-1,weight_runtime_mask,self,2930,1728184320,32302440,0.01869154790155717
,,vision.layers.2.self_attn.out_proj,prefill,-1,activation,self,2930,2304245760,21002240,0.009114583333333334
,,vision.layers.2.self_attn.out_proj,prefill,-1,output,self,2930,2304245760,21002240,0.009114583333333334
,,vision.layers.2.self_attn.out_proj,prefill,-1,weight_runtime_mask,self,2930,1728184320,33163377,0.01918972219352158
,,vision.layers.2.self_attn.q_proj,prefill,-1,activation,self,2930,2304245760,21002240,0.009114583333333334
,,vision.layers.2.self_attn.q_proj,prefill,-1,output,self,2930,2304245760,21002240,0.009114583333333334
,,vision.layers.2.self_attn.q_proj,prefill,-1,weight_runtime_mask,self,2930,1728184320,32535232,0.01882625112580584
,,vision.layers.2.self_attn.v_proj,prefill,-1,activation,self,2930,2304245760,21002240,0.009114583333333334
,,vision.layers.2.self_attn.v_proj,prefill,-1,output,self,2930,2304245760,21002240,0.009114583333333334
,,vision.layers.2.self_attn.v_proj,prefill,-1,weight_runtime_mask,self,2930,1728184320,32981774,0.019084639073683993
,,vision.layers.3.mlp.fc1,prefill,-1,activation,unknown,2930,2304245760,21002240,0.009114583333333334
,,vision.layers.3.mlp.fc1,prefill,-1,output,unknown,2930,9216983040,90009600,0.009765625
,,vision.layers.3.mlp.fc1,prefill,-1,weight_runtime_mask,unknown,2930,6912737280,131691323,0.01905053203468482
,,vision.layers.3.mlp.fc2,prefill,-1,activation,unknown,2930,9216983040,90009600,0.009765625
,,vision.layers.3.mlp.fc2,prefill,-1,output,unknown,2930,2304245760,21002240,0.009114583333333334
,,vision.layers.3.mlp.fc2,prefill,-1,weight_runtime_mask,unknown,2930,6912737280,136893087,0.019803021792258825
,,vision.layers.3.self_attn.k_proj,prefill,-1,activation,self,2930,2304245760,21002240,0.009114583333333334
,,vision.layers.3.self_attn.k_proj,prefill,-1,output,self,2930,2304245760,21002240,0.009114583333333334
,,vision.layers.3.self_attn.k_proj,prefill,-1,weight_runtime_mask,self,2930,1728184320,31576802,0.0182716632911008
,,vision.layers.3.self_attn.out_proj,prefill,-1,activation,self,2930,2304245760,21002240,0.009114583333333334
,,vision.layers.3.self_attn.out_proj,prefill,-1,output,self,2930,2304245760,21002240,0.009114583333333334
,,vision.layers.3.self_attn.out_proj,prefill,-1,weight_runtime_mask,self,2930,1728184320,32874070,0.019022317017666265
,,vision.layers.3.self_attn.q_proj,prefill,-1,activation,self,2930,2304245760,21002240,0.009114583333333334
,,vision.layers.3.self_attn.q_proj,prefill,-1,output,self,2930,2304245760,21002240,0.009114583333333334
,,vision.layers.3.self_attn.q_proj,prefill,-1,weight_runtime_mask,self,2930,1728184320,32576349,0.018850043148175306
,,vision.layers.3.self_attn.v_proj,prefill,-1,activation,self,2930,2304245760,21002240,0.009114583333333334
,,vision.layers.3.self_attn.v_proj,prefill,-1,output,self,2930,2304245760,21002240,0.009114583333333334
,,vision.layers.3.self_attn.v_proj,prefill,-1,weight_runtime_mask,self,2930,1728184320,33302230,0.01927006836863327
,,vision.layers.4.mlp.fc1,prefill,-1,activation,unknown,2930,2304245760,21002240,0.009114583333333334
,,vision.layers.4.mlp.fc1,prefill,-1,output,unknown,2930,9216983040,90009600,0.009765625
,,vision.layers.4.mlp.fc1,prefill,-1,weight_runtime_mask,unknown,2930,6912737280,132989529,0.01923833115787094
,,vision.layers.4.mlp.fc2,prefill,-1,activation,unknown,2930,9216983040,90009600,0.009765625
,,vision.layers.4.mlp.fc2,prefill,-1,output,unknown,2930,2304245760,21002240,0.009114583333333334
,,vision.layers.4.mlp.fc2,prefill,-1,weight_runtime_mask,unknown,2930,6912737280,136202200,0.01970307773652292
,,vision.layers.4.self_attn.k_proj,prefill,-1,activation,self,2930,2304245760,21002240,0.009114583333333334
,,vision.layers.4.self_attn.k_proj,prefill,-1,output,self,2930,2304245760,21002240,0.009114583333333334
,,vision.layers.4.self_attn.k_proj,prefill,-1,weight_runtime_mask,self,2930,1728184320,32293339,0.018686281680879966
,,vision.layers.4.self_attn.out_proj,prefill,-1,activation,self,2930,2304245760,21002240,0.009114583333333334
,,vision.layers.4.self_attn.out_proj,prefill,-1,output,self,2930,2304245760,21002240,0.009114583333333334
,,vision.layers.4.self_attn.out_proj,prefill,-1,weight_runtime_mask,self,2930,1728184320,33500393,0.019384733799690995
,,vision.layers.4.self_attn.q_proj,prefill,-1,activation,self,2930,2304245760,21002240,0.009114583333333334
,,vision.layers.4.self_attn.q_proj,prefill,-1,output,self,2930,2304245760,21002240,0.009114583333333334
,,vision.layers.4.self_attn.q_proj,prefill,-1,weight_runtime_mask,self,2930,1728184320,32988175,0.019088342961010085
,,vision.layers.4.self_attn.v_proj,prefill,-1,activation,self,2930,2304245760,21002240,0.009114583333333334
,,vision.layers.4.self_attn.v_proj,prefill,-1,output,self,2930,2304245760,21002240,0.009114583333333334
,,vision.layers.4.self_attn.v_proj,prefill,-1,weight_runtime_mask,self,2930,1728184320,32919413,0.019048554381051207
,,vision.layers.5.mlp.fc1,prefill,-1,activation,unknown,2930,2304245760,21002240,0.009114583333333334
,,vision.layers.5.mlp.fc1,prefill,-1,output,unknown,2930,9216983040,90009600,0.009765625
,,vision.layers.5.mlp.fc1,prefill,-1,weight_runtime_mask,unknown,2930,6912737280,132092794,0.01910860902846289
,,vision.layers.5.mlp.fc2,prefill,-1,activation,unknown,2930,9216983040,90009600,0.009765625
,,vision.layers.5.mlp.fc2,prefill,-1,output,unknown,2930,2304245760,21002240,0.009114583333333334
,,vision.layers.5.mlp.fc2,prefill,-1,weight_runtime_mask,unknown,2930,6912737280,136998770,0.019818309947401906
,,vision.layers.5.self_attn.k_proj,prefill,-1,activation,self,2930,2304245760,21002240,0.009114583333333334
,,vision.layers.5.self_attn.k_proj,prefill,-1,output,self,2930,2304245760,21002240,0.009114583333333334
,,vision.layers.5.self_attn.k_proj,prefill,-1,weight_runtime_mask,self,2930,1728184320,32358378,0.01872391597674026
,,vision.layers.5.self_attn.out_proj,prefill,-1,activation,self,2930,2304245760,21002240,0.009114583333333334
,,vision.layers.5.self_attn.out_proj,prefill,-1,output,self,2930,2304245760,21002240,0.009114583333333334
,,vision.layers.5.self_attn.out_proj,prefill,-1,weight_runtime_mask,self,2930,1728184320,33497943,0.01938331612683536
,,vision.layers.5.self_attn.q_proj,prefill,-1,activation,self,2930,2304245760,21002240,0.009114583333333334
,,vision.layers.5.self_attn.q_proj,prefill,-1,output,self,2930,2304245760,21002240,0.009114583333333334
,,vision.layers.5.self_attn.q_proj,prefill,-1,weight_runtime_mask,self,2930,1728184320,32811424,0.01898606741206864
,,vision.layers.5.self_attn.v_proj,prefill,-1,activation,self,2930,2304245760,21002240,0.009114583333333334
,,vision.layers.5.self_attn.v_proj,prefill,-1,output,self,2930,2304245760,21002240,0.009114583333333334
,,vision.layers.5.self_attn.v_proj,prefill,-1,weight_runtime_mask,self,2930,1728184320,33376271,0.019312911599614558
,,vision.layers.6.mlp.fc1,prefill,-1,activation,unknown,2930,2304245760,21002240,0.009114583333333334
,,vision.layers.6.mlp.fc1,prefill,-1,output,unknown,2930,9216983040,90009600,0.009765625
,,vision.layers.6.mlp.fc1,prefill,-1,weight_runtime_mask,unknown,2930,6912737280,133267626,0.019278560807680513
,,vision.layers.6.mlp.fc2,prefill,-1,activation,unknown,2930,9216983040,90009600,0.009765625
,,vision.layers.6.mlp.fc2,prefill,-1,output,unknown,2930,2304245760,21002240,0.009114583333333334
,,vision.layers.6.mlp.fc2,prefill,-1,weight_runtime_mask,unknown,2930,6912737280,135961732,0.0196682915164975
,,vision.layers.6.self_attn.k_proj,prefill,-1,activation,self,2930,2304245760,21002240,0.009114583333333334
,,vision.layers.6.self_attn.k_proj,prefill,-1,output,self,2930,2304245760,21002240,0.009114583333333334
,,vision.layers.6.self_attn.k_proj,prefill,-1,weight_runtime_mask,self,2930,1728184320,32554267,0.01883726557593116
,,vision.layers.6.self_attn.out_proj,prefill,-1,activation,self,2930,2304245760,21002240,0.009114583333333334
,,vision.layers.6.self_attn.out_proj,prefill,-1,output,self,2930,2304245760,21002240,0.009114583333333334
,,vision.layers.6.self_attn.out_proj,prefill,-1,weight_runtime_mask,self,2930,1728184320,33122539,0.01916609161226506
,,vision.layers.6.self_attn.q_proj,prefill,-1,activation,self,2930,2304245760,21002240,0.009114583333333334
,,vision.layers.6.self_attn.q_proj,prefill,-1,output,self,2930,2304245760,21002240,0.009114583333333334
,,vision.layers.6.self_attn.q_proj,prefill,-1,weight_runtime_mask,self,2930,1728184320,32729277,0.01893853370918213
,,vision.layers.6.self_attn.v_proj,prefill,-1,activation,self,2930,2304245760,21002240,0.009114583333333334
,,vision.layers.6.self_attn.v_proj,prefill,-1,output,self,2930,2304245760,21002240,0.009114583333333334
,,vision.layers.6.self_attn.v_proj,prefill,-1,weight_runtime_mask,self,2930,1728184320,33717361,0.019510280593218205
,,vision.layers.7.mlp.fc1,prefill,-1,activation,unknown,2930,2304245760,21002240,0.009114583333333334
,,vision.layers.7.mlp.fc1,prefill,-1,output,unknown,2930,9216983040,90009600,0.009765625
,,vision.layers.7.mlp.fc1,prefill,-1,weight_runtime_mask,unknown,2930,6912737280,132628090,0.019186045213047644
,,vision.layers.7.mlp.fc2,prefill,-1,activation,unknown,2930,9216983040,90009600,0.009765625
,,vision.layers.7.mlp.fc2,prefill,-1,output,unknown,2930,2304245760,21002240,0.009114583333333334
,,vision.layers.7.mlp.fc2,prefill,-1,weight_runtime_mask,unknown,2930,6912737280,137111423,0.019834606386198435
,,vision.layers.7.self_attn.k_proj,prefill,-1,activation,self,2930,2304245760,21002240,0.009114583333333334
,,vision.layers.7.self_attn.k_proj,prefill,-1,output,self,2930,2304245760,21002240,0.009114583333333334
,,vision.layers.7.self_attn.k_proj,prefill,-1,weight_runtime_mask,self,2930,1728184320,32654365,0.018895186481034616
,,vision.layers.7.self_attn.out_proj,prefill,-1,activation,self,2930,2304245760,21002240,0.009114583333333334
,,vision.layers.7.self_attn.out_proj,prefill,-1,output,self,2930,2304245760,21002240,0.009114583333333334
,,vision.layers.7.self_attn.out_proj,prefill,-1,weight_runtime_mask,self,2930,1728184320,33083367,0.019143425048550378
,,vision.layers.7.self_attn.q_proj,prefill,-1,activation,self,2930,2304245760,21002240,0.009114583333333334
,,vision.layers.7.self_attn.q_proj,prefill,-1,output,self,2930,2304245760,21002240,0.009114583333333334
,,vision.layers.7.self_attn.q_proj,prefill,-1,weight_runtime_mask,self,2930,1728184320,32697376,0.018920074451317784
,,vision.layers.7.self_attn.v_proj,prefill,-1,activation,self,2930,2304245760,21002240,0.009114583333333334
,,vision.layers.7.self_attn.v_proj,prefill,-1,output,self,2930,2304245760,21002240,0.009114583333333334
,,vision.layers.7.self_attn.v_proj,prefill,-1,weight_runtime_mask,self,2930,1728184320,33157467,0.019186302419408597
,,vision.layers.8.mlp.fc1,prefill,-1,activation,unknown,2930,2304245760,21002240,0.009114583333333334
,,vision.layers.8.mlp.fc1,prefill,-1,output,unknown,2930,9216983040,90009600,0.009765625
,,vision.layers.8.mlp.fc1,prefill,-1,weight_runtime_mask,unknown,2930,6912737280,132459449,0.01916164952243057
,,vision.layers.8.mlp.fc2,prefill,-1,activation,unknown,2930,9216983040,90009600,0.009765625
,,vision.layers.8.mlp.fc2,prefill,-1,output,unknown,2930,2304245760,21002240,0.009114583333333334
,,vision.layers.8.mlp.fc2,prefill,-1,weight_runtime_mask,unknown,2930,6912737280,136098874,0.019688130546167668
,,vision.layers.8.self_attn.k_proj,prefill,-1,activation,self,2930,2304245760,21002240,0.009114583333333334
,,vision.layers.8.self_attn.k_proj,prefill,-1,output,self,2930,2304245760,21002240,0.009114583333333334
,,vision.layers.8.self_attn.k_proj,prefill,-1,weight_runtime_mask,self,2930,1728184320,32580060,0.01885219048857011
,,vision.layers.8.self_attn.out_proj,prefill,-1,activation,self,2930,2304245760,21002240,0.009114583333333334
,,vision.layers.8.self_attn.out_proj,prefill,-1,output,self,2930,2304245760,21002240,0.009114583333333334
,,vision.layers.8.self_attn.out_proj,prefill,-1,weight_runtime_mask,self,2930,1728184320,33110139,0.019158916451689597
,,vision.layers.8.self_attn.q_proj,prefill,-1,activation,self,2930,2304245760,21002240,0.009114583333333334
,,vision.layers.8.self_attn.q_proj,prefill,-1,output,self,2930,2304245760,21002240,0.009114583333333334
,,vision.layers.8.self_attn.q_proj,prefill,-1,weight_runtime_mask,self,2930,1728184320,32765123,0.018959275709665043
,,vision.layers.8.self_attn.v_proj,prefill,-1,activation,self,2930,2304245760,21002240,0.009114583333333334
,,vision.layers.8.self_attn.v_proj,prefill,-1,output,self,2930,2304245760,21002240,0.009114583333333334
,,vision.layers.8.self_attn.v_proj,prefill,-1,weight_runtime_mask,self,2930,1728184320,33704475,0.01950282421263954
,,vision.layers.9.mlp.fc1,prefill,-1,activation,unknown,2930,2304245760,21002240,0.009114583333333334
,,vision.layers.9.mlp.fc1,prefill,-1,output,unknown,2930,9216983040,90009600,0.009765625
,,vision.layers.9.mlp.fc1,prefill,-1,weight_runtime_mask,unknown,2930,6912737280,132784623,0.019208689354385532
,,vision.layers.9.mlp.fc2,prefill,-1,activation,unknown,2930,9216983040,90009600,0.009765625
,,vision.layers.9.mlp.fc2,prefill,-1,output,unknown,2930,2304245760,21002240,0.009114583333333334
,,vision.layers.9.mlp.fc2,prefill,-1,weight_runtime_mask,unknown,2930,6912737280,137052163,0.0198260338052367
,,vision.layers.9.self_attn.k_proj,prefill,-1,activation,self,2930,2304245760,21002240,0.009114583333333334
,,vision.layers.9.self_attn.k_proj,prefill,-1,output,self,2930,2304245760,21002240,0.009114583333333334
,,vision.layers.9.self_attn.k_proj,prefill,-1,weight_runtime_mask,self,2930,1728184320,32918752,0.019048171898701175
,,vision.layers.9.self_attn.out_proj,prefill,-1,activation,self,2930,2304245760,21002240,0.009114583333333334
,,vision.layers.9.self_attn.out_proj,prefill,-1,output,self,2930,2304245760,21002240,0.009114583333333334
,,vision.layers.9.self_attn.out_proj,prefill,-1,weight_runtime_mask,self,2930,1728184320,33096280,0.01915089705246255
,,vision.layers.9.self_attn.q_proj,prefill,-1,activation,self,2930,2304245760,21002240,0.009114583333333334
,,vision.layers.9.self_attn.q_proj,prefill,-1,output,self,2930,2304245760,21002240,0.009114583333333334
,,vision.layers.9.self_attn.q_proj,prefill,-1,weight_runtime_mask,self,2930,1728184320,33238848,0.019233392882536973
,,vision.layers.9.self_attn.v_proj,prefill,-1,activation,self,2930,2304245760,21002240,0.009114583333333334
,,vision.layers.9.self_attn.v_proj,prefill,-1,output,self,2930,2304245760,21002240,0.009114583333333334
,,vision.layers.9.self_attn.v_proj,prefill,-1,weight_runtime_mask,self,2930,1728184320,33440131,0.0193498636765782
,,vlm.layer.0.pv,prefill,-1,A,self,1465,688454775,3889575,0.005649717514124294
,,vlm.layer.0.pv,prefill,-1,B,self,1465,248932800,3953394,0.015881370393937642
,,vlm.layer.0.pv,prefill,-1,O,self,1465,248932800,3889575,0.015625
,,vlm.layer.0.qk,prefill,-1,A,self,1465,248932800,3889575,0.015625
,,vlm.layer.0.qk,prefill,-1,B,self,1465,248932800,6422235,0.025799071074603268
,,vlm.layer.0.qk,prefill,-1,O,self,1465,688454775,3889575,0.005649717514124294
,,vlm.layer.1.pv,prefill,-1,A,self,1465,688454775,3889575,0.005649717514124294
,,vlm.layer.1.pv,prefill,-1,B,self,1465,248932800,4270437,0.01715497917510268
,,vlm.layer.1.pv,prefill,-1,O,self,1465,248932800,3889575,0.015625
,,vlm.layer.1.qk,prefill,-1,A,self,1465,248932800,3889575,0.015625
,,vlm.layer.1.qk,prefill,-1,B,self,1465,248932800,6289317,0.0252651197431596
,,vlm.layer.1.qk,prefill,-1,O,self,1465,688454775,3889575,0.005649717514124294
,,vlm.layer.10.pv,prefill,-1,A,self,1465,688454775,3889575,0.005649717514124294
,,vlm.layer.10.pv,prefill,-1,B,self,1465,248932800,4284132,0.017209994022483178
,,vlm.layer.10.pv,prefill,-1,O,self,1465,248932800,3889575,0.015625
,,vlm.layer.10.qk,prefill,-1,A,self,1465,248932800,3889575,0.015625
,,vlm.layer.10.qk,prefill,-1,B,self,1465,248932800,6404883,0.02572936551551262
,,vlm.layer.10.qk,prefill,-1,O,self,1465,688454775,3889575,0.005649717514124294
,,vlm.layer.11.pv,prefill,-1,A,self,1465,688454775,3889575,0.005649717514124294
,,vlm.layer.11.pv,prefill,-1,B,self,1465,248932800,4955652,0.019907589518135014
,,vlm.layer.11.pv,prefill,-1,O,self,1465,248932800,3889575,0.015625
,,vlm.layer.11.qk,prefill,-1,A,self,1465,248932800,3889575,0.015625
,,vlm.layer.11.qk,prefill,-1,B,self,1465,248932800,5677332,0.022806685177686508
,,vlm.layer.11.qk,prefill,-1,O,self,1465,688454775,3889575,0.005649717514124294
,,vlm.layer.12.pv,prefill,-1,A,self,1465,688454775,3889575,0.005649717514124294
,,vlm.layer.12.pv,prefill,-1,B,self,1465,248932800,4514598,0.01813581014635275
,,vlm.layer.12.pv,prefill,-1,O,self,1465,248932800,3889575,0.015625
,,vlm.layer.12.qk,prefill,-1,A,self,1465,248932800,3889575,0.015625
,,vlm.layer.12.qk,prefill,-1,B,self,1465,248932800,5679336,0.02281473554308633
,,vlm.layer.12.qk,prefill,-1,O,self,1465,688454775,3889575,0.005649717514124294
,,vlm.layer.13.pv,prefill,-1,A,self,1465,688454775,3889575,0.005649717514124294
,,vlm.layer.13.pv,prefill,-1,B,self,1465,248932800,4371888,0.0175625228977459
,,vlm.layer.13.pv,prefill,-1,O,self,1465,248932800,3889575,0.015625
,,vlm.layer.13.qk,prefill,-1,A,self,1465,248932800,3889575,0.015625
,,vlm.layer.13.qk,prefill,-1,B,self,1465,248932800,6402033,0.025717916642563777
,,vlm.layer.13.qk,prefill,-1,O,self,1465,688454775,3889575,0.005649717514124294
,,vlm.layer.14.pv,prefill,-1,A,self,1465,688454775,3889575,0.005649717514124294
,,vlm.layer.14.pv,prefill,-1,B,self,1465,248932800,5125887,0.02059144877653728
,,vlm.layer.14.pv,prefill,-1,O,self,1465,248932800,3889575,0.015625
,,vlm.layer.14.qk,prefill,-1,A,self,1465,248932800,3889575,0.015625
,,vlm.layer.14.qk,prefill,-1,B,self,1465,248932800,6432630,0.025840829332253522
,,vlm.layer.14.qk,prefill,-1,O,self,1465,688454775,3889575,0.005649717514124294
,,vlm.layer.15.pv,prefill,-1,A,self,1465,688454775,3889575,0.005649717514124294
,,vlm.layer.15.pv,prefill,-1,B,self,1465,248932800,4828548,0.01939699388750699
,,vlm.layer.15.pv,prefill,-1,O,self,1465,248932800,3889575,0.015625
,,vlm.layer.15.qk,prefill,-1,A,self,1465,248932800,3889575,0.015625
,,vlm.layer.15.qk,prefill,-1,B,self,1465,248932800,6148200,0.02469823181195889
,,vlm.layer.15.qk,prefill,-1,O,self,1465,688454775,3889575,0.005649717514124294
,,vlm.layer.2.pv,prefill,-1,A,self,1465,688454775,3889575,0.005649717514124294
,,vlm.layer.2.pv,prefill,-1,B,self,1465,248932800,4579248,0.01839551879061337
,,vlm.layer.2.pv,prefill,-1,O,self,1465,248932800,3889575,0.015625
,,vlm.layer.2.qk,prefill,-1,A,self,1465,248932800,3889575,0.015625
,,vlm.layer.2.qk,prefill,-1,B,self,1465,248932800,6002868,0.0241144116002391
,,vlm.layer.2.qk,prefill,-1,O,self,1465,688454775,3889575,0.005649717514124294
,,vlm.layer.3.pv,prefill,-1,A,self,1465,688454775,3889575,0.005649717514124294
,,vlm.layer.3.pv,prefill,-1,B,self,1465,248932800,4577967,0.018390372823508996
,,vlm.layer.3.pv,prefill,-1,O,self,1465,248932800,3889575,0.015625
,,vlm.layer.3.qk,prefill,-1,A,self,1465,248932800,3889575,0.015625
,,vlm.layer.3.qk,prefill,-1,B,self,1465,248932800,6449205,0.025907413567034958
,,vlm.layer.3.qk,prefill,-1,O,self,1465,688454775,3889575,0.005649717514124294
,,vlm.layer.4.pv,prefill,-1,A,self,1465,688454775,3889575,0.005649717514124294
,,vlm.layer.4.pv,prefill,-1,B,self,1465,248932800,4433844,0.017811409344208558
,,vlm.layer.4.pv,prefill,-1,O,self,1465,248932800,3889575,0.015625
,,vlm.layer.4.qk,prefill,-1,A,self,1465,248932800,3889575,0.015625
,,vlm.layer.4.qk,prefill,-1,B,self,1465,248932800,5938296,0.023855016293553924
,,vlm.layer.4.qk,prefill,-1,O,self,1465,688454775,3889575,0.005649717514124294
,,vlm.layer.5.pv,prefill,-1,A,self,1465,688454775,3889575,0.005649717514124294
,,vlm.layer.5.pv,prefill,-1,B,self,1465,248932800,4395129,0.017655885443782417
,,vlm.layer.5.pv,prefill,-1,O,self,1465,248932800,3889575,0.015625
,,vlm.layer.5.qk,prefill,-1,A,self,1465,248932800,3889575,0.015625
,,vlm.layer.5.qk,prefill,-1,B,self,1465,248932800,6449364,0.02590805229363105
,,vlm.layer.5.qk,prefill,-1,O,self,1465,688454775,3889575,0.005649717514124294
,,vlm.layer.6.pv,prefill,-1,A,self,1465,688454775,3889575,0.005649717514124294
,,vlm.layer.6.pv,prefill,-1,B,self,1465,248932800,4401990,0.01768344709897611
,,vlm.layer.6.pv,prefill,-1,O,self,1465,248932800,3889575,0.015625
,,vlm.layer.6.qk,prefill,-1,A,self,1465,248932800,3889575,0.015625
,,vlm.layer.6.qk,prefill,-1,B,self,1465,248932800,5469378,0.021971303098667593
,,vlm.layer.6.qk,prefill,-1,O,self,1465,688454775,3889575,0.005649717514124294
,,vlm.layer.7.pv,prefill,-1,A,self,1465,688454775,3889575,0.005649717514124294
,,vlm.layer.7.pv,prefill,-1,B,self,1465,248932800,4496154,0.018061717861205917
,,vlm.layer.7.pv,prefill,-1,O,self,1465,248932800,3889575,0.015625
,,vlm.layer.7.qk,prefill,-1,A,self,1465,248932800,3889575,0.015625
,,vlm.layer.7.qk,prefill,-1,B,self,1465,248932800,6310929,0.025351938354447465
,,vlm.layer.7.qk,prefill,-1,O,self,1465,688454775,3889575,0.005649717514124294
,,vlm.layer.8.pv,prefill,-1,A,self,1465,688454775,3889575,0.005649717514124294
,,vlm.layer.8.pv,prefill,-1,B,self,1465,248932800,4650252,0.018680752395827307
,,vlm.layer.8.pv,prefill,-1,O,self,1465,248932800,3889575,0.015625
,,vlm.layer.8.qk,prefill,-1,A,self,1465,248932800,3889575,0.015625
,,vlm.layer.8.qk,prefill,-1,B,self,1465,248932800,5694183,0.0228743781454272
,,vlm.layer.8.qk,prefill,-1,O,self,1465,688454775,3889575,0.005649717514124294
,,vlm.layer.9.pv,prefill,-1,A,self,1465,688454775,3889575,0.005649717514124294
,,vlm.layer.9.pv,prefill,-1,B,self,1465,248932800,4611915,0.01852674697749754
,,vlm.layer.9.pv,prefill,-1,O,self,1465,248932800,3889575,0.015625
,,vlm.layer.9.qk,prefill,-1,A,self,1465,248932800,3889575,0.015625
,,vlm.layer.9.qk,prefill,-1,B,self,1465,248932800,6439434,0.02586816200998824
,,vlm.layer.9.qk,prefill,-1,O,self,1465,688454775,3889575,0.005649717514124294
,,vlm.layers.0.mlp.down_proj,prefill,-1,activation,unknown,1465,663820800,6482625,0.009765625
,,vlm.layers.0.mlp.down_proj,prefill,-1,output,unknown,1465,248932800,2333745,0.009375
,,vlm.layers.0.mlp.down_proj,prefill,-1,weight_runtime_mask,unknown,1465,3600384000,71180096,0.01977014007394767
,,vlm.layers.0.mlp.gate_proj,prefill,-1,activation,unknown,1465,248932800,2333745,0.009375
,,vlm.layers.0.mlp.gate_proj,prefill,-1,output,unknown,1465,663820800,6482625,0.009765625
,,vlm.layers.0.mlp.gate_proj,prefill,-1,weight_runtime_mask,unknown,1465,3600384000,70285039,0.01952153964688211
,,vlm.layers.0.mlp.up_proj,prefill,-1,activation,unknown,1465,248932800,2333745,0.009375
,,vlm.layers.0.mlp.up_proj,prefill,-1,output,unknown,1465,663820800,6482625,0.009765625
,,vlm.layers.0.mlp.up_proj,prefill,-1,weight_runtime_mask,unknown,1465,3600384000,70198840,0.019497598033987484
,,vlm.layers.0.self_attn.k_proj,prefill,-1,activation,self,1465,248932800,2333745,0.009375
,,vlm.layers.0.self_attn.k_proj,prefill,-1,output,self,1465,82977600,777915,0.009375
,,vlm.layers.0.self_attn.k_proj,prefill,-1,weight_runtime_mask,self,1465,450048000,8281050,0.018400370627133105
,,vlm.layers.0.self_attn.o_proj,prefill,-1,activation,unknown,1465,248932800,2333745,0.009375
,,vlm.layers.0.self_attn.o_proj,prefill,-1,output,unknown,1465,248932800,2333745,0.009375
,,vlm.layers.0.self_attn.o_proj,prefill,-1,weight_runtime_mask,unknown,1465,1350144000,25510646,0.01889475937381494
,,vlm.layers.0.self_attn.q_proj,prefill,-1,activation,self,1465,248932800,2333745,0.009375
,,vlm.layers.0.self_attn.q_proj,prefill,-1,output,self,1465,248932800,2333745,0.009375
,,vlm.layers.0.self_attn.q_proj,prefill,-1,weight_runtime_mask,self,1465,1350144000,24286644,0.01798818792662116
,,vlm.layers.0.self_attn.v_proj,prefill,-1,activation,self,1465,248932800,2333745,0.009375
,,vlm.layers.0.self_attn.v_proj,prefill,-1,output,self,1465,82977600,777915,0.009375
,,vlm.layers.0.self_attn.v_proj,prefill,-1,weight_runtime_mask,self,1465,450048000,8773450,0.019494476144766782
,,vlm.layers.1.mlp.down_proj,prefill,-1,activation,unknown,1465,663820800,6482625,0.009765625
,,vlm.layers.1.mlp.down_proj,prefill,-1,output,unknown,1465,248932800,2333745,0.009375
,,vlm.layers.1.mlp.down_proj,prefill,-1,weight_runtime_mask,unknown,1465,3600384000,71990367,0.0199951913462564
,,vlm.layers.1.mlp.gate_proj,prefill,-1,activation,unknown,1465,248932800,2333745,0.009375
,,vlm.layers.1.mlp.gate_proj,prefill,-1,output,unknown,1465,663820800,6482625,0.009765625
,,vlm.layers.1.mlp.gate_proj,prefill,-1,weight_runtime_mask,unknown,1465,3600384000,69425914,0.019282919266389364
,,vlm.layers.1.mlp.up_proj,prefill,-1,activation,unknown,1465,248932800,2333745,0.009375
,,vlm.layers.1.mlp.up_proj,prefill,-1,output,unknown,1465,663820800,6482625,0.009765625
,,vlm.layers.1.mlp.up_proj,prefill,-1,weight_runtime_mask,unknown,1465,3600384000,70664329,0.019626886743191838
,,vlm.layers.1.self_attn.k_proj,prefill,-1,activation,self,1465,248932800,2333745,0.009375
,,vlm.layers.1.self_attn.k_proj,prefill,-1,output,self,1465,82977600,777915,0.009375
,,vlm.layers.1.self_attn.k_proj,prefill,-1,weight_runtime_mask,self,1465,450048000,8789074,0.01952919244169511
,,vlm.layers.1.self_attn.o_proj,prefill,-1,activation,unknown,1465,248932800,2333745,0.009375
,,vlm.layers.1.self_attn.o_proj,prefill,-1,output,unknown,1465,248932800,2333745,0.009375
,,vlm.layers.1.self_attn.o_proj,prefill,-1,weight_runtime_mask,unknown,1465,1350144000,26422899,0.019570430265216154
,,vlm.layers.1.self_attn.q_proj,prefill,-1,activation,self,1465,248932800,2333745,0.009375
,,vlm.layers.1.self_attn.q_proj,prefill,-1,output,self,1465,248932800,2333745,0.009375
,,vlm.layers.1.self_attn.q_proj,prefill,-1,weight_runtime_mask,self,1465,1350144000,26004983,0.01926089587481039
,,vlm.layers.1.self_attn.v_proj,prefill,-1,activation,self,1465,248932800,2333745,0.009375
,,vlm.layers.1.self_attn.v_proj,prefill,-1,output,self,1465,82977600,777915,0.009375
,,vlm.layers.1.self_attn.v_proj,prefill,-1,weight_runtime_mask,self,1465,450048000,8727765,0.019392964750426622
,,vlm.layers.10.mlp.down_proj,prefill,-1,activation,unknown,1465,663820800,6482625,0.009765625
,,vlm.layers.10.mlp.down_proj,prefill,-1,output,unknown,1465,248932800,2333745,0.009375
,,vlm.layers.10.mlp.down_proj,prefill,-1,weight_runtime_mask,unknown,1465,3600384000,71418999,0.019836494940539677
,,vlm.layers.10.mlp.gate_proj,prefill,-1,activation,unknown,1465,248932800,2333745,0.009375
,,vlm.layers.10.mlp.gate_proj,prefill,-1,output,unknown,1465,663820800,6482625,0.009765625
,,vlm.layers.10.mlp.gate_proj,prefill,-1,weight_runtime_mask,unknown,1465,3600384000,69688980,0.019355985361561433
,,vlm.layers.10.mlp.up_proj,prefill,-1,activation,unknown,1465,248932800,2333745,0.009375
,,vlm.layers.10.mlp.up_proj,prefill,-1,output,unknown,1465,663820800,6482625,0.009765625
,,vlm.layers.10.mlp.up_proj,prefill,-1,weight_runtime_mask,unknown,1465,3600384000,69824263,0.019393559964714875
,,vlm.layers.10.self_attn.k_proj,prefill,-1,activation,self,1465,248932800,2333745,0.009375
,,vlm.layers.10.self_attn.k_proj,prefill,-1,output,self,1465,82977600,777915,0.009375
,,vlm.layers.10.self_attn.k_proj,prefill,-1,weight_runtime_mask,self,1465,450048000,8658525,0.019239114494453924
,,vlm.layers.10.self_attn.o_proj,prefill,-1,activation,unknown,1465,248932800,2333745,0.009375
,,vlm.layers.10.self_attn.o_proj,prefill,-1,output,unknown,1465,248932800,2333745,0.009375
,,vlm.layers.10.self_attn.o_proj,prefill,-1,weight_runtime_mask,unknown,1465,1350144000,26187821,0.019396316985447477
,,vlm.layers.10.self_attn.q_proj,prefill,-1,activation,self,1465,248932800,2333745,0.009375
,,vlm.layers.10.self_attn.q_proj,prefill,-1,output,self,1465,248932800,2333745,0.009375
,,vlm.layers.10.self_attn.q_proj,prefill,-1,weight_runtime_mask,self,1465,1350144000,25903897,0.019186025342481986
,,vlm.layers.10.self_attn.v_proj,prefill,-1,activation,self,1465,248932800,2333745,0.009375
,,vlm.layers.10.self_attn.v_proj,prefill,-1,output,self,1465,82977600,777915,0.009375
,,vlm.layers.10.self_attn.v_proj,prefill,-1,weight_runtime_mask,self,1465,450048000,8724483,0.01938567219496587
,,vlm.layers.11.mlp.down_proj,prefill,-1,activation,unknown,1465,663820800,6482625,0.009765625
,,vlm.layers.11.mlp.down_proj,prefill,-1,output,unknown,1465,248932800,2333745,0.009375
,,vlm.layers.11.mlp.down_proj,prefill,-1,weight_runtime_mask,unknown,1465,3600384000,70746969,0.019649839850415955
,,vlm.layers.11.mlp.gate_proj,prefill,-1,activation,unknown,1465,248932800,2333745,0.009375
,,vlm.layers.11.mlp.gate_proj,prefill,-1,output,unknown,1465,663820800,6482625,0.009765625
,,vlm.layers.11.mlp.gate_proj,prefill,-1,weight_runtime_mask,unknown,1465,3600384000,69919139,0.019419911598318403
,,vlm.layers.11.mlp.up_proj,prefill,-1,activation,unknown,1465,248932800,2333745,0.009375
,,vlm.layers.11.mlp.up_proj,prefill,-1,output,unknown,1465,663820800,6482625,0.009765625
,,vlm.layers.11.mlp.up_proj,prefill,-1,weight_runtime_mask,unknown,1465,3600384000,69979049,0.01943655149006328
,,vlm.layers.11.self_attn.k_proj,prefill,-1,activation,self,1465,248932800,2333745,0.009375
,,vlm.layers.11.self_attn.k_proj,prefill,-1,output,self,1465,82977600,777915,0.009375
,,vlm.layers.11.self_attn.k_proj,prefill,-1,weight_runtime_mask,self,1465,450048000,8654375,0.01922989325583049
,,vlm.layers.11.self_attn.o_proj,prefill,-1,activation,unknown,1465,248932800,2333745,0.009375
,,vlm.layers.11.self_attn.o_proj,prefill,-1,output,unknown,1465,248932800,2333745,0.009375
,,vlm.layers.11.self_attn.o_proj,prefill,-1,weight_runtime_mask,unknown,1465,1350144000,26134406,0.019356754538775122
,,vlm.layers.11.self_attn.q_proj,prefill,-1,activation,self,1465,248932800,2333745,0.009375
,,vlm.layers.11.self_attn.q_proj,prefill,-1,output,self,1465,248932800,2333745,0.009375
,,vlm.layers.11.self_attn.q_proj,prefill,-1,weight_runtime_mask,self,1465,1350144000,25961243,0.01922849933044179
,,vlm.layers.11.self_attn.v_proj,prefill,-1,activation,self,1465,248932800,2333745,0.009375
,,vlm.layers.11.self_attn.v_proj,prefill,-1,output,self,1465,82977600,777915,0.009375
,,vlm.layers.11.self_attn.v_proj,prefill,-1,weight_runtime_mask,self,1465,450048000,8863375,0.019694288164817976
,,vlm.layers.12.mlp.down_proj,prefill,-1,activation,unknown,1465,663820800,6482625,0.009765625
,,vlm.layers.12.mlp.down_proj,prefill,-1,output,unknown,1465,248932800,2333745,0.009375
,,vlm.layers.12.mlp.down_proj,prefill,-1,weight_runtime_mask,unknown,1465,3600384000,71824886,0.01994922930442975
,,vlm.layers.12.mlp.gate_proj,prefill,-1,activation,unknown,1465,248932800,2333745,0.009375
,,vlm.layers.12.mlp.gate_proj,prefill,-1,output,unknown,1465,663820800,6482625,0.009765625
,,vlm.layers.12.mlp.gate_proj,prefill,-1,weight_runtime_mask,unknown,1465,3600384000,69809617,0.019389492065290812
,,vlm.layers.12.mlp.up_proj,prefill,-1,activation,unknown,1465,248932800,2333745,0.009375
,,vlm.layers.12.mlp.up_proj,prefill,-1,output,unknown,1465,663820800,6482625,0.009765625
,,vlm.layers.12.mlp.up_proj,prefill,-1,weight_runtime_mask,unknown,1465,3600384000,70129905,0.019478451465177047
,,vlm.layers.12.self_attn.k_proj,prefill,-1,activation,self,1465,248932800,2333745,0.009375
,,vlm.layers.12.self_attn.k_proj,prefill,-1,output,self,1465,82977600,777915,0.009375
,,vlm.layers.12.self_attn.k_proj,prefill,-1,weight_runtime_mask,self,1465,450048000,8666676,0.019257225895904437
,,vlm.layers.12.self_attn.o_proj,prefill,-1,activation,unknown,1465,248932800,2333745,0.009375
,,vlm.layers.12.self_attn.o_proj,prefill,-1,output,unknown,1465,248932800,2333745,0.009375
,,vlm.layers.12.self_attn.o_proj,prefill,-1,weight_runtime_mask,unknown,1465,1350144000,26367379,0.01952930872558779
,,vlm.layers.12.self_attn.q_proj,prefill,-1,activation,self,1465,248932800,2333745,0.009375
,,vlm.layers.12.self_attn.q_proj,prefill,-1,output,self,1465,248932800,2333745,0.009375
,,vlm.layers.12.self_attn.q_proj,prefill,-1,weight_runtime_mask,self,1465,1350144000,25821766,0.01912519405337505
,,vlm.layers.12.self_attn.v_proj,prefill,-1,activation,self,1465,248932800,2333745,0.009375
,,vlm.layers.12.self_attn.v_proj,prefill,-1,output,self,1465,82977600,777915,0.009375
,,vlm.layers.12.self_attn.v_proj,prefill,-1,weight_runtime_mask,self,1465,450048000,8824369,0.019607617409698522
,,vlm.layers.13.mlp.down_proj,prefill,-1,activation,unknown,1465,663820800,6482625,0.009765625
,,vlm.layers.13.mlp.down_proj,prefill,-1,output,unknown,1465,248932800,2333745,0.009375
,,vlm.layers.13.mlp.down_proj,prefill,-1,weight_runtime_mask,unknown,1465,3600384000,71577567,0.01988053690939633
,,vlm.layers.13.mlp.gate_proj,prefill,-1,activation,unknown,1465,248932800,2333745,0.009375
,,vlm.layers.13.mlp.gate_proj,prefill,-1,output,unknown,1465,663820800,6482625,0.009765625
,,vlm.layers.13.mlp.gate_proj,prefill,-1,weight_runtime_mask,unknown,1465,3600384000,69446705,0.019288693928203215
,,vlm.layers.13.mlp.up_proj,prefill,-1,activation,unknown,1465,248932800,2333745,0.009375
,,vlm.layers.13.mlp.up_proj,prefill,-1,output,unknown,1465,663820800,6482625,0.009765625
,,vlm.layers.13.mlp.up_proj,prefill,-1,weight_runtime_mask,unknown,1465,3600384000,70194455,0.019496380108343998
,,vlm.layers.13.self_attn.k_proj,prefill,-1,activation,self,1465,248932800,2333745,0.009375
,,vlm.layers.13.self_attn.k_proj,prefill,-1,output,self,1465,82977600,777915,0.009375
,,vlm.layers.13.self_attn.k_proj,prefill,-1,weight_runtime_mask,self,1465,450048000,8731032,0.019400223976109215
,,vlm.layers.13.self_attn.o_proj,prefill,-1,activation,unknown,1465,248932800,2333745,0.009375
,,vlm.layers.13.self_attn.o_proj,prefill,-1,output,unknown,1465,248932800,2333745,0.009375
,,vlm.layers.13.self_attn.o_proj,prefill,-1,weight_runtime_mask,unknown,1465,1350144000,26276369,0.019461901100919606
,,vlm.layers.13.self_attn.q_proj,prefill,-1,activation,self,1465,248932800,2333745,0.009375
,,vlm.layers.13.self_attn.q_proj,prefill,-1,output,self,1465,248932800,2333745,0.009375
,,vlm.layers.13.self_attn.q_proj,prefill,-1,weight_runtime_mask,self,1465,1350144000,26018197,0.01927068297900076
,,vlm.layers.13.self_attn.v_proj,prefill,-1,activation,self,1465,248932800,2333745,0.009375
,,vlm.layers.13.self_attn.v_proj,prefill,-1,output,self,1465,82977600,777915,0.009375
,,vlm.layers.13.self_attn.v_proj,prefill,-1,weight_runtime_mask,self,1465,450048000,8761258,0.019467385701080774
,,vlm.layers.14.mlp.down_proj,prefill,-1,activation,unknown,1465,663820800,6482625,0.009765625
,,vlm.layers.14.mlp.down_proj,prefill,-1,output,unknown,1465,248932800,2333745,0.009375
,,vlm.layers.14.mlp.down_proj,prefill,-1,weight_runtime_mask,unknown,1465,3600384000,71193596,0.01977388967399033
,,vlm.layers.14.mlp.gate_proj,prefill,-1,activation,unknown,1465,248932800,2333745,0.009375
,,vlm.layers.14.mlp.gate_proj,prefill,-1,output,unknown,1465,663820800,6482625,0.009765625
,,vlm.layers.14.mlp.gate_proj,prefill,-1,weight_runtime_mask,unknown,1465,3600384000,69184925,0.019215985017153724
,,vlm.layers.14.mlp.up_proj,prefill,-1,activation,unknown,1465,248932800,2333745,0.009375
,,vlm.layers.14.mlp.up_proj,prefill,-1,output,unknown,1465,663820800,6482625,0.009765625
,,vlm.layers.14.mlp.up_proj,prefill,-1,weight_runtime_mask,unknown,1465,3600384000,69847962,0.019400142318152732
,,vlm.layers.14.self_attn.k_proj,prefill,-1,activation,self,1465,248932800,2333745,0.009375
,,vlm.layers.14.self_attn.k_proj,prefill,-1,output,self,1465,82977600,777915,0.009375
,,vlm.layers.14.self_attn.k_proj,prefill,-1,weight_runtime_mask,self,1465,450048000,8674340,0.019274255190557452
,,vlm.layers.14.self_attn.o_proj,prefill,-1,activation,unknown,1465,248932800,2333745,0.009375
,,vlm.layers.14.self_attn.o_proj,prefill,-1,output,unknown,1465,248932800,2333745,0.009375
,,vlm.layers.14.self_attn.o_proj,prefill,-1,weight_runtime_mask,unknown,1465,1350144000,26398028,0.01955200926715965
,,vlm.layers.14.self_attn.q_proj,prefill,-1,activation,self,1465,248932800,2333745,0.009375
,,vlm.layers.14.self_attn.q_proj,prefill,-1,output,self,1465,248932800,2333745,0.009375
,,vlm.layers.14.self_attn.q_proj,prefill,-1,weight_runtime_mask,self,1465,1350144000,25995590,0.01925393883911642
,,vlm.layers.14.self_attn.v_proj,prefill,-1,activation,self,1465,248932800,2333745,0.009375
,,vlm.layers.14.self_attn.v_proj,prefill,-1,output,self,1465,82977600,777915,0.009375
,,vlm.layers.14.self_attn.v_proj,prefill,-1,weight_runtime_mask,self,1465,450048000,8791486,0.019534551870022752
,,vlm.layers.15.mlp.down_proj,prefill,-1,activation,unknown,1465,663820800,6482625,0.009765625
,,vlm.layers.15.mlp.down_proj,prefill,-1,output,unknown,1465,248932800,2333745,0.009375
,,vlm.layers.15.mlp.down_proj,prefill,-1,weight_runtime_mask,unknown,1465,3600384000,71778788,0.01993642567015074
,,vlm.layers.15.mlp.gate_proj,prefill,-1,activation,unknown,1465,248932800,2333745,0.009375
,,vlm.layers.15.mlp.gate_proj,prefill,-1,output,unknown,1465,663820800,6482625,0.009765625
,,vlm.layers.15.mlp.gate_proj,prefill,-1,weight_runtime_mask,unknown,1465,3600384000,70210939,0.019500958508870164
,,vlm.layers.15.mlp.up_proj,prefill,-1,activation,unknown,1465,248932800,2333745,0.009375
,,vlm.layers.15.mlp.up_proj,prefill,-1,output,unknown,1465,663820800,6482625,0.009765625
,,vlm.layers.15.mlp.up_proj,prefill,-1,weight_runtime_mask,unknown,1465,3600384000,70384466,0.01954915531232224
,,vlm.layers.15.self_attn.k_proj,prefill,-1,activation,self,1465,248932800,2333745,0.009375
,,vlm.layers.15.self_attn.k_proj,prefill,-1,output,self,1465,82977600,777915,0.009375
,,vlm.layers.15.self_attn.k_proj,prefill,-1,weight_runtime_mask,self,1465,450048000,8706498,0.01934570979095563
,,vlm.layers.15.self_attn.o_proj,prefill,-1,activation,unknown,1465,248932800,2333745,0.009375
,,vlm.layers.15.self_attn.o_proj,prefill,-1,output,unknown,1465,248932800,2333745,0.009375
,,vlm.layers.15.self_attn.o_proj,prefill,-1,weight_runtime_mask,unknown,1465,1350144000,26272777,0.01945924064396094
,,vlm.layers.15.self_attn.q_proj,prefill,-1,activation,self,1465,248932800,2333745,0.009375
,,vlm.layers.15.self_attn.q_proj,prefill,-1,output,self,1465,248932800,2333745,0.009375
,,vlm.layers.15.self_attn.q_proj,prefill,-1,weight_runtime_mask,self,1465,1350144000,26000774,0.019257778429560106
,,vlm.layers.15.self_attn.v_proj,prefill,-1,activation,self,1465,248932800,2333745,0.009375
,,vlm.layers.15.self_attn.v_proj,prefill,-1,output,self,1465,82977600,777915,0.009375
,,vlm.layers.15.self_attn.v_proj,prefill,-1,weight_runtime_mask,self,1465,450048000,8789881,0.019530985583759954
,,vlm.layers.2.mlp.down_proj,prefill,-1,activation,unknown,1465,663820800,6482625,0.009765625
,,vlm.layers.2.mlp.down_proj,prefill,-1,output,unknown,1465,248932800,2333745,0.009375
,,vlm.layers.2.mlp.down_proj,prefill,-1,weight_runtime_mask,unknown,1465,3600384000,71738989,0.01992537157147682
,,vlm.layers.2.mlp.gate_proj,prefill,-1,activation,unknown,1465,248932800,2333745,0.009375
,,vlm.layers.2.mlp.gate_proj,prefill,-1,output,unknown,1465,663820800,6482625,0.009765625
,,vlm.layers.2.mlp.gate_proj,prefill,-1,weight_runtime_mask,unknown,1465,3600384000,70453256,0.01956826160765074
,,vlm.layers.2.mlp.up_proj,prefill,-1,activation,unknown,1465,248932800,2333745,0.009375
,,vlm.layers.2.mlp.up_proj,prefill,-1,output,unknown,1465,663820800,6482625,0.009765625
,,vlm.layers.2.mlp.up_proj,prefill,-1,weight_runtime_mask,unknown,1465,3600384000,70316568,0.01953029676834471
,,vlm.layers.2.self_attn.k_proj,prefill,-1,activation,self,1465,248932800,2333745,0.009375
,,vlm.layers.2.self_attn.k_proj,prefill,-1,output,self,1465,82977600,777915,0.009375
,,vlm.layers.2.self_attn.k_proj,prefill,-1,weight_runtime_mask,self,1465,450048000,8632092,0.019180380759385666
,,vlm.layers.2.self_attn.o_proj,prefill,-1,activation,unknown,1465,248932800,2333745,0.009375
,,vlm.layers.2.self_attn.o_proj,prefill,-1,output,unknown,1465,248932800,2333745,0.009375
,,vlm.layers.2.self_attn.o_proj,prefill,-1,weight_runtime_mask,unknown,1465,1350144000,26238781,0.019434061107555935
,,vlm.layers.2.self_attn.q_proj,prefill,-1,activation,self,1465,248932800,2333745,0.009375
,,vlm.layers.2.self_attn.q_proj,prefill,-1,output,self,1465,248932800,2333745,0.009375
,,vlm.layers.2.self_attn.q_proj,prefill,-1,weight_runtime_mask,self,1465,1350144000,25882000,0.01916980707243079
,,vlm.layers.2.self_attn.v_proj,prefill,-1,activation,self,1465,248932800,2333745,0.009375
,,vlm.layers.2.self_attn.v_proj,prefill,-1,output,self,1465,82977600,777915,0.009375
,,vlm.layers.2.self_attn.v_proj,prefill,-1,weight_runtime_mask,self,1465,450048000,8814730,0.019586199694254836
,,vlm.layers.3.mlp.down_proj,prefill,-1,activation,unknown,1465,663820800,6482625,0.009765625
,,vlm.layers.3.mlp.down_proj,prefill,-1,output,unknown,1465,248932800,2333745,0.009375
,,vlm.layers.3.mlp.down_proj,prefill,-1,weight_runtime_mask,unknown,1465,3600384000,71202647,0.01977640357250782
,,vlm.layers.3.mlp.gate_proj,prefill,-1,activation,unknown,1465,248932800,2333745,0.009375
,,vlm.layers.3.mlp.gate_proj,prefill,-1,output,unknown,1465,663820800,6482625,0.009765625
,,vlm.layers.3.mlp.gate_proj,prefill,-1,weight_runtime_mask,unknown,1465,3600384000,69255732,0.01923565153050341
,,vlm.layers.3.mlp.up_proj,prefill,-1,activation,unknown,1465,248932800,2333745,0.009375
,,vlm.layers.3.mlp.up_proj,prefill,-1,output,unknown,1465,663820800,6482625,0.009765625
,,vlm.layers.3.mlp.up_proj,prefill,-1,weight_runtime_mask,unknown,1465,3600384000,70322391,0.01953191409582978
,,vlm.layers.3.self_attn.k_proj,prefill,-1,activation,self,1465,248932800,2333745,0.009375
,,vlm.layers.3.self_attn.k_proj,prefill,-1,output,self,1465,82977600,777915,0.009375
,,vlm.layers.3.self_attn.k_proj,prefill,-1,weight_runtime_mask,self,1465,450048000,8739604,0.019419270833333332
,,vlm.layers.3.self_attn.o_proj,prefill,-1,activation,unknown,1465,248932800,2333745,0.009375
,,vlm.layers.3.self_attn.o_proj,prefill,-1,output,unknown,1465,248932800,2333745,0.009375
,,vlm.layers.3.self_attn.o_proj,prefill,-1,weight_runtime_mask,unknown,1465,1350144000,26206399,0.01941007699919416
,,vlm.layers.3.self_attn.q_proj,prefill,-1,activation,self,1465,248932800,2333745,0.009375
,,vlm.layers.3.self_attn.q_proj,prefill,-1,output,self,1465,248932800,2333745,0.009375
,,vlm.layers.3.self_attn.q_proj,prefill,-1,weight_runtime_mask,self,1465,1350144000,26076058,0.019313538407755026
,,vlm.layers.3.self_attn.v_proj,prefill,-1,activation,self,1465,248932800,2333745,0.009375
,,vlm.layers.3.self_attn.v_proj,prefill,-1,output,self,1465,82977600,777915,0.009375
,,vlm.layers.3.self_attn.v_proj,prefill,-1,weight_runtime_mask,self,1465,450048000,8791760,0.019535160693970422
,,vlm.layers.4.mlp.down_proj,prefill,-1,activation,unknown,1465,663820800,6482625,0.009765625
,,vlm.layers.4.mlp.down_proj,prefill,-1,output,unknown,1465,248932800,2333745,0.009375
,,vlm.layers.4.mlp.down_proj,prefill,-1,weight_runtime_mask,unknown,1465,3600384000,71102199,0.019748504326205205
,,vlm.layers.4.mlp.gate_proj,prefill,-1,activation,unknown,1465,248932800,2333745,0.009375
,,vlm.layers.4.mlp.gate_proj,prefill,-1,output,unknown,1465,663820800,6482625,0.009765625
,,vlm.layers.4.mlp.gate_proj,prefill,-1,weight_runtime_mask,unknown,1465,3600384000,70068815,0.019461483830613625
,,vlm.layers.4.mlp.up_proj,prefill,-1,activation,unknown,1465,248932800,2333745,0.009375
,,vlm.layers.4.mlp.up_proj,prefill,-1,output,unknown,1465,663820800,6482625,0.009765625
,,vlm.layers.4.mlp.up_proj,prefill,-1,weight_runtime_mask,unknown,1465,3600384000,70568434,0.019600252084222128
,,vlm.layers.4.self_attn.k_proj,prefill,-1,activation,self,1465,248932800,2333745,0.009375
,,vlm.layers.4.self_attn.k_proj,prefill,-1,output,self,1465,82977600,777915,0.009375
,,vlm.layers.4.self_attn.k_proj,prefill,-1,weight_runtime_mask,self,1465,450048000,8689842,0.0193087004052901
,,vlm.layers.4.self_attn.o_proj,prefill,-1,activation,unknown,1465,248932800,2333745,0.009375
,,vlm.layers.4.self_attn.o_proj,prefill,-1,output,unknown,1465,248932800,2333745,0.009375
,,vlm.layers.4.self_attn.o_proj,prefill,-1,weight_runtime_mask,unknown,1465,1350144000,26087856,0.019322276734926053
,,vlm.layers.4.self_attn.q_proj,prefill,-1,activation,self,1465,248932800,2333745,0.009375
,,vlm.layers.4.self_attn.q_proj,prefill,-1,output,self,1465,248932800,2333745,0.009375
,,vlm.layers.4.self_attn.q_proj,prefill,-1,weight_runtime_mask,self,1465,1350144000,26002722,0.019259221238623437
,,vlm.layers.4.self_attn.v_proj,prefill,-1,activation,self,1465,248932800,2333745,0.009375
,,vlm.layers.4.self_attn.v_proj,prefill,-1,output,self,1465,82977600,777915,0.009375
,,vlm.layers.4.self_attn.v_proj,prefill,-1,weight_runtime_mask,self,1465,450048000,8775334,0.0194986623649033
,,vlm.layers.5.mlp.down_proj,prefill,-1,activation,unknown,1465,663820800,6482625,0.009765625
,,vlm.layers.5.mlp.down_proj,prefill,-1,output,unknown,1465,248932800,2333745,0.009375
,,vlm.layers.5.mlp.down_proj,prefill,-1,weight_runtime_mask,unknown,1465,3600384000,71239186,0.019786552212208475
,,vlm.layers.5.mlp.gate_proj,prefill,-1,activation,unknown,1465,248932800,2333745,0.009375
,,vlm.layers.5.mlp.gate_proj,prefill,-1,output,unknown,1465,663820800,6482625,0.009765625
,,vlm.layers.5.mlp.gate_proj,prefill,-1,weight_runtime_mask,unknown,1465,3600384000,69962754,0.019432025583937713
,,vlm.layers.5.mlp.up_proj,prefill,-1,activation,unknown,1465,248932800,2333745,0.009375
,,vlm.layers.5.mlp.up_proj,prefill,-1,output,unknown,1465,663820800,6482625,0.009765625
,,vlm.layers.5.mlp.up_proj,prefill,-1,weight_runtime_mask,unknown,1465,3600384000,69942606,0.019426429514185155
,,vlm.layers.5.self_attn.k_proj,prefill,-1,activation,self,1465,248932800,2333745,0.009375
,,vlm.layers.5.self_attn.k_proj,prefill,-1,output,self,1465,82977600,777915,0.009375
,,vlm.layers.5.self_attn.k_proj,prefill,-1,weight_runtime_mask,self,1465,450048000,8650630,0.019221571921217293
,,vlm.layers.5.self_attn.o_proj,prefill,-1,activation,unknown,1465,248932800,2333745,0.009375
,,vlm.layers.5.self_attn.o_proj,prefill,-1,output,unknown,1465,248932800,2333745,0.009375
,,vlm.layers.5.self_attn.o_proj,prefill,-1,weight_runtime_mask,unknown,1465,1350144000,26464630,0.01960133882015548
,,vlm.layers.5.self_attn.q_proj,prefill,-1,activation,self,1465,248932800,2333745,0.009375
,,vlm.layers.5.self_attn.q_proj,prefill,-1,output,self,1465,248932800,2333745,0.009375
,,vlm.layers.5.self_attn.q_proj,prefill,-1,weight_runtime_mask,self,1465,1350144000,25944436,0.01921605102863102
,,vlm.layers.5.self_attn.v_proj,prefill,-1,activation,self,1465,248932800,2333745,0.009375
,,vlm.layers.5.self_attn.v_proj,prefill,-1,output,self,1465,82977600,777915,0.009375
,,vlm.layers.5.self_attn.v_proj,prefill,-1,weight_runtime_mask,self,1465,450048000,8817753,0.019592916755546076
,,vlm.layers.6.mlp.down_proj,prefill,-1,activation,unknown,1465,663820800,6482625,0.009765625
,,vlm.layers.6.mlp.down_proj,prefill,-1,output,unknown,1465,248932800,2333745,0.009375
,,vlm.layers.6.mlp.down_proj,prefill,-1,weight_runtime_mask,unknown,1465,3600384000,71204174,0.019776827693934868
,,vlm.layers.6.mlp.gate_proj,prefill,-1,activation,unknown,1465,248932800,2333745,0.009375
,,vlm.layers.6.mlp.gate_proj,prefill,-1,output,unknown,1465,663820800,6482625,0.009765625
,,vlm.layers.6.mlp.gate_proj,prefill,-1,weight_runtime_mask,unknown,1465,3600384000,69417996,0.019280720056527305
,,vlm.layers.6.mlp.up_proj,prefill,-1,activation,unknown,1465,248932800,2333745,0.009375
,,vlm.layers.6.mlp.up_proj,prefill,-1,output,unknown,1465,663820800,6482625,0.009765625
,,vlm.layers.6.mlp.up_proj,prefill,-1,weight_runtime_mask,unknown,1465,3600384000,70009276,0.019444946983432878
,,vlm.layers.6.self_attn.k_proj,prefill,-1,activation,self,1465,248932800,2333745,0.009375
,,vlm.layers.6.self_attn.k_proj,prefill,-1,output,self,1465,82977600,777915,0.009375
,,vlm.layers.6.self_attn.k_proj,prefill,-1,weight_runtime_mask,self,1465,450048000,8740886,0.01942211941837315
,,vlm.layers.6.self_attn.o_proj,prefill,-1,activation,unknown,1465,248932800,2333745,0.009375
,,vlm.layers.6.self_attn.o_proj,prefill,-1,output,unknown,1465,248932800,2333745,0.009375
,,vlm.layers.6.self_attn.o_proj,prefill,-1,weight_runtime_mask,unknown,1465,1350144000,26195277,0.019401839359357225
,,vlm.layers.6.self_attn.q_proj,prefill,-1,activation,self,1465,248932800,2333745,0.009375
,,vlm.layers.6.self_attn.q_proj,prefill,-1,output,self,1465,248932800,2333745,0.009375
,,vlm.layers.6.self_attn.q_proj,prefill,-1,weight_runtime_mask,self,1465,1350144000,26224582,0.019423544451554798
,,vlm.layers.6.self_attn.v_proj,prefill,-1,activation,self,1465,248932800,2333745,0.009375
,,vlm.layers.6.self_attn.v_proj,prefill,-1,output,self,1465,82977600,777915,0.009375
,,vlm.layers.6.self_attn.v_proj,prefill,-1,weight_runtime_mask,self,1465,450048000,8770516,0.019487956840159273
,,vlm.layers.7.mlp.down_proj,prefill,-1,activation,unknown,1465,663820800,6482625,0.009765625
,,vlm.layers.7.mlp.down_proj,prefill,-1,output,unknown,1465,248932800,2333745,0.009375
,,vlm.layers.7.mlp.down_proj,prefill,-1,weight_runtime_mask,unknown,1465,3600384000,70862397,0.019681899764025172
,,vlm.layers.7.mlp.gate_proj,prefill,-1,activation,unknown,1465,248932800,2333745,0.009375
,,vlm.layers.7.mlp.gate_proj,prefill,-1,output,unknown,1465,663820800,6482625,0.009765625
,,vlm.layers.7.mlp.gate_proj,prefill,-1,weight_runtime_mask,unknown,1465,3600384000,69496215,0.019302445239174487
,,vlm.layers.7.mlp.up_proj,prefill,-1,activation,unknown,1465,248932800,2333745,0.009375
,,vlm.layers.7.mlp.up_proj,prefill,-1,output,unknown,1465,663820800,6482625,0.009765625
,,vlm.layers.7.mlp.up_proj,prefill,-1,weight_runtime_mask,unknown,1465,3600384000,70754849,0.019652028505848265
,,vlm.layers.7.self_attn.k_proj,prefill,-1,activation,self,1465,248932800,2333745,0.009375
,,vlm.layers.7.self_attn.k_proj,prefill,-1,output,self,1465,82977600,777915,0.009375
,,vlm.layers.7.self_attn.k_proj,prefill,-1,weight_runtime_mask,self,1465,450048000,8631451,0.019178956466865755
,,vlm.layers.7.self_attn.o_proj,prefill,-1,activation,unknown,1465,248932800,2333745,0.009375
,,vlm.layers.7.self_attn.o_proj,prefill,-1,output,unknown,1465,248932800,2333745,0.009375
,,vlm.layers.7.self_attn.o_proj,prefill,-1,weight_runtime_mask,unknown,1465,1350144000,26175869,0.01938746459636898
,,vlm.layers.7.self_attn.q_proj,prefill,-1,activation,self,1465,248932800,2333745,0.009375
,,vlm.layers.7.self_attn.q_proj,prefill,-1,output,self,1465,248932800,2333745,0.009375
,,vlm.layers.7.self_attn.q_proj,prefill,-1,weight_runtime_mask,self,1465,1350144000,25951601,0.01922135786997535
,,vlm.layers.7.self_attn.v_proj,prefill,-1,activation,self,1465,248932800,2333745,0.009375
,,vlm.layers.7.self_attn.v_proj,prefill,-1,output,self,1465,82977600,777915,0.009375
,,vlm.layers.7.self_attn.v_proj,prefill,-1,weight_runtime_mask,self,1465,450048000,8778338,0.01950533720847554
,,vlm.layers.8.mlp.down_proj,prefill,-1,activation,unknown,1465,663820800,6482625,0.009765625
,,vlm.layers.8.mlp.down_proj,prefill,-1,output,unknown,1465,248932800,2333745,0.009375
,,vlm.layers.8.mlp.down_proj,prefill,-1,weight_runtime_mask,unknown,1465,3600384000,70957226,0.019708238343465585
,,vlm.layers.8.mlp.gate_proj,prefill,-1,activation,unknown,1465,248932800,2333745,0.009375
,,vlm.layers.8.mlp.gate_proj,prefill,-1,output,unknown,1465,663820800,6482625,0.009765625
,,vlm.layers.8.mlp.gate_proj,prefill,-1,weight_runtime_mask,unknown,1465,3600384000,68342781,0.018982081078018343
,,vlm.layers.8.mlp.up_proj,prefill,-1,activation,unknown,1465,248932800,2333745,0.009375
,,vlm.layers.8.mlp.up_proj,prefill,-1,output,unknown,1465,663820800,6482625,0.009765625
,,vlm.layers.8.mlp.up_proj,prefill,-1,weight_runtime_mask,unknown,1465,3600384000,70903294,0.019693258830169227
,,vlm.layers.8.self_attn.k_proj,prefill,-1,activation,self,1465,248932800,2333745,0.009375
,,vlm.layers.8.self_attn.k_proj,prefill,-1,output,self,1465,82977600,777915,0.009375
,,vlm.layers.8.self_attn.k_proj,prefill,-1,weight_runtime_mask,self,1465,450048000,8693816,0.019317530574516496
,,vlm.layers.8.self_attn.o_proj,prefill,-1,activation,unknown,1465,248932800,2333745,0.009375
,,vlm.layers.8.self_attn.o_proj,prefill,-1,output,unknown,1465,248932800,2333745,0.009375
,,vlm.layers.8.self_attn.o_proj,prefill,-1,weight_runtime_mask,unknown,1465,1350144000,26093574,0.019326511838737202
,,vlm.layers.8.self_attn.q_proj,prefill,-1,activation,self,1465,248932800,2333745,0.009375
,,vlm.layers.8.self_attn.q_proj,prefill,-1,output,self,1465,248932800,2333745,0.009375
,,vlm.layers.8.self_attn.q_proj,prefill,-1,weight_runtime_mask,self,1465,1350144000,26108803,0.019337791376327264
,,vlm.layers.8.self_attn.v_proj,prefill,-1,activation,self,1465,248932800,2333745,0.009375
,,vlm.layers.8.self_attn.v_proj,prefill,-1,output,self,1465,82977600,777915,0.009375
,,vlm.layers.8.self_attn.v_proj,prefill,-1,weight_runtime_mask,self,1465,450048000,8823695,0.019606119791666668
,,vlm.layers.9.mlp.down_proj,prefill,-1,activation,unknown,1465,663820800,6482625,0.009765625
,,vlm.layers.9.mlp.down_proj,prefill,-1,output,unknown,1465,248932800,2333745,0.009375
,,vlm.layers.9.mlp.down_proj,prefill,-1,weight_runtime_mask,unknown,1465,3600384000,71175778,0.01976894075743032
,,vlm.layers.9.mlp.gate_proj,prefill,-1,activation,unknown,1465,248932800,2333745,0.009375
,,vlm.layers.9.mlp.gate_proj,prefill,-1,output,unknown,1465,663820800,6482625,0.009765625
,,vlm.layers.9.mlp.gate_proj,prefill,-1,weight_runtime_mask,unknown,1465,3600384000,69435088,0.019285467327929465
,,vlm.layers.9.mlp.up_proj,prefill,-1,activation,unknown,1465,248932800,2333745,0.009375
,,vlm.layers.9.mlp.up_proj,prefill,-1,output,unknown,1465,663820800,6482625,0.009765625
,,vlm.layers.9.mlp.up_proj,prefill,-1,weight_runtime_mask,unknown,1465,3600384000,70317854,0.01953065395246729
,,vlm.layers.9.self_attn.k_proj,prefill,-1,activation,self,1465,248932800,2333745,0.009375
,,vlm.layers.9.self_attn.k_proj,prefill,-1,output,self,1465,82977600,777915,0.009375
,,vlm.layers.9.self_attn.k_proj,prefill,-1,weight_runtime_mask,self,1465,450048000,8651213,0.019222867338594993
,,vlm.layers.9.self_attn.o_proj,prefill,-1,activation,unknown,1465,248932800,2333745,0.009375
,,vlm.layers.9.self_attn.o_proj,prefill,-1,output,unknown,1465,248932800,2333745,0.009375
,,vlm.layers.9.self_attn.o_proj,prefill,-1,weight_runtime_mask,unknown,1465,1350144000,26532640,0.019651711224876755
,,vlm.layers.9.self_attn.q_proj,prefill,-1,activation,self,1465,248932800,2333745,0.009375
,,vlm.layers.9.self_attn.q_proj,prefill,-1,output,self,1465,248932800,2333745,0.009375
,,vlm.layers.9.self_attn.q_proj,prefill,-1,weight_runtime_mask,self,1465,1350144000,26115827,0.019342993784366706
,,vlm.layers.9.self_attn.v_proj,prefill,-1,activation,self,1465,248932800,2333745,0.009375
,,vlm.layers.9.self_attn.v_proj,prefill,-1,output,self,1465,82977600,777915,0.009375
,,vlm.layers.9.self_attn.v_proj,prefill,-1,weight_runtime_mask,self,1465,450048000,8821779,0.01960186246800341
