config,model_path,module_id,phase,flow_step,tensor_role,attention_kind,op_type,calls,M,K,N,elements,bits,A_bitwidth,B_bitwidth,bit_sparsity,MACs,MAC_semantics,BOP_dense_proxy,BOP_active_proxy
,,vision.layers.0.self_attn.k_proj,prefill,-1,activation,self,linear,2930,1024,768,768,2304245760,9216983040,8,8,0.5335626828928178,603979776,linear_role_derived_v1,38654705664,8409863523.043056
,,vision.layers.0.self_attn.k_proj,prefill,-1,output,self,linear,2930,1024,768,768,2304245760,9216983040,8,8,0.5254145596214529,603979776,linear_role_derived_v1,38654705664,8706251162.485268
,,vision.layers.0.self_attn.v_proj,prefill,-1,activation,self,linear,2930,1024,768,768,2304245760,9216983040,8,8,0.5335626828928178,603979776,linear_role_derived_v1,38654705664,8409863523.043056
,,vision.layers.0.self_attn.v_proj,prefill,-1,output,self,linear,2930,1024,768,768,2304245760,9216983040,8,8,0.5274650616043663,603979776,linear_role_derived_v1,38654705664,8631180932.646484
,,vision.layers.0.self_attn.q_proj,prefill,-1,activation,self,linear,2930,1024,768,768,2304245760,9216983040,8,8,0.5335626828928178,603979776,linear_role_derived_v1,38654705664,8409863523.043056
,,vision.layers.0.self_attn.q_proj,prefill,-1,output,self,linear,2930,1024,768,768,2304245760,9216983040,8,8,0.5257803013164707,603979776,linear_role_derived_v1,38654705664,8692837299.304688
,,vision.layers.0.self_attn.out_proj,prefill,-1,activation,self,linear,2930,1024,768,768,2304245760,9216983040,8,8,0.5296326183757413,603979776,linear_role_derived_v1,38654705664,8552178665.213494
,,vision.layers.0.self_attn.out_proj,prefill,-1,output,self,linear,2930,1024,768,768,2304245760,9216983040,8,8,0.5242822409489862,603979776,linear_role_derived_v1,38654705664,8747845406.107971
,,vision.layer.0.qk,prefill,-1,A,self,matmul,2930,12288,64,1024,2304245760,9216983040,8,8,0.5281081275592756,805306368.0,matmul_physical_exact_v2,51539607552.0,11476939759.183384
,,vision.layer.0.qk,prefill,-1,B,self,matmul,2930,12288,64,1024,2304245760,9216983040,8,8,0.5317942105055669,805306368.0,matmul_physical_exact_v2,51539607552.0,11298340693.091774
,,vision.layer.0.qk,prefill,-1,O,self,matmul,2930,12288,64,1024,36867932160,147471728640,8,8,0.5071772130615204,805306368.0,matmul_physical_exact_v2,51539607552.0,12517646071.719229
,,vision.layer.0.pv,prefill,-1,A,self,matmul,2930,12288,1024,64,36867932160,147471728640,8,8,0.7123055081861147,805306368.0,matmul_physical_exact_v2,51539607552.0,4265836454.573961
,,vision.layer.0.pv,prefill,-1,B,self,matmul,2930,12288,1024,64,2304245760,9216983040,8,8,0.5318419883953698,805306368.0,matmul_physical_exact_v2,51539607552.0,11296034940.594477
,,vision.layer.0.pv,prefill,-1,O,self,matmul,2930,12288,1024,64,2304245760,9216983040,8,8,0.5305621308813866,805306368.0,matmul_physical_exact_v2,51539607552.0,11357881909.577164
,,vision.layers.0.mlp.fc1,prefill,-1,activation,unknown,linear,2930,1024,768,3072,2304245760,9216983040,8,8,0.530363900615358,2415919104,linear_role_derived_v1,154618822656,34102428468.27265
,,vision.layers.0.mlp.fc1,prefill,-1,output,unknown,linear,2930,4096,768,3072,9216983040,36867932160,8,8,0.4202648320431324,9663676416,linear_role_derived_v1,618475290624,207865132336.48572
,,vision.layers.0.mlp.fc2,prefill,-1,activation,unknown,linear,2930,1024,3072,768,9216983040,36867932160,8,8,0.38656223360046454,2415919104,linear_role_derived_v1,154618822656,58183974172.09512
,,vision.layers.0.mlp.fc2,prefill,-1,output,unknown,linear,2930,256,3072,768,2304245760,9216983040,8,8,0.5226725079229396,603979776,linear_role_derived_v1,38654705664,8807147461.575577
,,vision.layers.1.self_attn.k_proj,prefill,-1,activation,self,linear,2930,1024,768,768,2304245760,9216983040,8,8,0.5316930168724711,603979776,linear_role_derived_v1,38654705664,8477418792.641234
,,vision.layers.1.self_attn.k_proj,prefill,-1,output,self,linear,2930,1024,768,768,2304245760,9216983040,8,8,0.5262246694987951,603979776,linear_role_derived_v1,38654705664,8676553663.30109
,,vision.layers.1.self_attn.v_proj,prefill,-1,activation,self,linear,2930,1024,768,768,2304245760,9216983040,8,8,0.5316930168724711,603979776,linear_role_derived_v1,38654705664,8477418792.641234
,,vision.layers.1.self_attn.v_proj,prefill,-1,output,self,linear,2930,1024,768,768,2304245760,9216983040,8,8,0.5274951965193158,603979776,linear_role_derived_v1,38654705664,8630080097.180048
,,vision.layers.1.self_attn.q_proj,prefill,-1,activation,self,linear,2930,1024,768,768,2304245760,9216983040,8,8,0.5316930168724711,603979776,linear_role_derived_v1,38654705664,8477418792.641234
,,vision.layers.1.self_attn.q_proj,prefill,-1,output,self,linear,2930,1024,768,768,2304245760,9216983040,8,8,0.5286202642291072,603979776,linear_role_derived_v1,38654705664,8589031350.322833
,,vision.layers.1.self_attn.out_proj,prefill,-1,activation,self,linear,2930,1024,768,768,2304245760,9216983040,8,8,0.5271093570331664,603979776,linear_role_derived_v1,38654705664,8644180208.69401
,,vision.layers.1.self_attn.out_proj,prefill,-1,output,self,linear,2930,1024,768,768,2304245760,9216983040,8,8,0.5335876215304395,603979776,linear_role_derived_v1,38654705664,8408964259.950641
,,vision.layer.1.qk,prefill,-1,A,self,matmul,2930,12288,64,1024,2304245760,9216983040,8,8,0.5309424008661299,805306368.0,matmul_physical_exact_v2,51539607552.0,11339488369.01257
,,vision.layer.1.qk,prefill,-1,B,self,matmul,2930,12288,64,1024,2304245760,9216983040,8,8,0.5319491492739038,805306368.0,matmul_physical_exact_v2,51539607552.0,11290864231.31304
,,vision.layer.1.qk,prefill,-1,O,self,matmul,2930,12288,64,1024,36867932160,147471728640,8,8,0.5131642181786525,805306368.0,matmul_physical_exact_v2,51539607552.0,12215354890.172176
,,vision.layer.1.pv,prefill,-1,A,self,matmul,2930,12288,1024,64,36867932160,147471728640,8,8,0.7598450153150657,805306368.0,matmul_physical_exact_v2,51539607552.0,2972516800.911872
,,vision.layer.1.pv,prefill,-1,B,self,matmul,2930,12288,1024,64,2304245760,9216983040,8,8,0.5317279735387254,805306368.0,matmul_physical_exact_v2,51539607552.0,11301537666.603668
,,vision.layer.1.pv,prefill,-1,O,self,matmul,2930,12288,1024,64,2304245760,9216983040,8,8,0.5292787216629184,805306368.0,matmul_physical_exact_v2,51539607552.0,11420070059.611172
,,vision.layers.1.mlp.fc1,prefill,-1,activation,unknown,linear,2930,1024,768,3072,2304245760,9216983040,8,8,0.5333549337853615,2415919104,linear_role_derived_v1,154618822656,33669426492.08465
,,vision.layers.1.mlp.fc1,prefill,-1,output,unknown,linear,2930,4096,768,3072,9216983040,36867932160,8,8,0.4271211934171032,9663676416,linear_role_derived_v1,618475290624,202977484195.94724
,,vision.layers.1.mlp.fc2,prefill,-1,activation,unknown,linear,2930,1024,3072,768,9216983040,36867932160,8,8,0.40204906045915867,2415919104,linear_role_derived_v1,154618822656,55283237367.39355
,,vision.layers.1.mlp.fc2,prefill,-1,output,unknown,linear,2930,256,3072,768,2304245760,9216983040,8,8,0.5304250185535765,603979776,linear_role_derived_v1,38654705664,8523388234.728605
,,vision.layers.2.self_attn.k_proj,prefill,-1,activation,self,linear,2930,1024,768,768,2304245760,9216983040,8,8,0.5352055856663483,603979776,linear_role_derived_v1,38654705664,8350724792.275623
,,vision.layers.2.self_attn.k_proj,prefill,-1,output,self,linear,2930,1024,768,768,2304245760,9216983040,8,8,0.5240175148461594,603979776,linear_role_derived_v1,38654705664,8757584068.660225
,,vision.layers.2.self_attn.v_proj,prefill,-1,activation,self,linear,2930,1024,768,768,2304245760,9216983040,8,8,0.5352055856663483,603979776,linear_role_derived_v1,38654705664,8350724792.275623
,,vision.layers.2.self_attn.v_proj,prefill,-1,output,self,linear,2930,1024,768,768,2304245760,9216983040,8,8,0.5266527835555179,603979776,linear_role_derived_v1,38654705664,8660880089.475885
,,vision.layers.2.self_attn.q_proj,prefill,-1,activation,self,linear,2930,1024,768,768,2304245760,9216983040,8,8,0.5352055856663483,603979776,linear_role_derived_v1,38654705664,8350724792.275623
,,vision.layers.2.self_attn.q_proj,prefill,-1,output,self,linear,2930,1024,768,768,2304245760,9216983040,8,8,0.5280238691857243,603979776,linear_role_derived_v1,38654705664,8610778981.07854
,,vision.layers.2.self_attn.out_proj,prefill,-1,activation,self,linear,2930,1024,768,768,2304245760,9216983040,8,8,0.5252391211951281,603979776,linear_role_derived_v1,38654705664,8712689174.230413
,,vision.layers.2.self_attn.out_proj,prefill,-1,output,self,linear,2930,1024,768,768,2304245760,9216983040,8,8,0.5302524272627933,603979776,linear_role_derived_v1,38654705664,8529654892.784853
,,vision.layer.2.qk,prefill,-1,A,self,matmul,2930,12288,64,1024,2304245760,9216983040,8,8,0.5303710888677082,805306368.0,matmul_physical_exact_v2,51539607552.0,11367128177.46676
,,vision.layer.2.qk,prefill,-1,B,self,matmul,2930,12288,64,1024,2304245760,9216983040,8,8,0.5303759278697773,805306368.0,matmul_physical_exact_v2,51539607552.0,11366893927.521408
,,vision.layer.2.qk,prefill,-1,O,self,matmul,2930,12288,64,1024,36867932160,147471728640,8,8,0.4783352705263305,805306368.0,matmul_physical_exact_v2,51539607552.0,14025684198.926825
,,vision.layer.2.pv,prefill,-1,A,self,matmul,2930,12288,1024,64,36867932160,147471728640,8,8,0.722284284657857,805306368.0,matmul_physical_exact_v2,51539607552.0,3975044728.0121
,,vision.layer.2.pv,prefill,-1,B,self,matmul,2930,12288,1024,64,2304245760,9216983040,8,8,0.5317130414292267,805306368.0,matmul_physical_exact_v2,51539607552.0,11302258437.775211
,,vision.layer.2.pv,prefill,-1,O,self,matmul,2930,12288,1024,64,2304245760,9216983040,8,8,0.5272422444427108,805306368.0,matmul_physical_exact_v2,51539607552.0,11519096898.868242
,,vision.layers.2.mlp.fc1,prefill,-1,activation,unknown,linear,2930,1024,768,3072,2304245760,9216983040,8,8,0.5380151712853753,2415919104,linear_role_derived_v1,154618822656,33000292530.530144
,,vision.layers.2.mlp.fc1,prefill,-1,output,unknown,linear,2930,4096,768,3072,9216983040,36867932160,8,8,0.4345167849522266,9663676416,linear_role_derived_v1,618475290624,197770626982.266
,,vision.layers.2.mlp.fc2,prefill,-1,activation,unknown,linear,2930,1024,3072,768,9216983040,36867932160,8,8,0.4027102364614962,2415919104,linear_role_derived_v1,154618822656,55161047605.4718
,,vision.layers.2.mlp.fc2,prefill,-1,output,unknown,linear,2930,256,3072,768,2304245760,9216983040,8,8,0.5288963924360222,603979776,linear_role_derived_v1,38654705664,8578971608.683918
,,vision.layers.3.self_attn.k_proj,prefill,-1,activation,self,linear,2930,1024,768,768,2304245760,9216983040,8,8,0.535628580911439,603979776,linear_role_derived_v1,38654705664,8335532227.80287
,,vision.layers.3.self_attn.k_proj,prefill,-1,output,self,linear,2930,1024,768,768,2304245760,9216983040,8,8,0.5272025391510322,603979776,linear_role_derived_v1,38654705664,8640773908.858473
,,vision.layers.3.self_attn.v_proj,prefill,-1,activation,self,linear,2930,1024,768,768,2304245760,9216983040,8,8,0.535628580911439,603979776,linear_role_derived_v1,38654705664,8335532227.80287
,,vision.layers.3.self_attn.v_proj,prefill,-1,output,self,linear,2930,1024,768,768,2304245760,9216983040,8,8,0.5273374273237244,603979776,linear_role_derived_v1,38654705664,8635844221.045612
,,vision.layers.3.self_attn.q_proj,prefill,-1,activation,self,linear,2930,1024,768,768,2304245760,9216983040,8,8,0.535628580911439,603979776,linear_role_derived_v1,38654705664,8335532227.80287
,,vision.layers.3.self_attn.q_proj,prefill,-1,output,self,linear,2930,1024,768,768,2304245760,9216983040,8,8,0.5266753869387613,603979776,linear_role_derived_v1,38654705664,8660052956.61876
,,vision.layers.3.self_attn.out_proj,prefill,-1,activation,self,linear,2930,1024,768,768,2304245760,9216983040,8,8,0.5262059821474946,603979776,linear_role_derived_v1,38654705664,8677238143.870949
,,vision.layers.3.self_attn.out_proj,prefill,-1,output,self,linear,2930,1024,768,768,2304245760,9216983040,8,8,0.5278390105402646,603979776,linear_role_derived_v1,38654705664,8617525460.65695
,,vision.layer.3.qk,prefill,-1,A,self,matmul,2930,12288,64,1024,2304245760,9216983040,8,8,0.5291161563209299,805306368.0,matmul_physical_exact_v2,51539607552.0,11427959348.904531
,,vision.layer.3.qk,prefill,-1,B,self,matmul,2930,12288,64,1024,2304245760,9216983040,8,8,0.533912914089511,805306368.0,matmul_physical_exact_v2,51539607552.0,11196318572.677935
,,vision.layer.3.qk,prefill,-1,O,self,matmul,2930,12288,64,1024,36867932160,147471728640,8,8,0.48069267604538196,805306368.0,matmul_physical_exact_v2,51539607552.0,13899206349.16861
,,vision.layer.3.pv,prefill,-1,A,self,matmul,2930,12288,1024,64,36867932160,147471728640,8,8,0.7596558753744327,805306368.0,matmul_physical_exact_v2,51539607552.0,2977200801.5184736
,,vision.layer.3.pv,prefill,-1,B,self,matmul,2930,12288,1024,64,2304245760,9216983040,8,8,0.5310704281170078,805306368.0,matmul_physical_exact_v2,51539607552.0,11333299084.80258
,,vision.layer.3.pv,prefill,-1,O,self,matmul,2930,12288,1024,64,2304245760,9216983040,8,8,0.5282748037908942,805306368.0,matmul_physical_exact_v2,51539607552.0,11468833685.10523
,,vision.layers.3.mlp.fc1,prefill,-1,activation,unknown,linear,2930,1024,768,3072,2304245760,9216983040,8,8,0.5375875570668296,2415919104,linear_role_derived_v1,154618822656,33061411096.310722
,,vision.layers.3.mlp.fc1,prefill,-1,output,unknown,linear,2930,4096,768,3072,9216983040,36867932160,8,8,0.44113449838788027,9663676416,linear_role_derived_v1,618475290624,193168788844.36502
,,vision.layers.3.mlp.fc2,prefill,-1,activation,unknown,linear,2930,1024,3072,768,9216983040,36867932160,8,8,0.4060745049933389,2415919104,linear_role_derived_v1,154618822656,54541402158.21033
,,vision.layers.3.mlp.fc2,prefill,-1,output,unknown,linear,2930,256,3072,768,2304245760,9216983040,8,8,0.5273906476668531,603979776,linear_role_derived_v1,38654705664,8633899591.856407
,,vision.layers.4.self_attn.k_proj,prefill,-1,activation,self,linear,2930,1024,768,768,2304245760,9216983040,8,8,0.5358227870841347,603979776,linear_role_derived_v1,38654705664,8328561629.524305
,,vision.layers.4.self_attn.k_proj,prefill,-1,output,self,linear,2930,1024,768,768,2304245760,9216983040,8,8,0.527616370009074,603979776,linear_role_derived_v1,38654705664,8625654310.075428
,,vision.layers.4.self_attn.v_proj,prefill,-1,activation,self,linear,2930,1024,768,768,2304245760,9216983040,8,8,0.5358227870841347,603979776,linear_role_derived_v1,38654705664,8328561629.524305
,,vision.layers.4.self_attn.v_proj,prefill,-1,output,self,linear,2930,1024,768,768,2304245760,9216983040,8,8,0.5270644752103179,603979776,linear_role_derived_v1,38654705664,8645821116.508228
,,vision.layers.4.self_attn.q_proj,prefill,-1,activation,self,linear,2930,1024,768,768,2304245760,9216983040,8,8,0.5358227870841347,603979776,linear_role_derived_v1,38654705664,8328561629.524305
,,vision.layers.4.self_attn.q_proj,prefill,-1,output,self,linear,2930,1024,768,768,2304245760,9216983040,8,8,0.5271323956998406,603979776,linear_role_derived_v1,38654705664,8643337960.963896
,,vision.layers.4.self_attn.out_proj,prefill,-1,activation,self,linear,2930,1024,768,768,2304245760,9216983040,8,8,0.526293001402767,603979776,linear_role_derived_v1,38654705664,8674051031.19649
,,vision.layers.4.self_attn.out_proj,prefill,-1,output,self,linear,2930,1024,768,768,2304245760,9216983040,8,8,0.5292518013573344,603979776,linear_role_derived_v1,38654705664,8566032234.540376
,,vision.layer.4.qk,prefill,-1,A,self,matmul,2930,12288,64,1024,2304245760,9216983040,8,8,0.5295017887979102,805306368.0,matmul_physical_exact_v2,51539607552.0,11409249054.353357
,,vision.layer.4.qk,prefill,-1,B,self,matmul,2930,12288,64,1024,2304245760,9216983040,8,8,0.5332042149445031,805306368.0,matmul_physical_exact_v2,51539607552.0,11230393123.141094
,,vision.layer.4.qk,prefill,-1,O,self,matmul,2930,12288,64,1024,36867932160,147471728640,8,8,0.46642969296111453,805306368.0,matmul_physical_exact_v2,51539607552.0,14673185698.535809
,,vision.layer.4.pv,prefill,-1,A,self,matmul,2930,12288,1024,64,36867932160,147471728640,8,8,0.7057893158022455,805306368.0,matmul_physical_exact_v2,51539607552.0,4461264651.647441
,,vision.layer.4.pv,prefill,-1,B,self,matmul,2930,12288,1024,64,2304245760,9216983040,8,8,0.5296684801103855,805306368.0,matmul_physical_exact_v2,51539607552.0,11401166193.425932
,,vision.layer.4.pv,prefill,-1,O,self,matmul,2930,12288,1024,64,2304245760,9216983040,8,8,0.5283677420111647,805306368.0,matmul_physical_exact_v2,51539607552.0,11464315003.466278
,,vision.layers.4.mlp.fc1,prefill,-1,activation,unknown,linear,2930,1024,768,3072,2304245760,9216983040,8,8,0.5446696299877318,2415919104,linear_role_derived_v1,154618822656,32056462730.45588
,,vision.layers.4.mlp.fc1,prefill,-1,output,unknown,linear,2930,4096,768,3072,9216983040,36867932160,8,8,0.4377958215544248,9663676416,linear_role_derived_v1,618475290624,195483673434.9387
,,vision.layers.4.mlp.fc2,prefill,-1,activation,unknown,linear,2930,1024,3072,768,9216983040,36867932160,8,8,0.3874165443565794,2415919104,linear_role_derived_v1,154618822656,58022025935.26492
,,vision.layers.4.mlp.fc2,prefill,-1,output,unknown,linear,2930,256,3072,768,2304245760,9216983040,8,8,0.5280958700776778,603979776,linear_role_derived_v1,38654705664,8608151998.75167
,,vision.layers.5.self_attn.k_proj,prefill,-1,activation,self,linear,2930,1024,768,768,2304245760,9216983040,8,8,0.535195991312142,603979776,linear_role_derived_v1,38654705664,8351069549.5962305
,,vision.layers.5.self_attn.k_proj,prefill,-1,output,self,linear,2930,1024,768,768,2304245760,9216983040,8,8,0.527734684211809,603979776,linear_role_derived_v1,38654705664,8621334051.941992
,,vision.layers.5.self_attn.v_proj,prefill,-1,activation,self,linear,2930,1024,768,768,2304245760,9216983040,8,8,0.535195991312142,603979776,linear_role_derived_v1,38654705664,8351069549.5962305
,,vision.layers.5.self_attn.v_proj,prefill,-1,output,self,linear,2930,1024,768,768,2304245760,9216983040,8,8,0.5261005734692119,603979776,linear_role_derived_v1,38654705664,8681099560.076296
,,vision.layers.5.self_attn.q_proj,prefill,-1,activation,self,linear,2930,1024,768,768,2304245760,9216983040,8,8,0.535195991312142,603979776,linear_role_derived_v1,38654705664,8351069549.5962305
,,vision.layers.5.self_attn.q_proj,prefill,-1,output,self,linear,2930,1024,768,768,2304245760,9216983040,8,8,0.5259006360285111,603979776,linear_role_derived_v1,38654705664,8688426190.45825
,,vision.layers.5.self_attn.out_proj,prefill,-1,activation,self,linear,2930,1024,768,768,2304245760,9216983040,8,8,0.5274022319346701,603979776,linear_role_derived_v1,38654705664,8633476340.90335
,,vision.layers.5.self_attn.out_proj,prefill,-1,output,self,linear,2930,1024,768,768,2304245760,9216983040,8,8,0.528962545427446,603979776,linear_role_derived_v1,38654705664,8576562436.774114
,,vision.layer.5.qk,prefill,-1,A,self,matmul,2930,12288,64,1024,2304245760,9216983040,8,8,0.5282761285193815,805306368.0,matmul_physical_exact_v2,51539607552.0,11468769270.189562
,,vision.layer.5.qk,prefill,-1,B,self,matmul,2930,12288,64,1024,2304245760,9216983040,8,8,0.5340812710229311,805306368.0,matmul_physical_exact_v2,51539607552.0,11188231511.363579
,,vision.layer.5.qk,prefill,-1,O,self,matmul,2930,12288,64,1024,36867932160,147471728640,8,8,0.47331301560445316,805306368.0,matmul_physical_exact_v2,51539607552.0,14297044848.30932
,,vision.layer.5.pv,prefill,-1,A,self,matmul,2930,12288,1024,64,36867932160,147471728640,8,8,0.6905095411445501,805306368.0,matmul_physical_exact_v2,51539607552.0,4936687505.702302
,,vision.layer.5.pv,prefill,-1,B,self,matmul,2930,12288,1024,64,2304245760,9216983040,8,8,0.5302100191344173,805306368.0,matmul_physical_exact_v2,51539607552.0,11374926736.007404
,,vision.layer.5.pv,prefill,-1,O,self,matmul,2930,12288,1024,64,2304245760,9216983040,8,8,0.5294844857390559,805306368.0,matmul_physical_exact_v2,51539607552.0,11410088243.67752
,,vision.layers.5.mlp.fc1,prefill,-1,activation,unknown,linear,2930,1024,768,3072,2304245760,9216983040,8,8,0.5355790809830979,2415919104,linear_role_derived_v1,154618822656,33349237535.422207
,,vision.layers.5.mlp.fc1,prefill,-1,output,unknown,linear,2930,4096,768,3072,9216983040,36867932160,8,8,0.4366906210831001,9663676416,linear_role_derived_v1,618475290624,196253006052.05643
,,vision.layers.5.mlp.fc2,prefill,-1,activation,unknown,linear,2930,1024,3072,768,9216983040,36867932160,8,8,0.3887091890265646,2415919104,linear_role_derived_v1,154618822656,57777413616.13332
,,vision.layers.5.mlp.fc2,prefill,-1,output,unknown,linear,2930,256,3072,768,2304245760,9216983040,8,8,0.5264843689025601,603979776,linear_role_derived_v1,38654705664,8667044184.451889
,,vision.layers.6.self_attn.k_proj,prefill,-1,activation,self,linear,2930,1024,768,768,2304245760,9216983040,8,8,0.5348009923212357,603979776,linear_role_derived_v1,38654705664,8365269365.501721
,,vision.layers.6.self_attn.k_proj,prefill,-1,output,self,linear,2930,1024,768,768,2304245760,9216983040,8,8,0.5267288976155043,603979776,linear_role_derived_v1,38654705664,8658094980.688847
,,vision.layers.6.self_attn.v_proj,prefill,-1,activation,self,linear,2930,1024,768,768,2304245760,9216983040,8,8,0.5348009923212357,603979776,linear_role_derived_v1,38654705664,8365269365.501721
,,vision.layers.6.self_attn.v_proj,prefill,-1,output,self,linear,2930,1024,768,768,2304245760,9216983040,8,8,0.5259192460226118,603979776,linear_role_derived_v1,38654705664,8687744103.963448
,,vision.layers.6.self_attn.q_proj,prefill,-1,activation,self,linear,2930,1024,768,768,2304245760,9216983040,8,8,0.5348009923212357,603979776,linear_role_derived_v1,38654705664,8365269365.501721
,,vision.layers.6.self_attn.q_proj,prefill,-1,output,self,linear,2930,1024,768,768,2304245760,9216983040,8,8,0.5284456134791803,603979776,linear_role_derived_v1,38654705664,8595397167.730068
,,vision.layers.6.self_attn.out_proj,prefill,-1,activation,self,linear,2930,1024,768,768,2304245760,9216983040,8,8,0.5272009158432823,603979776,linear_role_derived_v1,38654705664,8640833243.60746
,,vision.layers.6.self_attn.out_proj,prefill,-1,output,self,linear,2930,1024,768,768,2304245760,9216983040,8,8,0.5275520319282263,603979776,linear_role_derived_v1,38654705664,8628004077.516289
,,vision.layer.6.qk,prefill,-1,A,self,matmul,2930,12288,64,1024,2304245760,9216983040,8,8,0.5307993626296181,805306368.0,matmul_physical_exact_v2,51539607552.0,11346405334.997942
,,vision.layer.6.qk,prefill,-1,B,self,matmul,2930,12288,64,1024,2304245760,9216983040,8,8,0.532422150035767,805306368.0,matmul_physical_exact_v2,51539607552.0,11268055218.823832
,,vision.layer.6.qk,prefill,-1,O,self,matmul,2930,12288,64,1024,36867932160,147471728640,8,8,0.4453129760437858,805306368.0,matmul_physical_exact_v2,51539607552.0,15857587629.374142
,,vision.layer.6.pv,prefill,-1,A,self,matmul,2930,12288,1024,64,36867932160,147471728640,8,8,0.766455999250705,805306368.0,matmul_physical_exact_v2,51539607552.0,2811114521.5268693
,,vision.layer.6.pv,prefill,-1,B,self,matmul,2930,12288,1024,64,2304245760,9216983040,8,8,0.5286611688286236,805306368.0,matmul_physical_exact_v2,51539607552.0,11450054354.542793
,,vision.layer.6.pv,prefill,-1,O,self,matmul,2930,12288,1024,64,2304245760,9216983040,8,8,0.5292977776814918,805306368.0,matmul_physical_exact_v2,51539607552.0,11419145450.198992
,,vision.layers.6.mlp.fc1,prefill,-1,activation,unknown,linear,2930,1024,768,3072,2304245760,9216983040,8,8,0.5321995495393685,2415919104,linear_role_derived_v1,154618822656,33836359718.84311
,,vision.layers.6.mlp.fc1,prefill,-1,output,unknown,linear,2930,4096,768,3072,9216983040,36867932160,8,8,0.4341922913801955,9663676416,linear_role_derived_v1,618475290624,197997667178.94098
,,vision.layers.6.mlp.fc2,prefill,-1,activation,unknown,linear,2930,1024,3072,768,9216983040,36867932160,8,8,0.38870081454006883,2415919104,linear_role_derived_v1,154618822656,57778996690.75424
,,vision.layers.6.mlp.fc2,prefill,-1,output,unknown,linear,2930,256,3072,768,2304245760,9216983040,8,8,0.5270280655740471,603979776,linear_role_derived_v1,38654705664,8647152390.235594
,,vision.layers.7.self_attn.k_proj,prefill,-1,activation,self,linear,2930,1024,768,768,2304245760,9216983040,8,8,0.5344323274354208,603979776,linear_role_derived_v1,38654705664,8378533379.544567
,,vision.layers.7.self_attn.k_proj,prefill,-1,output,self,linear,2930,1024,768,768,2304245760,9216983040,8,8,0.527869067230051,603979776,linear_role_derived_v1,38654705664,8616428351.615118
,,vision.layers.7.self_attn.v_proj,prefill,-1,activation,self,linear,2930,1024,768,768,2304245760,9216983040,8,8,0.5344323274354208,603979776,linear_role_derived_v1,38654705664,8378533379.544567
,,vision.layers.7.self_attn.v_proj,prefill,-1,output,self,linear,2930,1024,768,768,2304245760,9216983040,8,8,0.5267877830444614,603979776,linear_role_derived_v1,38654705664,8655940596.375559
,,vision.layers.7.self_attn.q_proj,prefill,-1,activation,self,linear,2930,1024,768,768,2304245760,9216983040,8,8,0.5344323274354208,603979776,linear_role_derived_v1,38654705664,8378533379.544567
,,vision.layers.7.self_attn.q_proj,prefill,-1,output,self,linear,2930,1024,768,768,2304245760,9216983040,8,8,0.5259646260562068,603979776,linear_role_derived_v1,38654705664,8686080964.311567
,,vision.layers.7.self_attn.out_proj,prefill,-1,activation,self,linear,2930,1024,768,768,2304245760,9216983040,8,8,0.5278852523525963,603979776,linear_role_derived_v1,38654705664,8615837602.105967
,,vision.layers.7.self_attn.out_proj,prefill,-1,output,self,linear,2930,1024,768,768,2304245760,9216983040,8,8,0.5276735000914139,603979776,linear_role_derived_v1,38654705664,8623568062.750105
,,vision.layer.7.qk,prefill,-1,A,self,matmul,2930,12288,64,1024,2304245760,9216983040,8,8,0.5283286651246784,805306368.0,matmul_physical_exact_v2,51539607552.0,11466214823.876959
,,vision.layer.7.qk,prefill,-1,B,self,matmul,2930,12288,64,1024,2304245760,9216983040,8,8,0.5338763682915489,805306368.0,matmul_physical_exact_v2,51539607552.0,11198074443.847273
,,vision.layer.7.qk,prefill,-1,O,self,matmul,2930,12288,64,1024,36867932160,147471728640,8,8,0.44226155488564295,805306368.0,matmul_physical_exact_v2,51539607552.0,16032537724.941032
,,vision.layer.7.pv,prefill,-1,A,self,matmul,2930,12288,1024,64,36867932160,147471728640,8,8,0.6962403237073765,805306368.0,matmul_physical_exact_v2,51539607552.0,4755556544.965942
,,vision.layer.7.pv,prefill,-1,B,self,matmul,2930,12288,1024,64,2304245760,9216983040,8,8,0.5299757899955949,805306368.0,matmul_physical_exact_v2,51539607552.0,11386272246.123735
,,vision.layer.7.pv,prefill,-1,O,self,matmul,2930,12288,1024,64,2304245760,9216983040,8,8,0.5299621698121297,805306368.0,matmul_physical_exact_v2,51539607552.0,11386932149.850588
,,vision.layers.7.mlp.fc1,prefill,-1,activation,unknown,linear,2930,1024,768,3072,2304245760,9216983040,8,8,0.5329443195980971,2415919104,linear_role_derived_v1,154618822656,33728705922.057114
,,vision.layers.7.mlp.fc1,prefill,-1,output,unknown,linear,2930,4096,768,3072,9216983040,36867932160,8,8,0.4308237466931479,9663676416,linear_role_derived_v1,618475290624,200362249243.4663
,,vision.layers.7.mlp.fc2,prefill,-1,activation,unknown,linear,2930,1024,3072,768,9216983040,36867932160,8,8,0.3849841485929435,2415919104,linear_role_derived_v1,154618822656,58483718876.76894
,,vision.layers.7.mlp.fc2,prefill,-1,output,unknown,linear,2930,256,3072,768,2304245760,9216983040,8,8,0.5269165397097226,603979776,linear_role_derived_v1,38654705664,8651230834.530767
,,vision.layers.8.self_attn.k_proj,prefill,-1,activation,self,linear,2930,1024,768,768,2304245760,9216983040,8,8,0.534055844373128,603979776,linear_role_derived_v1,38654705664,8392089523.964488
,,vision.layers.8.self_attn.k_proj,prefill,-1,output,self,linear,2930,1024,768,768,2304245760,9216983040,8,8,0.5271503829305082,603979776,linear_role_derived_v1,38654705664,8642680412.189983
,,vision.layers.8.self_attn.v_proj,prefill,-1,activation,self,linear,2930,1024,768,768,2304245760,9216983040,8,8,0.534055844373128,603979776,linear_role_derived_v1,38654705664,8392089523.964488
,,vision.layers.8.self_attn.v_proj,prefill,-1,output,self,linear,2930,1024,768,768,2304245760,9216983040,8,8,0.5266313538752047,603979776,linear_role_derived_v1,38654705664,8661664309.120153
,,vision.layers.8.self_attn.q_proj,prefill,-1,activation,self,linear,2930,1024,768,768,2304245760,9216983040,8,8,0.534055844373128,603979776,linear_role_derived_v1,38654705664,8392089523.964488
,,vision.layers.8.self_attn.q_proj,prefill,-1,output,self,linear,2930,1024,768,768,2304245760,9216983040,8,8,0.5289000824721057,603979776,linear_role_derived_v1,38654705664,8578837215.355961
,,vision.layers.8.self_attn.out_proj,prefill,-1,activation,self,linear,2930,1024,768,768,2304245760,9216983040,8,8,0.526710995119722,603979776,linear_role_derived_v1,38654705664,8658750015.148912
,,vision.layers.8.self_attn.out_proj,prefill,-1,output,self,linear,2930,1024,768,768,2304245760,9216983040,8,8,0.5272737806838799,603979776,linear_role_derived_v1,38654705664,8638170106.38061
,,vision.layer.8.qk,prefill,-1,A,self,matmul,2930,12288,64,1024,2304245760,9216983040,8,8,0.5312879397464965,805306368.0,matmul_physical_exact_v2,51539607552.0,11322787687.020132
,,vision.layer.8.qk,prefill,-1,B,self,matmul,2930,12288,64,1024,2304245760,9216983040,8,8,0.5328553207362743,805306368.0,matmul_physical_exact_v2,51539607552.0,11247187119.689894
,,vision.layer.8.qk,prefill,-1,O,self,matmul,2930,12288,64,1024,36867932160,147471728640,8,8,0.429381225099607,805306368.0,matmul_physical_exact_v2,51539607552.0,16781594440.955652
,,vision.layer.8.pv,prefill,-1,A,self,matmul,2930,12288,1024,64,36867932160,147471728640,8,8,0.7063577877105435,805306368.0,matmul_physical_exact_v2,51539607552.0,4444041256.000532
,,vision.layer.8.pv,prefill,-1,B,self,matmul,2930,12288,1024,64,2304245760,9216983040,8,8,0.5296944249340835,805306368.0,matmul_physical_exact_v2,51539607552.0,11399908386.641941
,,vision.layer.8.pv,prefill,-1,O,self,matmul,2930,12288,1024,64,2304245760,9216983040,8,8,0.52879183935224,805306368.0,matmul_physical_exact_v2,51539607552.0,11443706576.242418
,,vision.layers.8.mlp.fc1,prefill,-1,activation,unknown,linear,2930,1024,768,3072,2304245760,9216983040,8,8,0.5331759319370517,2415919104,linear_role_derived_v1,154618822656,33695262168.691162
,,vision.layers.8.mlp.fc1,prefill,-1,output,unknown,linear,2930,4096,768,3072,9216983040,36867932160,8,8,0.4267754016069015,9663676416,linear_role_derived_v1,618475290624,203222594099.61212
,,vision.layers.8.mlp.fc2,prefill,-1,activation,unknown,linear,2930,1024,3072,768,9216983040,36867932160,8,8,0.37888905356497216,2415919104,linear_role_derived_v1,154618822656,59648665064.79788
,,vision.layers.8.mlp.fc2,prefill,-1,output,unknown,linear,2930,256,3072,768,2304245760,9216983040,8,8,0.527327729898915,603979776,linear_role_derived_v1,38654705664,8636198580.852907
,,vision.layers.9.self_attn.k_proj,prefill,-1,activation,self,linear,2930,1024,768,768,2304245760,9216983040,8,8,0.5337741947282567,603979776,linear_role_derived_v1,38654705664,8402238136.7456045
,,vision.layers.9.self_attn.k_proj,prefill,-1,output,self,linear,2930,1024,768,768,2304245760,9216983040,8,8,0.5253725516240073,603979776,linear_role_derived_v1,38654705664,8707792500.806644
,,vision.layers.9.self_attn.v_proj,prefill,-1,activation,self,linear,2930,1024,768,768,2304245760,9216983040,8,8,0.5337741947282567,603979776,linear_role_derived_v1,38654705664,8402238136.7456045
,,vision.layers.9.self_attn.v_proj,prefill,-1,output,self,linear,2930,1024,768,768,2304245760,9216983040,8,8,0.5258380964754384,603979776,linear_role_derived_v1,38654705664,8690718562.77837
,,vision.layers.9.self_attn.q_proj,prefill,-1,activation,self,linear,2930,1024,768,768,2304245760,9216983040,8,8,0.5337741947282567,603979776,linear_role_derived_v1,38654705664,8402238136.7456045
,,vision.layers.9.self_attn.q_proj,prefill,-1,output,self,linear,2930,1024,768,768,2304245760,9216983040,8,8,0.5276964580375315,603979776,linear_role_derived_v1,38654705664,8622729767.20894
,,vision.layers.9.self_attn.out_proj,prefill,-1,activation,self,linear,2930,1024,768,768,2304245760,9216983040,8,8,0.5270498407036236,603979776,linear_role_derived_v1,38654705664,8646356196.991735
,,vision.layers.9.self_attn.out_proj,prefill,-1,output,self,linear,2930,1024,768,768,2304245760,9216983040,8,8,0.5253840646103651,603979776,linear_role_derived_v1,38654705664,8707370057.980373
,,vision.layer.9.qk,prefill,-1,A,self,matmul,2930,12288,64,1024,2304245760,9216983040,8,8,0.5298884145500175,805306368.0,matmul_physical_exact_v2,51539607552.0,11390505956.055145
,,vision.layer.9.qk,prefill,-1,B,self,matmul,2930,12288,64,1024,2304245760,9216983040,8,8,0.5311284562155384,805306368.0,matmul_physical_exact_v2,51539607552.0,11330494360.4061
,,vision.layer.9.qk,prefill,-1,O,self,matmul,2930,12288,64,1024,36867932160,147471728640,8,8,0.4212279437955329,805306368.0,matmul_physical_exact_v2,51539607552.0,17264587914.35358
,,vision.layer.9.pv,prefill,-1,A,self,matmul,2930,12288,1024,64,36867932160,147471728640,8,8,0.7045064448835635,805306368.0,matmul_physical_exact_v2,51539607552.0,4500255107.922482
,,vision.layer.9.pv,prefill,-1,B,self,matmul,2930,12288,1024,64,2304245760,9216983040,8,8,0.5308878363738423,805306368.0,matmul_physical_exact_v2,51539607552.0,11342126720.527534
,,vision.layer.9.pv,prefill,-1,O,self,matmul,2930,12288,1024,64,2304245760,9216983040,8,8,0.5291384426806974,805306368.0,matmul_physical_exact_v2,51539607552.0,11426877631.66216
,,vision.layers.9.mlp.fc1,prefill,-1,activation,unknown,linear,2930,1024,768,3072,2304245760,9216983040,8,8,0.5369980028736171,2415919104,linear_role_derived_v1,154618822656,33145768337.18436
,,vision.layers.9.mlp.fc1,prefill,-1,output,unknown,linear,2930,4096,768,3072,9216983040,36867932160,8,8,0.4115592855099796,9663676416,linear_role_derived_v1,618475290624,214154784529.72525
,,vision.layers.9.mlp.fc2,prefill,-1,activation,unknown,linear,2930,1024,3072,768,9216983040,36867932160,8,8,0.5524156338796952,2415919104,linear_role_derived_v1,154618822656,30975061613.250324
,,vision.layers.9.mlp.fc2,prefill,-1,output,unknown,linear,2930,256,3072,768,2304245760,9216983040,8,8,0.5272849566836134,603979776,linear_role_derived_v1,38654705664,8637761671.046665
,,vision.layers.10.self_attn.k_proj,prefill,-1,activation,self,linear,2930,1024,768,768,2304245760,9216983040,8,8,0.5331769355192391,603979776,linear_role_derived_v1,38654705664,8423779323.0370655
,,vision.layers.10.self_attn.k_proj,prefill,-1,output,self,linear,2930,1024,768,768,2304245760,9216983040,8,8,0.5283710024055768,603979776,linear_role_derived_v1,38654705664,8598117373.773848
,,vision.layers.10.self_attn.v_proj,prefill,-1,activation,self,linear,2930,1024,768,768,2304245760,9216983040,8,8,0.5331769355192391,603979776,linear_role_derived_v1,38654705664,8423779323.0370655
,,vision.layers.10.self_attn.v_proj,prefill,-1,output,self,linear,2930,1024,768,768,2304245760,9216983040,8,8,0.5274182677675839,603979776,linear_role_derived_v1,38654705664,8632890461.558937
,,vision.layers.10.self_attn.q_proj,prefill,-1,activation,self,linear,2930,1024,768,768,2304245760,9216983040,8,8,0.5331769355192391,603979776,linear_role_derived_v1,38654705664,8423779323.0370655
,,vision.layers.10.self_attn.q_proj,prefill,-1,output,self,linear,2930,1024,768,768,2304245760,9216983040,8,8,0.5265715659817467,603979776,linear_role_derived_v1,38654705664,8663852436.157858
,,vision.layers.10.self_attn.out_proj,prefill,-1,activation,self,linear,2930,1024,768,768,2304245760,9216983040,8,8,0.5280639869768058,603979776,linear_role_derived_v1,38654705664,8609315217.43333
,,vision.layers.10.self_attn.out_proj,prefill,-1,output,self,linear,2930,1024,768,768,2304245760,9216983040,8,8,0.5251577452181142,603979776,linear_role_derived_v1,38654705664,8715676212.079147
,,vision.layer.10.qk,prefill,-1,A,self,matmul,2930,12288,64,1024,2304245760,9216983040,8,8,0.5288561130953323,805306368.0,matmul_physical_exact_v2,51539607552.0,11440584899.86221
,,vision.layer.10.qk,prefill,-1,B,self,matmul,2930,12288,64,1024,2304245760,9216983040,8,8,0.5341379446652427,805306368.0,matmul_physical_exact_v2,51539607552.0,11185509838.130838
,,vision.layer.10.qk,prefill,-1,O,self,matmul,2930,12288,64,1024,36867932160,147471728640,8,8,0.4191691725666341,805306368.0,matmul_physical_exact_v2,51539607552.0,17387631359.99198
,,vision.layer.10.pv,prefill,-1,A,self,matmul,2930,12288,1024,64,36867932160,147471728640,8,8,0.693378163977559,805306368.0,matmul_physical_exact_v2,51539607552.0,4845596723.026202
,,vision.layer.10.pv,prefill,-1,B,self,matmul,2930,12288,1024,64,2304245760,9216983040,8,8,0.5330219403333089,805306368.0,matmul_physical_exact_v2,51539607552.0,11239165332.596981
,,vision.layer.10.pv,prefill,-1,O,self,matmul,2930,12288,1024,64,2304245760,9216983040,8,8,0.5301667269857535,805306368.0,matmul_physical_exact_v2,51539607552.0,11377023280.119806
,,vision.layers.10.mlp.fc1,prefill,-1,activation,unknown,linear,2930,1024,768,3072,2304245760,9216983040,8,8,0.5369248648416738,2415919104,linear_role_derived_v1,154618822656,33156240895.613625
,,vision.layers.10.mlp.fc1,prefill,-1,output,unknown,linear,2930,4096,768,3072,9216983040,36867932160,8,8,0.4070401719541409,9663676416,linear_role_derived_v1,618475290624,217456751872.5652
,,vision.layers.10.mlp.fc2,prefill,-1,activation,unknown,linear,2930,1024,3072,768,9216983040,36867932160,8,8,0.7136285909342414,2415919104,linear_role_derived_v1,154618822656,12680070694.989994
,,vision.layers.10.mlp.fc2,prefill,-1,output,unknown,linear,2930,256,3072,768,2304245760,9216983040,8,8,0.5275459633481109,603979776,linear_role_derived_v1,38654705664,8628225731.852
,,vision.layers.11.self_attn.k_proj,prefill,-1,activation,self,linear,2930,1024,768,768,2304245760,9216983040,8,8,0.5315547514558516,603979776,linear_role_derived_v1,38654705664,8482425367.03341
,,vision.layers.11.self_attn.k_proj,prefill,-1,output,self,linear,2930,1024,768,768,2304245760,9216983040,8,8,0.5255677368589364,603979776,linear_role_derived_v1,38654705664,8700632008.705502
,,vision.layers.11.self_attn.v_proj,prefill,-1,activation,self,linear,2930,1024,768,768,2304245760,9216983040,8,8,0.5315547514558516,603979776,linear_role_derived_v1,38654705664,8482425367.03341
,,vision.layers.11.self_attn.v_proj,prefill,-1,output,self,linear,2930,1024,768,768,2304245760,9216983040,8,8,0.5291365065807911,603979776,linear_role_derived_v1,38654705664,8570228701.858027
,,vision.layers.11.self_attn.q_proj,prefill,-1,activation,self,linear,2930,1024,768,768,2304245760,9216983040,8,8,0.5315547514558516,603979776,linear_role_derived_v1,38654705664,8482425367.03341
,,vision.layers.11.self_attn.q_proj,prefill,-1,output,self,linear,2930,1024,768,768,2304245760,9216983040,8,8,0.5302429309884029,603979776,linear_role_derived_v1,38654705664,8529999762.100857
,,vision.layers.11.self_attn.out_proj,prefill,-1,activation,self,linear,2930,1024,768,768,2304245760,9216983040,8,8,0.5266098645224371,603979776,linear_role_derived_v1,38654705664,8662450748.130583
,,vision.layers.11.self_attn.out_proj,prefill,-1,output,self,linear,2930,1024,768,768,2304245760,9216983040,8,8,0.5269094178565398,603979776,linear_role_derived_v1,38654705664,8651491309.752537
,,vision.layer.11.qk,prefill,-1,A,self,matmul,2930,12288,64,1024,2304245760,9216983040,8,8,0.5327006734950008,805306368.0,matmul_physical_exact_v2,51539607552.0,11254635066.507315
,,vision.layer.11.qk,prefill,-1,B,self,matmul,2930,12288,64,1024,2304245760,9216983040,8,8,0.5315369382517601,805306368.0,matmul_physical_exact_v2,51539607552.0,11310760651.357477
,,vision.layer.11.qk,prefill,-1,O,self,matmul,2930,12288,64,1024,36867932160,147471728640,8,8,0.4246016195745327,805306368.0,matmul_physical_exact_v2,51539607552.0,17063903152.97734
,,vision.layer.11.pv,prefill,-1,A,self,matmul,2930,12288,1024,64,36867932160,147471728640,8,8,0.6911280734004692,805306368.0,matmul_physical_exact_v2,51539607552.0,4916974787.036991
,,vision.layer.11.pv,prefill,-1,B,self,matmul,2930,12288,1024,64,2304245760,9216983040,8,8,0.5339766258265785,805306368.0,matmul_physical_exact_v2,51539607552.0,11193257822.13658
,,vision.layer.11.pv,prefill,-1,O,self,matmul,2930,12288,1024,64,2304245760,9216983040,8,8,0.5287811105704281,805306368.0,matmul_physical_exact_v2,51539607552.0,11444227698.069092
,,vision.layers.11.mlp.fc1,prefill,-1,activation,unknown,linear,2930,1024,768,3072,2304245760,9216983040,8,8,0.5351383996904914,2415919104,linear_role_derived_v1,154618822656,33412556637.04012
,,vision.layers.11.mlp.fc1,prefill,-1,output,unknown,linear,2930,4096,768,3072,9216983040,36867932160,8,8,0.4188420298156478,9663676416,linear_role_derived_v1,618475290624,208886681174.01553
,,vision.layers.11.mlp.fc2,prefill,-1,activation,unknown,linear,2930,1024,3072,768,9216983040,36867932160,8,8,0.6726517483642891,2415919104,linear_role_derived_v1,154618822656,16568470292.498493
,,vision.layers.11.mlp.fc2,prefill,-1,output,unknown,linear,2930,256,3072,768,2304245760,9216983040,8,8,0.5343883171558923,603979776,linear_role_derived_v1,38654705664,8380117505.962447
,,vlm.layers.0.self_attn.q_proj,prefill,-1,activation,self,linear,1465,177,960,960,248932800,995731200,8,8,0.5364561811460764,163123200,linear_role_derived_v1,10439884800,2243248030.300916
,,vlm.layers.0.self_attn.q_proj,prefill,-1,output,self,linear,1465,177,960,960,248932800,995731200,8,8,0.5331018451566045,163123200,linear_role_derived_v1,10439884800,2275831067.3442044
,,vlm.layers.0.self_attn.k_proj,prefill,-1,activation,self,linear,1465,177,960,320,248932800,995731200,8,8,0.5364561811460764,54374400,linear_role_derived_v1,3479961600,747749343.4336387
,,vlm.layers.0.self_attn.k_proj,prefill,-1,output,self,linear,1465,59,960,320,82977600,331910400,8,8,0.5244657895624844,18124800,linear_role_derived_v1,1159987200,262311136.44420868
,,vlm.layers.0.self_attn.v_proj,prefill,-1,activation,self,linear,1465,177,960,320,248932800,995731200,8,8,0.5364561811460764,54374400,linear_role_derived_v1,3479961600,747749343.4336387
,,vlm.layers.0.self_attn.v_proj,prefill,-1,output,self,linear,1465,59,960,320,82977600,331910400,8,8,0.5280594190480322,18124800,linear_role_derived_v1,1159987200,258361526.9438928
,,vlm.layers.0.self_attn.o_proj,prefill,-1,activation,unknown,linear,1465,177,960,960,248932800,995731200,8,8,0.5308205949557471,163123200,linear_role_derived_v1,10439884800,2298124680.491584
,,vlm.layers.0.self_attn.o_proj,prefill,-1,output,unknown,linear,1465,177,960,960,248932800,995731200,8,8,0.5311685593461368,163123200,linear_role_derived_v1,10439884800,2294717160.8474674
,,vlm.layers.0.mlp.gate_proj,prefill,-1,activation,unknown,linear,1465,177,960,2560,248932800,995731200,8,8,0.5316924989394728,434995200,linear_role_derived_v1,27839692800,6105576356.279174
,,vlm.layers.0.mlp.gate_proj,prefill,-1,output,unknown,linear,1465,472,960,2560,663820800,2655283200,8,8,0.5439154426164411,1159987200,linear_role_derived_v1,74239180800,15442723883.08335
,,vlm.layers.0.mlp.up_proj,prefill,-1,activation,unknown,linear,1465,177,960,2560,248932800,995731200,8,8,0.5316924989394728,434995200,linear_role_derived_v1,27839692800,6105576356.279174
,,vlm.layers.0.mlp.up_proj,prefill,-1,output,unknown,linear,1465,472,960,2560,663820800,2655283200,8,8,0.5256025248078999,1159987200,linear_role_derived_v1,74239180800,16707747718.76328
,,vlm.layers.0.mlp.down_proj,prefill,-1,activation,unknown,linear,1465,177,2560,960,663820800,2655283200,8,8,0.5398137912370327,434995200,linear_role_derived_v1,27839692800,5895649236.962316
,,vlm.layers.0.mlp.down_proj,prefill,-1,output,unknown,linear,1465,66,2560,960,248932800,995731200,8,8,0.5211389820867318,162201600,linear_role_derived_v1,10380902400,2380422664.496475
,,vlm.layers.1.self_attn.q_proj,prefill,-1,activation,self,linear,1465,177,960,960,248932800,995731200,8,8,0.5337264836132483,163123200,linear_role_derived_v1,10439884800,2269745711.6071897
,,vlm.layers.1.self_attn.q_proj,prefill,-1,output,self,linear,1465,177,960,960,248932800,995731200,8,8,0.525414138876034,163123200,linear_role_derived_v1,10439884800,2351393414.5060253
,,vlm.layers.1.self_attn.k_proj,prefill,-1,activation,self,linear,1465,177,960,320,248932800,995731200,8,8,0.5337264836132483,54374400,linear_role_derived_v1,3479961600,756581903.8690633
,,vlm.layers.1.self_attn.k_proj,prefill,-1,output,self,linear,1465,59,960,320,82977600,331910400,8,8,0.5327321560276508,18124800,linear_role_derived_v1,1159987200,253270721.35001197
,,vlm.layers.1.self_attn.v_proj,prefill,-1,activation,self,linear,1465,177,960,320,248932800,995731200,8,8,0.5337264836132483,54374400,linear_role_derived_v1,3479961600,756581903.8690633
,,vlm.layers.1.self_attn.v_proj,prefill,-1,output,self,linear,1465,59,960,320,82977600,331910400,8,8,0.5256406518144656,18124800,linear_role_derived_v1,1159987200,261016597.58983833
,,vlm.layers.1.self_attn.o_proj,prefill,-1,activation,unknown,linear,1465,177,960,960,248932800,995731200,8,8,0.5197875862481762,163123200,linear_role_derived_v1,10439884800,2407478801.0584636
,,vlm.layers.1.self_attn.o_proj,prefill,-1,output,unknown,linear,1465,177,960,960,248932800,995731200,8,8,0.5269764470571978,163123200,linear_role_derived_v1,10439884800,2335937604.1596727
,,vlm.layers.1.mlp.gate_proj,prefill,-1,activation,unknown,linear,1465,177,960,2560,248932800,995731200,8,8,0.5309081045165603,434995200,linear_role_derived_v1,27839692800,6126046627.903768
,,vlm.layers.1.mlp.gate_proj,prefill,-1,output,unknown,linear,1465,472,960,2560,663820800,2655283200,8,8,0.49373446305087154,1159987200,linear_role_derived_v1,74239180800,19027857934.42622
,,vlm.layers.1.mlp.up_proj,prefill,-1,activation,unknown,linear,1465,177,960,2560,248932800,995731200,8,8,0.5309081045165603,434995200,linear_role_derived_v1,27839692800,6126046627.903768
,,vlm.layers.1.mlp.up_proj,prefill,-1,output,unknown,linear,1465,472,960,2560,663820800,2655283200,8,8,0.5277474097678169,1159987200,linear_role_derived_v1,74239180800,16557008366.710548
,,vlm.layers.1.mlp.down_proj,prefill,-1,activation,unknown,linear,1465,177,2560,960,663820800,2655283200,8,8,0.5394847720951197,434995200,linear_role_derived_v1,27839692800,5904082670.465462
,,vlm.layers.1.mlp.down_proj,prefill,-1,output,unknown,linear,1465,66,2560,960,248932800,995731200,8,8,0.5279568652664495,162201600,linear_role_derived_v1,10380902400,2313121681.517693
,,vlm.layers.2.self_attn.q_proj,prefill,-1,activation,self,linear,1465,177,960,960,248932800,995731200,8,8,0.5315931829795029,163123200,linear_role_derived_v1,10439884800,2290562363.204689
,,vlm.layers.2.self_attn.q_proj,prefill,-1,output,self,linear,1465,177,960,960,248932800,995731200,8,8,0.5230500329807883,163123200,linear_role_derived_v1,10439884800,2374878263.811283
,,vlm.layers.2.self_attn.k_proj,prefill,-1,activation,self,linear,1465,177,960,320,248932800,995731200,8,8,0.5315931829795029,54374400,linear_role_derived_v1,3479961600,763520787.7348964
,,vlm.layers.2.self_attn.k_proj,prefill,-1,output,self,linear,1465,59,960,320,82977600,331910400,8,8,0.5294390202898132,18124800,linear_role_derived_v1,1159987200,256853223.0522046
,,vlm.layers.2.self_attn.v_proj,prefill,-1,activation,self,linear,1465,177,960,320,248932800,995731200,8,8,0.5315931829795029,54374400,linear_role_derived_v1,3479961600,763520787.7348964
,,vlm.layers.2.self_attn.v_proj,prefill,-1,output,self,linear,1465,59,960,320,82977600,331910400,8,8,0.5321937637386476,18124800,linear_role_derived_v1,1159987200,253854701.44837826
,,vlm.layers.2.self_attn.o_proj,prefill,-1,activation,unknown,linear,1465,177,960,960,248932800,995731200,8,8,0.5287242440530135,163123200,linear_role_derived_v1,10439884800,2318707164.2005787
,,vlm.layers.2.self_attn.o_proj,prefill,-1,output,unknown,linear,1465,177,960,960,248932800,995731200,8,8,0.5277881701406966,163123200,linear_role_derived_v1,10439884800,2327927400.2264967
,,vlm.layers.2.mlp.gate_proj,prefill,-1,activation,unknown,linear,1465,177,960,2560,248932800,995731200,8,8,0.5315609785050424,434995200,linear_role_derived_v1,27839692800,6109006242.890931
,,vlm.layers.2.mlp.gate_proj,prefill,-1,output,unknown,linear,1465,472,960,2560,663820800,2655283200,8,8,0.5080451554094116,1159987200,linear_role_derived_v1,74239180800,17967334548.75195
,,vlm.layers.2.mlp.up_proj,prefill,-1,activation,unknown,linear,1465,177,960,2560,248932800,995731200,8,8,0.5315609785050424,434995200,linear_role_derived_v1,27839692800,6109006242.890931
,,vlm.layers.2.mlp.up_proj,prefill,-1,output,unknown,linear,1465,472,960,2560,663820800,2655283200,8,8,0.527044108138823,1159987200,linear_role_derived_v1,74239180800,16606360099.35778
,,vlm.layers.2.mlp.down_proj,prefill,-1,activation,unknown,linear,1465,177,2560,960,663820800,2655283200,8,8,0.5373728459548119,434995200,linear_role_derived_v1,27839692800,5958359172.955952
,,vlm.layers.2.mlp.down_proj,prefill,-1,output,unknown,linear,1465,66,2560,960,248932800,995731200,8,8,0.5279846870320022,162201600,linear_role_derived_v1,10380902400,2312849023.2461567
,,vlm.layers.3.self_attn.q_proj,prefill,-1,activation,self,linear,1465,177,960,960,248932800,995731200,8,8,0.5312315663102652,163123200,linear_role_derived_v1,10439884800,2294100421.294923
,,vlm.layers.3.self_attn.q_proj,prefill,-1,output,self,linear,1465,177,960,960,248932800,995731200,8,8,0.5298442551564116,163123200,linear_role_derived_v1,10439884800,2307699206.2863503
,,vlm.layers.3.self_attn.k_proj,prefill,-1,activation,self,linear,1465,177,960,320,248932800,995731200,8,8,0.5312315663102652,54374400,linear_role_derived_v1,3479961600,764700140.431641
,,vlm.layers.3.self_attn.k_proj,prefill,-1,output,self,linear,1465,59,960,320,82977600,331910400,8,8,0.5387053493954995,18124800,linear_role_derived_v1,1159987200,246836871.6772808
,,vlm.layers.3.self_attn.v_proj,prefill,-1,activation,self,linear,1465,177,960,320,248932800,995731200,8,8,0.5312315663102652,54374400,linear_role_derived_v1,3479961600,764700140.431641
,,vlm.layers.3.self_attn.v_proj,prefill,-1,output,self,linear,1465,59,960,320,82977600,331910400,8,8,0.527590358723318,18124800,linear_role_derived_v1,1159987200,258875351.65142405
,,vlm.layers.3.self_attn.o_proj,prefill,-1,activation,unknown,linear,1465,177,960,960,248932800,995731200,8,8,0.5289806184640995,163123200,linear_role_derived_v1,10439884800,2316185093.062409
,,vlm.layers.3.self_attn.o_proj,prefill,-1,output,unknown,linear,1465,177,960,960,248932800,995731200,8,8,0.5304124466522692,163123200,linear_role_derived_v1,10439884800,2302124786.4685135
,,vlm.layers.3.mlp.gate_proj,prefill,-1,activation,unknown,linear,1465,177,960,2560,248932800,995731200,8,8,0.5321659801360046,434995200,linear_role_derived_v1,27839692800,6093236540.300743
,,vlm.layers.3.mlp.gate_proj,prefill,-1,output,unknown,linear,1465,472,960,2560,663820800,2655283200,8,8,0.5039191386440437,1159987200,linear_role_derived_v1,74239180800,18269981845.288033
,,vlm.layers.3.mlp.up_proj,prefill,-1,activation,unknown,linear,1465,177,960,2560,248932800,995731200,8,8,0.5321659801360046,434995200,linear_role_derived_v1,27839692800,6093236540.300743
,,vlm.layers.3.mlp.up_proj,prefill,-1,output,unknown,linear,1465,472,960,2560,663820800,2655283200,8,8,0.5264354713651637,1159987200,linear_role_derived_v1,74239180800,16649128336.324652
,,vlm.layers.3.mlp.down_proj,prefill,-1,activation,unknown,linear,1465,177,2560,960,663820800,2655283200,8,8,0.5384574217921463,434995200,linear_role_derived_v1,27839692800,5930454553.504657
,,vlm.layers.3.mlp.down_proj,prefill,-1,output,unknown,linear,1465,66,2560,960,248932800,995731200,8,8,0.5267437808516997,162201600,linear_role_derived_v1,10380902400,2325025752.066751
,,vlm.layers.4.self_attn.q_proj,prefill,-1,activation,self,linear,1465,177,960,960,248932800,995731200,8,8,0.5311680361125573,163123200,linear_role_derived_v1,10439884800,2294722282.8322153
,,vlm.layers.4.self_attn.q_proj,prefill,-1,output,self,linear,1465,177,960,960,248932800,995731200,8,8,0.5335940412432593,163123200,linear_role_derived_v1,10439884800,2271035311.7414994
,,vlm.layers.4.self_attn.k_proj,prefill,-1,activation,self,linear,1465,177,960,320,248932800,995731200,8,8,0.5311680361125573,54374400,linear_role_derived_v1,3479961600,764907427.6107384
,,vlm.layers.4.self_attn.k_proj,prefill,-1,output,self,linear,1465,59,960,320,82977600,331910400,8,8,0.5239298407039972,18124800,linear_role_derived_v1,1159987200,262902742.9958648
,,vlm.layers.4.self_attn.v_proj,prefill,-1,activation,self,linear,1465,177,960,320,248932800,995731200,8,8,0.5311680361125573,54374400,linear_role_derived_v1,3479961600,764907427.6107384
,,vlm.layers.4.self_attn.v_proj,prefill,-1,output,self,linear,1465,59,960,320,82977600,331910400,8,8,0.5293574591214979,18124800,linear_role_derived_v1,1159987200,256942270.2337677
,,vlm.layers.4.self_attn.o_proj,prefill,-1,activation,unknown,linear,1465,177,960,960,248932800,995731200,8,8,0.5281486901284203,163123200,linear_role_derived_v1,10439884800,2324374147.521893
,,vlm.layers.4.self_attn.o_proj,prefill,-1,output,unknown,linear,1465,177,960,960,248932800,995731200,8,8,0.5285150600885058,163123200,linear_role_derived_v1,10439884800,2320766018.2661304
,,vlm.layers.4.mlp.gate_proj,prefill,-1,activation,unknown,linear,1465,177,960,2560,248932800,995731200,8,8,0.5323586224876754,434995200,linear_role_derived_v1,27839692800,6088219488.557341
,,vlm.layers.4.mlp.gate_proj,prefill,-1,output,unknown,linear,1465,472,960,2560,663820800,2655283200,8,8,0.49156831256266753,1159987200,linear_role_derived_v1,74239180800,19191034680.399292
,,vlm.layers.4.mlp.up_proj,prefill,-1,activation,unknown,linear,1465,177,960,2560,248932800,995731200,8,8,0.5323586224876754,434995200,linear_role_derived_v1,27839692800,6088219488.557341
,,vlm.layers.4.mlp.up_proj,prefill,-1,output,unknown,linear,1465,472,960,2560,663820800,2655283200,8,8,0.5275109355567045,1159987200,linear_role_derived_v1,74239180800,16573593922.159088
,,vlm.layers.4.mlp.down_proj,prefill,-1,activation,unknown,linear,1465,177,2560,960,663820800,2655283200,8,8,0.5378178112978683,434995200,linear_role_derived_v1,27839692800,5946902913.68747
,,vlm.layers.4.mlp.down_proj,prefill,-1,output,unknown,linear,1465,66,2560,960,248932800,995731200,8,8,0.5277399934841853,162201600,linear_role_derived_v1,10380902400,2315247614.603026
,,vlm.layers.5.self_attn.q_proj,prefill,-1,activation,self,linear,1465,177,960,960,248932800,995731200,8,8,0.5321874979914258,163123200,linear_role_derived_v1,10439884800,2284753515.2993855
,,vlm.layers.5.self_attn.q_proj,prefill,-1,output,self,linear,1465,177,960,960,248932800,995731200,8,8,0.5253523691936137,163123200,linear_role_derived_v1,10439884800,2352005545.1593876
,,vlm.layers.5.self_attn.k_proj,prefill,-1,activation,self,linear,1465,177,960,320,248932800,995731200,8,8,0.5321874979914258,54374400,linear_role_derived_v1,3479961600,761584505.0997951
,,vlm.layers.5.self_attn.k_proj,prefill,-1,output,self,linear,1465,59,960,320,82977600,331910400,8,8,0.5220928419236035,18124800,linear_role_derived_v1,1159987200,264935568.55994081
,,vlm.layers.5.self_attn.v_proj,prefill,-1,activation,self,linear,1465,177,960,320,248932800,995731200,8,8,0.5321874979914258,54374400,linear_role_derived_v1,3479961600,761584505.0997951
,,vlm.layers.5.self_attn.v_proj,prefill,-1,output,self,linear,1465,59,960,320,82977600,331910400,8,8,0.526251524507819,18124800,linear_role_derived_v1,1159987200,260344764.11464137
,,vlm.layers.5.self_attn.o_proj,prefill,-1,activation,unknown,linear,1465,177,960,960,248932800,995731200,8,8,0.5219154376201127,163123200,linear_role_derived_v1,10439884800,2386190690.654929
,,vlm.layers.5.self_attn.o_proj,prefill,-1,output,unknown,linear,1465,177,960,960,248932800,995731200,8,8,0.5260538054848537,163123200,linear_role_derived_v1,10439884800,2345059074.084402
,,vlm.layers.5.mlp.gate_proj,prefill,-1,activation,unknown,linear,1465,177,960,2560,248932800,995731200,8,8,0.5326339156591658,434995200,linear_role_derived_v1,27839692800,6081053519.070964
,,vlm.layers.5.mlp.gate_proj,prefill,-1,output,unknown,linear,1465,472,960,2560,663820800,2655283200,8,8,0.4867922826461599,1159987200,linear_role_derived_v1,74239180800,19553275881.22384
,,vlm.layers.5.mlp.up_proj,prefill,-1,activation,unknown,linear,1465,177,960,2560,248932800,995731200,8,8,0.5326339156591658,434995200,linear_role_derived_v1,27839692800,6081053519.070964
,,vlm.layers.5.mlp.up_proj,prefill,-1,output,unknown,linear,1465,472,960,2560,663820800,2655283200,8,8,0.5263142522801334,1159987200,linear_role_derived_v1,74239180800,16657652836.287783
,,vlm.layers.5.mlp.down_proj,prefill,-1,activation,unknown,linear,1465,177,2560,960,663820800,2655283200,8,8,0.5370553626822179,434995200,linear_role_derived_v1,27839692800,5966539965.831918
,,vlm.layers.5.mlp.down_proj,prefill,-1,output,unknown,linear,1465,66,2560,960,248932800,995731200,8,8,0.5277537793332177,162201600,linear_role_derived_v1,10380902400,2315112446.738759
,,vlm.layers.6.self_attn.q_proj,prefill,-1,activation,self,linear,1465,177,960,960,248932800,995731200,8,8,0.5329258348036097,163123200,linear_role_derived_v1,10439884800,2277547267.454996
,,vlm.layers.6.self_attn.q_proj,prefill,-1,output,self,linear,1465,177,960,960,248932800,995731200,8,8,0.5235818471892816,163123200,linear_role_derived_v1,10439884800,2369585088.6255755
,,vlm.layers.6.self_attn.k_proj,prefill,-1,activation,self,linear,1465,177,960,320,248932800,995731200,8,8,0.5329258348036097,54374400,linear_role_derived_v1,3479961600,759182422.4849987
,,vlm.layers.6.self_attn.k_proj,prefill,-1,output,self,linear,1465,59,960,320,82977600,331910400,8,8,0.527696372273963,18124800,linear_role_derived_v1,1159987200,258759176.14010835
,,vlm.layers.6.self_attn.v_proj,prefill,-1,activation,self,linear,1465,177,960,320,248932800,995731200,8,8,0.5329258348036097,54374400,linear_role_derived_v1,3479961600,759182422.4849987
,,vlm.layers.6.self_attn.v_proj,prefill,-1,output,self,linear,1465,59,960,320,82977600,331910400,8,8,0.5236030235870885,18124800,linear_role_derived_v1,1159987200,263263826.78480944
,,vlm.layers.6.self_attn.o_proj,prefill,-1,activation,unknown,linear,1465,177,960,960,248932800,995731200,8,8,0.5216666857481216,163123200,linear_role_derived_v1,10439884800,2388674451.3441677
,,vlm.layers.6.self_attn.o_proj,prefill,-1,output,unknown,linear,1465,177,960,960,248932800,995731200,8,8,0.5277389982356684,163123200,linear_role_derived_v1,10439884800,2328412244.432702
,,vlm.layers.6.mlp.gate_proj,prefill,-1,activation,unknown,linear,1465,177,960,2560,248932800,995731200,8,8,0.5320427782116298,434995200,linear_role_derived_v1,27839692800,6096446214.168144
,,vlm.layers.6.mlp.gate_proj,prefill,-1,output,unknown,linear,1465,472,960,2560,663820800,2655283200,8,8,0.4828010123364619,1159987200,linear_role_derived_v1,74239180800,19858594288.72131
,,vlm.layers.6.mlp.up_proj,prefill,-1,activation,unknown,linear,1465,177,960,2560,248932800,995731200,8,8,0.5320427782116298,434995200,linear_role_derived_v1,27839692800,6096446214.168144
,,vlm.layers.6.mlp.up_proj,prefill,-1,output,unknown,linear,1465,472,960,2560,663820800,2655283200,8,8,0.5276683869351487,1159987200,linear_role_derived_v1,74239180800,16562549855.293499
,,vlm.layers.6.mlp.down_proj,prefill,-1,activation,unknown,linear,1465,177,2560,960,663820800,2655283200,8,8,0.5363286695746804,434995200,linear_role_derived_v1,27839692800,5985286252.742727
,,vlm.layers.6.mlp.down_proj,prefill,-1,output,unknown,linear,1465,66,2560,960,248932800,995731200,8,8,0.5291097717938336,162201600,linear_role_derived_v1,10380902400,2301836456.884751
,,vlm.layers.7.self_attn.q_proj,prefill,-1,activation,self,linear,1465,177,960,960,248932800,995731200,8,8,0.5321890626707289,163123200,linear_role_derived_v1,10439884800,2284738231.8234453
,,vlm.layers.7.self_attn.q_proj,prefill,-1,output,self,linear,1465,177,960,960,248932800,995731200,8,8,0.5333054734048707,163123200,linear_role_derived_v1,10439884800,2273846384.2506247
,,vlm.layers.7.self_attn.k_proj,prefill,-1,activation,self,linear,1465,177,960,320,248932800,995731200,8,8,0.5321890626707289,54374400,linear_role_derived_v1,3479961600,761579410.6078151
,,vlm.layers.7.self_attn.k_proj,prefill,-1,output,self,linear,1465,59,960,320,82977600,331910400,8,8,0.5288649617487129,18124800,linear_role_derived_v1,1159987200,257480298.9576578
,,vlm.layers.7.self_attn.v_proj,prefill,-1,activation,self,linear,1465,177,960,320,248932800,995731200,8,8,0.5321890626707289,54374400,linear_role_derived_v1,3479961600,761579410.6078151
,,vlm.layers.7.self_attn.v_proj,prefill,-1,output,self,linear,1465,59,960,320,82977600,331910400,8,8,0.5273485946809742,18124800,linear_role_derived_v1,1159987200,259140387.5903659
,,vlm.layers.7.self_attn.o_proj,prefill,-1,activation,unknown,linear,1465,177,960,960,248932800,995731200,8,8,0.5254508666595965,163123200,linear_role_derived_v1,10439884800,2351029484.0405264
,,vlm.layers.7.self_attn.o_proj,prefill,-1,output,unknown,linear,1465,177,960,960,248932800,995731200,8,8,0.5303747256287641,163123200,linear_role_derived_v1,10439884800,2302494651.4291325
,,vlm.layers.7.mlp.gate_proj,prefill,-1,activation,unknown,linear,1465,177,960,2560,248932800,995731200,8,8,0.53262150970061,434995200,linear_role_derived_v1,27839692800,6081376359.352849
,,vlm.layers.7.mlp.gate_proj,prefill,-1,output,unknown,linear,1465,472,960,2560,663820800,2655283200,8,8,0.47888962164186477,1159987200,linear_role_derived_v1,74239180800,20160096943.656315
,,vlm.layers.7.mlp.up_proj,prefill,-1,activation,unknown,linear,1465,177,960,2560,248932800,995731200,8,8,0.53262150970061,434995200,linear_role_derived_v1,27839692800,6081376359.352849
,,vlm.layers.7.mlp.up_proj,prefill,-1,output,unknown,linear,1465,472,960,2560,663820800,2655283200,8,8,0.5256509143732766,1159987200,linear_role_derived_v1,74239180800,16704339440.012127
,,vlm.layers.7.mlp.down_proj,prefill,-1,activation,unknown,linear,1465,177,2560,960,663820800,2655283200,8,8,0.5380193788745397,434995200,linear_role_derived_v1,27839692800,5941716900.68961
,,vlm.layers.7.mlp.down_proj,prefill,-1,output,unknown,linear,1465,66,2560,960,248932800,995731200,8,8,0.5258774948500158,162201600,linear_role_derived_v1,10380902400,2333545368.2911134
,,vlm.layers.8.self_attn.q_proj,prefill,-1,activation,self,linear,1465,177,960,960,248932800,995731200,8,8,0.5327091327458655,163123200,linear_role_derived_v1,10439884800,2279661123.0646925
,,vlm.layers.8.self_attn.q_proj,prefill,-1,output,self,linear,1465,177,960,960,248932800,995731200,8,8,0.5266174284786899,163123200,linear_role_derived_v1,10439884800,2339484840.8801403
,,vlm.layers.8.self_attn.k_proj,prefill,-1,activation,self,linear,1465,177,960,320,248932800,995731200,8,8,0.5327091327458655,54374400,linear_role_derived_v1,3479961600,759887041.0215641
,,vlm.layers.8.self_attn.k_proj,prefill,-1,output,self,linear,1465,59,960,320,82977600,331910400,8,8,0.5234497954869748,18124800,linear_role_derived_v1,1159987200,263433206.12758413
,,vlm.layers.8.self_attn.v_proj,prefill,-1,activation,self,linear,1465,177,960,320,248932800,995731200,8,8,0.5327091327458655,54374400,linear_role_derived_v1,3479961600,759887041.0215641
,,vlm.layers.8.self_attn.v_proj,prefill,-1,output,self,linear,1465,59,960,320,82977600,331910400,8,8,0.5340658472889069,18124800,linear_role_derived_v1,1159987200,251826997.39729717
,,vlm.layers.8.self_attn.o_proj,prefill,-1,activation,unknown,linear,1465,177,960,960,248932800,995731200,8,8,0.5314233017906841,163123200,linear_role_derived_v1,10439884800,2292224140.9866643
,,vlm.layers.8.self_attn.o_proj,prefill,-1,output,unknown,linear,1465,177,960,960,248932800,995731200,8,8,0.5296957241070682,163123200,linear_role_derived_v1,10439884800,2309157527.837852
,,vlm.layers.8.mlp.gate_proj,prefill,-1,activation,unknown,linear,1465,177,960,2560,248932800,995731200,8,8,0.5326401422391907,434995200,linear_role_derived_v1,27839692800,6080891487.997621
,,vlm.layers.8.mlp.gate_proj,prefill,-1,output,unknown,linear,1465,472,960,2560,663820800,2655283200,8,8,0.4698361884713465,1159987200,linear_role_derived_v1,74239180800,20866678786.584686
,,vlm.layers.8.mlp.up_proj,prefill,-1,activation,unknown,linear,1465,177,960,2560,248932800,995731200,8,8,0.5326401422391907,434995200,linear_role_derived_v1,27839692800,6080891487.997621
,,vlm.layers.8.mlp.up_proj,prefill,-1,output,unknown,linear,1465,472,960,2560,663820800,2655283200,8,8,0.528755019050322,1159987200,linear_role_derived_v1,74239180800,16486430891.651451
,,vlm.layers.8.mlp.down_proj,prefill,-1,activation,unknown,linear,1465,177,2560,960,663820800,2655283200,8,8,0.5365801749508301,434995200,linear_role_derived_v1,27839692800,5978794915.843713
,,vlm.layers.8.mlp.down_proj,prefill,-1,output,unknown,linear,1465,66,2560,960,248932800,995731200,8,8,0.5272571844690616,162201600,linear_role_derived_v1,10380902400,2319983962.3814335
,,vlm.layers.9.self_attn.q_proj,prefill,-1,activation,self,linear,1465,177,960,960,248932800,995731200,8,8,0.5334606347576535,163123200,linear_role_derived_v1,10439884800,2272334669.79402
,,vlm.layers.9.self_attn.q_proj,prefill,-1,output,self,linear,1465,177,960,960,248932800,995731200,8,8,0.5276707318199931,163123200,linear_role_derived_v1,10439884800,2329085447.792762
,,vlm.layers.9.self_attn.k_proj,prefill,-1,activation,self,linear,1465,177,960,320,248932800,995731200,8,8,0.5334606347576535,54374400,linear_role_derived_v1,3479961600,757444889.9313401
,,vlm.layers.9.self_attn.k_proj,prefill,-1,output,self,linear,1465,59,960,320,82977600,331910400,8,8,0.5300015757264611,18124800,linear_role_derived_v1,1159987200,256239454.32970607
,,vlm.layers.9.self_attn.v_proj,prefill,-1,activation,self,linear,1465,177,960,320,248932800,995731200,8,8,0.5334606347576535,54374400,linear_role_derived_v1,3479961600,757444889.9313401
,,vlm.layers.9.self_attn.v_proj,prefill,-1,output,self,linear,1465,59,960,320,82977600,331910400,8,8,0.5268638825417944,18124800,linear_role_derived_v1,1159987200,259672165.96671668
,,vlm.layers.9.self_attn.o_proj,prefill,-1,activation,unknown,linear,1465,177,960,960,248932800,995731200,8,8,0.5247279747787355,163123200,linear_role_derived_v1,10439884800,2358197696.9017444
,,vlm.layers.9.self_attn.o_proj,prefill,-1,output,unknown,linear,1465,177,960,960,248932800,995731200,8,8,0.5281045125431442,163123200,linear_role_derived_v1,10439884800,2324809411.945134
,,vlm.layers.9.mlp.gate_proj,prefill,-1,activation,unknown,linear,1465,177,960,2560,248932800,995731200,8,8,0.5329436779725292,434995200,linear_role_derived_v1,27839692800,6072995352.109905
,,vlm.layers.9.mlp.gate_proj,prefill,-1,output,unknown,linear,1465,472,960,2560,663820800,2655283200,8,8,0.46769414878232196,1159987200,linear_role_derived_v1,74239180800,21035636188.49426
,,vlm.layers.9.mlp.up_proj,prefill,-1,activation,unknown,linear,1465,177,960,2560,248932800,995731200,8,8,0.5329436779725292,434995200,linear_role_derived_v1,27839692800,6072995352.109905
,,vlm.layers.9.mlp.up_proj,prefill,-1,output,unknown,linear,1465,472,960,2560,663820800,2655283200,8,8,0.5251382583221255,1159987200,linear_role_derived_v1,74239180800,16740465611.764227
,,vlm.layers.9.mlp.down_proj,prefill,-1,activation,unknown,linear,1465,177,2560,960,663820800,2655283200,8,8,0.5365849273629268,434995200,linear_role_derived_v1,27839692800,5978672290.310433
,,vlm.layers.9.mlp.down_proj,prefill,-1,output,unknown,linear,1465,66,2560,960,248932800,995731200,8,8,0.5251188664169607,162201600,linear_role_derived_v1,10380902400,2341019007.034655
,,vlm.layers.10.self_attn.q_proj,prefill,-1,activation,self,linear,1465,177,960,960,248932800,995731200,8,8,0.5332358833387967,163123200,linear_role_derived_v1,10439884800,2274524553.4113226
,,vlm.layers.10.self_attn.q_proj,prefill,-1,output,self,linear,1465,177,960,960,248932800,995731200,8,8,0.526478052510557,163123200,linear_role_derived_v1,10439884800,2340862652.34019
,,vlm.layers.10.self_attn.k_proj,prefill,-1,activation,self,linear,1465,177,960,320,248932800,995731200,8,8,0.5332358833387967,54374400,linear_role_derived_v1,3479961600,758174851.1371076
,,vlm.layers.10.self_attn.k_proj,prefill,-1,output,self,linear,1465,59,960,320,82977600,331910400,8,8,0.5261644859576561,18124800,linear_role_derived_v1,1159987200,260440435.60940796
,,vlm.layers.10.self_attn.v_proj,prefill,-1,activation,self,linear,1465,177,960,320,248932800,995731200,8,8,0.5332358833387967,54374400,linear_role_derived_v1,3479961600,758174851.1371076
,,vlm.layers.10.self_attn.v_proj,prefill,-1,output,self,linear,1465,59,960,320,82977600,331910400,8,8,0.5263454564846416,18124800,linear_role_derived_v1,1159987200,260241535.18516096
,,vlm.layers.10.self_attn.o_proj,prefill,-1,activation,unknown,linear,1465,177,960,960,248932800,995731200,8,8,0.5279399530716724,163123200,linear_role_derived_v1,10439884800,2326431110.491131
,,vlm.layers.10.self_attn.o_proj,prefill,-1,output,unknown,linear,1465,177,960,960,248932800,995731200,8,8,0.5258418577222447,163123200,linear_role_derived_v1,10439884800,2347156954.2450333
,,vlm.layers.10.mlp.gate_proj,prefill,-1,activation,unknown,linear,1465,177,960,2560,248932800,995731200,8,8,0.5334796308481646,434995200,linear_role_derived_v1,27839692800,6059065675.172958
,,vlm.layers.10.mlp.gate_proj,prefill,-1,output,unknown,linear,1465,472,960,2560,663820800,2655283200,8,8,0.477475966781999,1159987200,linear_role_derived_v1,74239180800,20269624891.86534
,,vlm.layers.10.mlp.up_proj,prefill,-1,activation,unknown,linear,1465,177,960,2560,248932800,995731200,8,8,0.5334796308481646,434995200,linear_role_derived_v1,27839692800,6059065675.172958
,,vlm.layers.10.mlp.up_proj,prefill,-1,output,unknown,linear,1465,472,960,2560,663820800,2655283200,8,8,0.5265446292131852,1159987200,linear_role_derived_v1,74239180800,16641453886.677317
,,vlm.layers.10.mlp.down_proj,prefill,-1,activation,unknown,linear,1465,177,2560,960,663820800,2655283200,8,8,0.5375319480046422,434995200,linear_role_derived_v1,27839692800,5954261600.478078
,,vlm.layers.10.mlp.down_proj,prefill,-1,output,unknown,linear,1465,66,2560,960,248932800,995731200,8,8,0.5261469822377767,162201600,linear_role_derived_v1,10380902400,2330893385.6539946
,,vlm.layers.11.self_attn.q_proj,prefill,-1,activation,self,linear,1465,177,960,960,248932800,995731200,8,8,0.5327172062098687,163123200,linear_role_derived_v1,10439884800,2279582351.5572004
,,vlm.layers.11.self_attn.q_proj,prefill,-1,output,self,linear,1465,177,960,960,248932800,995731200,8,8,0.5276772546647127,163123200,linear_role_derived_v1,10439884800,2329021119.1185265
,,vlm.layers.11.self_attn.k_proj,prefill,-1,activation,self,linear,1465,177,960,320,248932800,995731200,8,8,0.5327172062098687,54374400,linear_role_derived_v1,3479961600,759860783.8524001
,,vlm.layers.11.self_attn.k_proj,prefill,-1,output,self,linear,1465,59,960,320,82977600,331910400,8,8,0.5270772563920866,18124800,linear_role_derived_v1,1159987200,259438006.05330384
,,vlm.layers.11.self_attn.v_proj,prefill,-1,activation,self,linear,1465,177,960,320,248932800,995731200,8,8,0.5327172062098687,54374400,linear_role_derived_v1,3479961600,759860783.8524001
,,vlm.layers.11.self_attn.v_proj,prefill,-1,output,self,linear,1465,59,960,320,82977600,331910400,8,8,0.5297752736883207,18124800,linear_role_derived_v1,1159987200,256486269.92792332
,,vlm.layers.11.self_attn.o_proj,prefill,-1,activation,unknown,linear,1465,177,960,960,248932800,995731200,8,8,0.5321960575303857,163123200,linear_role_derived_v1,10439884800,2284669908.051899
,,vlm.layers.11.self_attn.o_proj,prefill,-1,output,unknown,linear,1465,177,960,960,248932800,995731200,8,8,0.5282864813315079,163123200,linear_role_derived_v1,10439884800,2323016806.599973
,,vlm.layers.11.mlp.gate_proj,prefill,-1,activation,unknown,linear,1465,177,960,2560,248932800,995731200,8,8,0.5340615107772058,434995200,linear_role_derived_v1,27839692800,6043960439.866696
,,vlm.layers.11.mlp.gate_proj,prefill,-1,output,unknown,linear,1465,472,960,2560,663820800,2655283200,8,8,0.486562857400672,1159987200,linear_role_derived_v1,74239180800,19570762047.87843
,,vlm.layers.11.mlp.up_proj,prefill,-1,activation,unknown,linear,1465,177,960,2560,248932800,995731200,8,8,0.5340615107772058,434995200,linear_role_derived_v1,27839692800,6043960439.866696
,,vlm.layers.11.mlp.up_proj,prefill,-1,output,unknown,linear,1465,472,960,2560,663820800,2655283200,8,8,0.5254711772363867,1159987200,linear_role_derived_v1,74239180800,16717000828.252258
,,vlm.layers.11.mlp.down_proj,prefill,-1,activation,unknown,linear,1465,177,2560,960,663820800,2655283200,8,8,0.537357674691724,434995200,linear_role_derived_v1,27839692800,5958749972.830116
,,vlm.layers.11.mlp.down_proj,prefill,-1,output,unknown,linear,1465,66,2560,960,248932800,995731200,8,8,0.5275151456537668,162201600,linear_role_derived_v1,10380902400,2317452765.673191
,,vlm.layers.12.self_attn.q_proj,prefill,-1,activation,self,linear,1465,177,960,960,248932800,995731200,8,8,0.5337165672824151,163123200,linear_role_derived_v1,10439884800,2269842254.893173
,,vlm.layers.12.self_attn.q_proj,prefill,-1,output,self,linear,1465,177,960,960,248932800,995731200,8,8,0.5242917094492971,163123200,linear_role_derived_v1,10439884800,2362528993.601024
,,vlm.layers.12.self_attn.k_proj,prefill,-1,activation,self,linear,1465,177,960,320,248932800,995731200,8,8,0.5337165672824151,54374400,linear_role_derived_v1,3479961600,756614084.9643912
,,vlm.layers.12.self_attn.k_proj,prefill,-1,output,self,linear,1465,59,960,320,82977600,331910400,8,8,0.5283135930660805,18124800,linear_role_derived_v1,1159987200,258083309.27677706
,,vlm.layers.12.self_attn.v_proj,prefill,-1,activation,self,linear,1465,177,960,320,248932800,995731200,8,8,0.5337165672824151,54374400,linear_role_derived_v1,3479961600,756614084.9643912
,,vlm.layers.12.self_attn.v_proj,prefill,-1,output,self,linear,1465,59,960,320,82977600,331910400,8,8,0.5335537663176568,18124800,linear_role_derived_v1,1159987200,252380838.22033587
,,vlm.layers.12.self_attn.o_proj,prefill,-1,activation,unknown,linear,1465,177,960,960,248932800,995731200,8,8,0.5340632060138318,163123200,linear_role_derived_v1,10439884800,2266468672.551279
,,vlm.layers.12.self_attn.o_proj,prefill,-1,output,unknown,linear,1465,177,960,960,248932800,995731200,8,8,0.5250123426884685,163123200,linear_role_derived_v1,10439884800,2355376596.1569858
,,vlm.layers.12.mlp.gate_proj,prefill,-1,activation,unknown,linear,1465,177,960,2560,248932800,995731200,8,8,0.5335697103796687,434995200,linear_role_derived_v1,27839692800,6056726034.120051
,,vlm.layers.12.mlp.gate_proj,prefill,-1,output,unknown,linear,1465,472,960,2560,663820800,2655283200,8,8,0.47171915334680686,1159987200,linear_role_derived_v1,74239180800,20718719051.440342
,,vlm.layers.12.mlp.up_proj,prefill,-1,activation,unknown,linear,1465,177,960,2560,248932800,995731200,8,8,0.5335697103796687,434995200,linear_role_derived_v1,27839692800,6056726034.120051
,,vlm.layers.12.mlp.up_proj,prefill,-1,output,unknown,linear,1465,472,960,2560,663820800,2655283200,8,8,0.5287330323183607,1159987200,linear_role_derived_v1,74239180800,16487969332.19847
,,vlm.layers.12.mlp.down_proj,prefill,-1,activation,unknown,linear,1465,177,2560,960,663820800,2655283200,8,8,0.5366183320860087,434995200,linear_role_derived_v1,27839692800,5977810390.446116
,,vlm.layers.12.mlp.down_proj,prefill,-1,output,unknown,linear,1465,66,2560,960,248932800,995731200,8,8,0.5270502340390659,162201600,linear_role_derived_v1,10380902400,2322015624.220139
,,vlm.layers.13.self_attn.q_proj,prefill,-1,activation,self,linear,1465,177,960,960,248932800,995731200,8,8,0.5339596469408612,163123200,linear_role_derived_v1,10439884800,2267476274.7898912
,,vlm.layers.13.self_attn.q_proj,prefill,-1,output,self,linear,1465,177,960,960,248932800,995731200,8,8,0.5281119201647995,163123200,linear_role_derived_v1,10439884800,2324736424.7103095
,,vlm.layers.13.self_attn.k_proj,prefill,-1,activation,self,linear,1465,177,960,320,248932800,995731200,8,8,0.5339596469408612,54374400,linear_role_derived_v1,3479961600,755825424.9299638
,,vlm.layers.13.self_attn.k_proj,prefill,-1,output,self,linear,1465,59,960,320,82977600,331910400,8,8,0.5277813560527178,18124800,linear_role_derived_v1,1159987200,258666065.04430524
,,vlm.layers.13.self_attn.v_proj,prefill,-1,activation,self,linear,1465,177,960,320,248932800,995731200,8,8,0.5339596469408612,54374400,linear_role_derived_v1,3479961600,755825424.9299638
,,vlm.layers.13.self_attn.v_proj,prefill,-1,output,self,linear,1465,59,960,320,82977600,331910400,8,8,0.5311047891238118,18124800,linear_role_derived_v1,1159987200,255037939.5450446
,,vlm.layers.13.self_attn.o_proj,prefill,-1,activation,unknown,linear,1465,177,960,960,248932800,995731200,8,8,0.5381927361520861,163123200,linear_role_derived_v1,10439884800,2226471938.7244363
,,vlm.layers.13.self_attn.o_proj,prefill,-1,output,unknown,linear,1465,177,960,960,248932800,995731200,8,8,0.5291103432331938,163123200,linear_role_derived_v1,10439884800,2314909454.683256
,,vlm.layers.13.mlp.gate_proj,prefill,-1,activation,unknown,linear,1465,177,960,2560,248932800,995731200,8,8,0.5342121448037382,434995200,linear_role_derived_v1,27839692800,6040053147.587849
,,vlm.layers.13.mlp.gate_proj,prefill,-1,output,unknown,linear,1465,472,960,2560,663820800,2655283200,8,8,0.47739097697752164,1159987200,linear_role_derived_v1,74239180800,20276219235.65995
,,vlm.layers.13.mlp.up_proj,prefill,-1,activation,unknown,linear,1465,177,960,2560,248932800,995731200,8,8,0.5342121448037382,434995200,linear_role_derived_v1,27839692800,6040053147.587849
,,vlm.layers.13.mlp.up_proj,prefill,-1,output,unknown,linear,1465,472,960,2560,663820800,2655283200,8,8,0.5270482824581574,1159987200,linear_role_derived_v1,74239180800,16606066964.436243
,,vlm.layers.13.mlp.down_proj,prefill,-1,activation,unknown,linear,1465,177,2560,960,663820800,2655283200,8,8,0.5365105925424452,434995200,linear_role_derived_v1,27839692800,5980590480.727141
,,vlm.layers.13.mlp.down_proj,prefill,-1,output,unknown,linear,1465,66,2560,960,248932800,995731200,8,8,0.5260600129834236,162201600,linear_role_derived_v1,10380902400,2331749071.5102005
,,vlm.layers.14.self_attn.q_proj,prefill,-1,activation,self,linear,1465,177,960,960,248932800,995731200,8,8,0.5335992816133511,163123200,linear_role_derived_v1,10439884800,2270984278.9515285
,,vlm.layers.14.self_attn.q_proj,prefill,-1,output,self,linear,1465,177,960,960,248932800,995731200,8,8,0.53536537772443,163123200,linear_role_derived_v1,10439884800,2253817998.3568954
,,vlm.layers.14.self_attn.k_proj,prefill,-1,activation,self,linear,1465,177,960,320,248932800,995731200,8,8,0.5335992816133511,54374400,linear_role_derived_v1,3479961600,756994759.6505096
,,vlm.layers.14.self_attn.k_proj,prefill,-1,output,self,linear,1465,59,960,320,82977600,331910400,8,8,0.5319596583897341,18124800,linear_role_derived_v1,1159987200,254108839.20405346
,,vlm.layers.14.self_attn.v_proj,prefill,-1,activation,self,linear,1465,177,960,320,248932800,995731200,8,8,0.5335992816133511,54374400,linear_role_derived_v1,3479961600,756994759.6505096
,,vlm.layers.14.self_attn.v_proj,prefill,-1,output,self,linear,1465,59,960,320,82977600,331910400,8,8,0.5280974082161933,18124800,linear_role_derived_v1,1159987200,258319934.65511945
,,vlm.layers.14.self_attn.o_proj,prefill,-1,activation,unknown,linear,1465,177,960,960,248932800,995731200,8,8,0.5295030656868038,163123200,linear_role_derived_v1,10439884800,2311049791.1478605
,,vlm.layers.14.self_attn.o_proj,prefill,-1,output,unknown,linear,1465,177,960,960,248932800,995731200,8,8,0.5317707429474943,163123200,linear_role_derived_v1,10439884800,2288826115.658788
,,vlm.layers.14.mlp.gate_proj,prefill,-1,activation,unknown,linear,1465,177,960,2560,248932800,995731200,8,8,0.5341840368163617,434995200,linear_role_derived_v1,27839692800,6040782144.096596
,,vlm.layers.14.mlp.gate_proj,prefill,-1,output,unknown,linear,1465,472,960,2560,663820800,2655283200,8,8,0.47899592028451055,1159987200,linear_role_derived_v1,74239180800,20151873072.243183
,,vlm.layers.14.mlp.up_proj,prefill,-1,activation,unknown,linear,1465,177,960,2560,248932800,995731200,8,8,0.5341840368163617,434995200,linear_role_derived_v1,27839692800,6040782144.096596
,,vlm.layers.14.mlp.up_proj,prefill,-1,output,unknown,linear,1465,472,960,2560,663820800,2655283200,8,8,0.5278513293798567,1159987200,linear_role_derived_v1,74239180800,16549722398.938099
,,vlm.layers.14.mlp.down_proj,prefill,-1,activation,unknown,linear,1465,177,2560,960,663820800,2655283200,8,8,0.5381369938242369,434995200,linear_role_derived_v1,27839692800,5938691900.311686
,,vlm.layers.14.mlp.down_proj,prefill,-1,output,unknown,linear,1465,66,2560,960,248932800,995731200,8,8,0.5245914489773947,162201600,linear_role_derived_v1,10380902400,2346221908.5938315
,,vlm.layers.15.self_attn.q_proj,prefill,-1,activation,self,linear,1465,177,960,960,248932800,995731200,8,8,0.533692718476633,163123200,linear_role_derived_v1,10439884800,2270074450.196091
,,vlm.layers.15.self_attn.q_proj,prefill,-1,output,self,linear,1465,177,960,960,248932800,995731200,8,8,0.5275727314761253,163123200,linear_role_derived_v1,10439884800,2330052039.8262916
,,vlm.layers.15.self_attn.k_proj,prefill,-1,activation,self,linear,1465,177,960,320,248932800,995731200,8,8,0.533692718476633,54374400,linear_role_derived_v1,3479961600,756691483.3986971
,,vlm.layers.15.self_attn.k_proj,prefill,-1,output,self,linear,1465,59,960,320,82977600,331910400,8,8,0.5301671866865274,18124800,linear_role_derived_v1,1159987200,256058906.5518532
,,vlm.layers.15.self_attn.v_proj,prefill,-1,activation,self,linear,1465,177,960,320,248932800,995731200,8,8,0.533692718476633,54374400,linear_role_derived_v1,3479961600,756691483.3986971
,,vlm.layers.15.self_attn.v_proj,prefill,-1,output,self,linear,1465,59,960,320,82977600,331910400,8,8,0.5249558284404465,18124800,linear_role_derived_v1,1159987200,261770790.7847837
,,vlm.layers.15.self_attn.o_proj,prefill,-1,activation,unknown,linear,1465,177,960,960,248932800,995731200,8,8,0.526821206365734,163123200,linear_role_derived_v1,10439884800,2337471109.5104017
,,vlm.layers.15.self_attn.o_proj,prefill,-1,output,unknown,linear,1465,177,960,960,248932800,995731200,8,8,0.5269349750213712,163123200,linear_role_derived_v1,10439884800,2336347225.770183
,,vlm.layers.15.mlp.gate_proj,prefill,-1,activation,unknown,linear,1465,177,960,2560,248932800,995731200,8,8,0.5332738785326803,434995200,linear_role_derived_v1,27839692800,6064411386.903076
,,vlm.layers.15.mlp.gate_proj,prefill,-1,output,unknown,linear,1465,472,960,2560,663820800,2655283200,8,8,0.492956016894921,1159987200,linear_role_derived_v1,74239180800,19086418312.541668
,,vlm.layers.15.mlp.up_proj,prefill,-1,activation,unknown,linear,1465,177,960,2560,248932800,995731200,8,8,0.5332738785326803,434995200,linear_role_derived_v1,27839692800,6064411386.903076
,,vlm.layers.15.mlp.up_proj,prefill,-1,output,unknown,linear,1465,472,960,2560,663820800,2655283200,8,8,0.5251476091137849,1159987200,linear_role_derived_v1,74239180800,16739806324.85501
,,vlm.layers.15.mlp.down_proj,prefill,-1,activation,unknown,linear,1465,177,2560,960,663820800,2655283200,8,8,0.5371828733748626,434995200,linear_role_derived_v1,27839692800,5963253642.554153
,,vlm.layers.15.mlp.down_proj,prefill,-1,output,unknown,linear,1465,66,2560,960,248932800,995731200,8,8,0.5300998271421042,162201600,linear_role_derived_v1,10380902400,2292167325.5405383
,,expert.layers.0.self_attn.q_proj,denoise,0,activation,self,linear,1465,50,720,960,52740000,210960000,8,4,0.535508646188851,34560000,linear_role_derived_v1,1105920000,238604692.6710161
,,expert.layers.0.self_attn.q_proj,denoise,0,output,self,linear,1465,66,720,960,70320000,281280000,8,4,0.5298899032992036,45619200,linear_role_derived_v1,1459814400,322624096.1590864
,,expert.layers.0.self_attn.q_proj,denoise,1,activation,self,linear,1465,50,720,960,52740000,210960000,8,4,0.5357242415623815,34560000,linear_role_derived_v1,1105920000,238383245.58095556
,,expert.layers.0.self_attn.q_proj,denoise,1,output,self,linear,1465,66,720,960,70320000,281280000,8,4,0.5301971096416382,45619200,linear_role_derived_v1,1459814400,322202578.793369
,,expert.layers.0.self_attn.q_proj,denoise,2,activation,self,linear,1465,50,720,960,52740000,210960000,8,4,0.5356389979142966,34560000,linear_role_derived_v1,1105920000,238470790.63417011
,,expert.layers.0.self_attn.q_proj,denoise,2,output,self,linear,1465,66,720,960,70320000,281280000,8,4,0.5303651592718999,45619200,linear_role_derived_v1,1459814400,321972114.7359327
,,expert.layers.0.self_attn.q_proj,denoise,3,activation,self,linear,1465,50,720,960,52740000,210960000,8,4,0.5357030479711794,34560000,linear_role_derived_v1,1105920000,238405009.85478467
,,expert.layers.0.self_attn.q_proj,denoise,3,output,self,linear,1465,66,720,960,70320000,281280000,8,4,0.530594784556314,45619200,linear_role_derived_v1,1459814400,321657338.8400039
,,expert.layers.0.self_attn.q_proj,denoise,4,activation,self,linear,1465,50,720,960,52740000,210960000,8,4,0.5358612390974592,34560000,linear_role_derived_v1,1105920000,238242583.06244364
,,expert.layers.0.self_attn.q_proj,denoise,4,output,self,linear,1465,66,720,960,70320000,281280000,8,4,0.5310094745449374,45619200,linear_role_derived_v1,1459814400,321089261.81909233
,,expert.layers.0.self_attn.q_proj,denoise,5,activation,self,linear,1465,50,720,960,52740000,210960000,8,4,0.5359479285172545,34560000,linear_role_derived_v1,1105920000,238153595.95645064
,,expert.layers.0.self_attn.q_proj,denoise,5,output,self,linear,1465,66,720,960,70320000,281280000,8,4,0.5313143024744027,45619200,linear_role_derived_v1,1459814400,320672003.21284443
,,expert.layers.0.self_attn.q_proj,denoise,6,activation,self,linear,1465,50,720,960,52740000,210960000,8,4,0.5359716770951839,34560000,linear_role_derived_v1,1105920000,238129220.82763243
,,expert.layers.0.self_attn.q_proj,denoise,6,output,self,linear,1465,66,720,960,70320000,281280000,8,4,0.5310854344425483,45619200,linear_role_derived_v1,1459814400,320985260.0067898
,,expert.layers.0.self_attn.q_proj,denoise,7,activation,self,linear,1465,50,720,960,52740000,210960000,8,4,0.5362236632536974,34560000,linear_role_derived_v1,1105920000,237870663.44231468
,,expert.layers.0.self_attn.q_proj,denoise,7,output,self,linear,1465,66,720,960,70320000,281280000,8,4,0.531415688993174,45619200,linear_role_derived_v1,1459814400,320533282.0965326
,,expert.layers.0.self_attn.q_proj,denoise,8,activation,self,linear,1465,50,720,960,52740000,210960000,8,4,0.5366710750853242,34560000,linear_role_derived_v1,1105920000,237411930.18941075
,,expert.layers.0.self_attn.q_proj,denoise,8,output,self,linear,1465,66,720,960,70320000,281280000,8,4,0.5322776094994311,45619200,linear_role_derived_v1,1459814400,319355179.83839
,,expert.layers.0.self_attn.q_proj,denoise,9,activation,self,linear,1465,50,720,960,52740000,210960000,8,4,0.53763237580584,34560000,linear_role_derived_v1,1105920000,236427802.10707265
,,expert.layers.0.self_attn.q_proj,denoise,9,output,self,linear,1465,66,720,960,70320000,281280000,8,4,0.5325382252559727,45619200,linear_role_derived_v1,1459814400,318999388.4295669
,,expert.layers.0.self_attn.k_proj,denoise,0,activation,self,linear,1465,50,720,320,52740000,210960000,8,4,0.535508646188851,11520000,linear_role_derived_v1,368640000,79534897.55700536
,,expert.layers.0.self_attn.k_proj,denoise,0,output,self,linear,1465,22,720,320,23440000,93760000,8,4,0.5290474616040955,5068800,linear_role_derived_v1,162201600,35975713.66704421
,,expert.layers.0.self_attn.k_proj,denoise,1,activation,self,linear,1465,50,720,320,52740000,210960000,8,4,0.5357242415623815,11520000,linear_role_derived_v1,368640000,79461081.86031853
,,expert.layers.0.self_attn.k_proj,denoise,1,output,self,linear,1465,22,720,320,23440000,93760000,8,4,0.5282610708191127,5068800,linear_role_derived_v1,162201600,36095957.587014936
,,expert.layers.0.self_attn.k_proj,denoise,2,activation,self,linear,1465,50,720,320,52740000,210960000,8,4,0.5356389979142966,11520000,linear_role_derived_v1,368640000,79490263.54472338
,,expert.layers.0.self_attn.k_proj,denoise,2,output,self,linear,1465,22,720,320,23440000,93760000,8,4,0.5279173528156996,5068800,linear_role_derived_v1,162201600,36148577.15954668
,,expert.layers.0.self_attn.k_proj,denoise,3,activation,self,linear,1465,50,720,320,52740000,210960000,8,4,0.5357030479711794,11520000,linear_role_derived_v1,368640000,79468336.61826156
,,expert.layers.0.self_attn.k_proj,denoise,3,output,self,linear,1465,22,720,320,23440000,93760000,8,4,0.5276575831911263,5068800,linear_role_derived_v1,162201600,36188370.55564665
,,expert.layers.0.self_attn.k_proj,denoise,4,activation,self,linear,1465,50,720,320,52740000,210960000,8,4,0.5358612390974592,11520000,linear_role_derived_v1,368640000,79414194.35414787
,,expert.layers.0.self_attn.k_proj,denoise,4,output,self,linear,1465,22,720,320,23440000,93760000,8,4,0.5275326685153584,5068800,linear_role_derived_v1,162201600,36207513.6863463
,,expert.layers.0.self_attn.k_proj,denoise,5,activation,self,linear,1465,50,720,320,52740000,210960000,8,4,0.5359479285172545,11520000,linear_role_derived_v1,368640000,79384531.98548354
,,expert.layers.0.self_attn.k_proj,denoise,5,output,self,linear,1465,22,720,320,23440000,93760000,8,4,0.5273944539249147,5068800,linear_role_derived_v1,162201600,36228700.92335027
,,expert.layers.0.self_attn.k_proj,denoise,6,activation,self,linear,1465,50,720,320,52740000,210960000,8,4,0.5359716770951839,11520000,linear_role_derived_v1,368640000,79376406.94254413
,,expert.layers.0.self_attn.k_proj,denoise,6,output,self,linear,1465,22,720,320,23440000,93760000,8,4,0.5271701045221843,5068800,linear_role_derived_v1,162201600,36263105.16031267
,,expert.layers.0.self_attn.k_proj,denoise,7,activation,self,linear,1465,50,720,320,52740000,210960000,8,4,0.5362236632536974,11520000,linear_role_derived_v1,368640000,79290221.14743824
,,expert.layers.0.self_attn.k_proj,denoise,7,output,self,linear,1465,22,720,320,23440000,93760000,8,4,0.5263582871160409,5068800,linear_role_derived_v1,162201600,36387734.726543635
,,expert.layers.0.self_attn.k_proj,denoise,8,activation,self,linear,1465,50,720,320,52740000,210960000,8,4,0.5366710750853242,11520000,linear_role_derived_v1,368640000,79137310.06313692
,,expert.layers.0.self_attn.k_proj,denoise,8,output,self,linear,1465,22,720,320,23440000,93760000,8,4,0.5255029223549488,5068800,linear_role_derived_v1,162201600,36519280.95567984
,,expert.layers.0.self_attn.k_proj,denoise,9,activation,self,linear,1465,50,720,320,52740000,210960000,8,4,0.53763237580584,11520000,linear_role_derived_v1,368640000,78809267.3690242
,,expert.layers.0.self_attn.k_proj,denoise,9,output,self,linear,1465,22,720,320,23440000,93760000,8,4,0.5231804927474403,5068800,linear_role_derived_v1,162201600,36877643.62389228
,,expert.layers.0.self_attn.v_proj,denoise,0,activation,self,linear,1465,50,720,320,52740000,210960000,8,4,0.535508646188851,11520000,linear_role_derived_v1,368640000,79534897.55700536
,,expert.layers.0.self_attn.v_proj,denoise,0,output,self,linear,1465,22,720,320,23440000,93760000,8,4,0.5270327538395905,5068800,linear_role_derived_v1,162201600,36284176.10238457
,,expert.layers.0.self_attn.v_proj,denoise,1,activation,self,linear,1465,50,720,320,52740000,210960000,8,4,0.5357242415623815,11520000,linear_role_derived_v1,368640000,79461081.86031853
,,expert.layers.0.self_attn.v_proj,denoise,1,output,self,linear,1465,22,720,320,23440000,93760000,8,4,0.5261775383959044,5068800,linear_role_derived_v1,162201600,36415512.22691578
,,expert.layers.0.self_attn.v_proj,denoise,2,activation,self,linear,1465,50,720,320,52740000,210960000,8,4,0.5356389979142966,11520000,linear_role_derived_v1,368640000,79490263.54472338
,,expert.layers.0.self_attn.v_proj,denoise,2,output,self,linear,1465,22,720,320,23440000,93760000,8,4,0.52544472056314,5068800,linear_role_derived_v1,162201600,36528240.41209567
,,expert.layers.0.self_attn.v_proj,denoise,3,activation,self,linear,1465,50,720,320,52740000,210960000,8,4,0.5357030479711794,11520000,linear_role_derived_v1,368640000,79468336.61826156
,,expert.layers.0.self_attn.v_proj,denoise,3,output,self,linear,1465,22,720,320,23440000,93760000,8,4,0.5245065059726962,5068800,linear_role_derived_v1,162201600,36672818.74676459
,,expert.layers.0.self_attn.v_proj,denoise,4,activation,self,linear,1465,50,720,320,52740000,210960000,8,4,0.5358612390974592,11520000,linear_role_derived_v1,368640000,79414194.35414787
,,expert.layers.0.self_attn.v_proj,denoise,4,output,self,linear,1465,22,720,320,23440000,93760000,8,4,0.523493739334471,5068800,linear_role_derived_v1,162201600,36829206.00189512
,,expert.layers.0.self_attn.v_proj,denoise,5,activation,self,linear,1465,50,720,320,52740000,210960000,8,4,0.5359479285172545,11520000,linear_role_derived_v1,368640000,79384531.98548354
,,expert.layers.0.self_attn.v_proj,denoise,5,output,self,linear,1465,22,720,320,23440000,93760000,8,4,0.5227121693686007,5068800,linear_role_derived_v1,162201600,36950120.290081024
,,expert.layers.0.self_attn.v_proj,denoise,6,activation,self,linear,1465,50,720,320,52740000,210960000,8,4,0.5359716770951839,11520000,linear_role_derived_v1,368640000,79376406.94254413
,,expert.layers.0.self_attn.v_proj,denoise,6,output,self,linear,1465,22,720,320,23440000,93760000,8,4,0.5221448912116041,5068800,linear_role_derived_v1,162201600,37038006.26302451
,,expert.layers.0.self_attn.v_proj,denoise,7,activation,self,linear,1465,50,720,320,52740000,210960000,8,4,0.5362236632536974,11520000,linear_role_derived_v1,368640000,79290221.14743824
,,expert.layers.0.self_attn.v_proj,denoise,7,output,self,linear,1465,22,720,320,23440000,93760000,8,4,0.5215784236348123,5068800,linear_role_derived_v1,162201600,37125870.8270176
,,expert.layers.0.self_attn.v_proj,denoise,8,activation,self,linear,1465,50,720,320,52740000,210960000,8,4,0.5366710750853242,11520000,linear_role_derived_v1,368640000,79137310.06313692
,,expert.layers.0.self_attn.v_proj,denoise,8,output,self,linear,1465,22,720,320,23440000,93760000,8,4,0.5214714910409556,5068800,linear_role_derived_v1,162201600,37142468.77965526
,,expert.layers.0.self_attn.v_proj,denoise,9,activation,self,linear,1465,50,720,320,52740000,210960000,8,4,0.53763237580584,11520000,linear_role_derived_v1,368640000,78809267.3690242
,,expert.layers.0.self_attn.v_proj,denoise,9,output,self,linear,1465,22,720,320,23440000,93760000,8,4,0.5211054927474402,5068800,linear_role_derived_v1,162201600,37199306.68415473
,,expert.layers.0.self_attn.o_proj,denoise,0,activation,unknown,linear,1465,50,960,720,70320000,281280000,8,4,0.5318528832480091,34560000,linear_role_derived_v1,1105920000,242375332.61522782
,,expert.layers.0.self_attn.o_proj,denoise,0,output,unknown,linear,1465,37,960,720,52740000,210960000,8,4,0.5239298255593478,25574400,linear_role_derived_v1,818380800,185480124.97384334
,,expert.layers.0.self_attn.o_proj,denoise,1,activation,unknown,linear,1465,50,960,720,70320000,281280000,8,4,0.5310271615472127,34560000,linear_role_derived_v1,1105920000,243231093.82449278
,,expert.layers.0.self_attn.o_proj,denoise,1,output,unknown,linear,1465,37,960,720,52740000,210960000,8,4,0.524283115282518,25574400,linear_role_derived_v1,818380800,185204939.03945786
,,expert.layers.0.self_attn.o_proj,denoise,2,activation,unknown,linear,1465,50,960,720,70320000,281280000,8,4,0.5297525526166098,34560000,linear_role_derived_v1,1105920000,244555033.30533567
,,expert.layers.0.self_attn.o_proj,denoise,2,output,unknown,linear,1465,37,960,720,52740000,210960000,8,4,0.5239346558589306,25574400,linear_role_derived_v1,818380800,185476361.15887117
,,expert.layers.0.self_attn.o_proj,denoise,3,activation,unknown,linear,1465,50,960,720,70320000,281280000,8,4,0.5283873257963595,34560000,linear_role_derived_v1,1105920000,245977083.52211958
,,expert.layers.0.self_attn.o_proj,denoise,3,output,unknown,linear,1465,37,960,720,52740000,210960000,8,4,0.5234372677284793,25574400,linear_role_derived_v1,818380800,185864131.1762899
,,expert.layers.0.self_attn.o_proj,denoise,4,activation,unknown,linear,1465,50,960,720,70320000,281280000,8,4,0.5263714874857793,34560000,linear_role_derived_v1,1105920000,248084362.54284588
,,expert.layers.0.self_attn.o_proj,denoise,4,output,unknown,linear,1465,37,960,720,52740000,210960000,8,4,0.5227690320439894,25574400,linear_role_derived_v1,818380800,186385733.5332492
,,expert.layers.0.self_attn.o_proj,denoise,5,activation,unknown,linear,1465,50,960,720,70320000,281280000,8,4,0.5246443508248009,34560000,linear_role_derived_v1,1105920000,249896993.44281292
,,expert.layers.0.self_attn.o_proj,denoise,5,output,unknown,linear,1465,37,960,720,52740000,210960000,8,4,0.5225410599165718,25574400,linear_role_derived_v1,818380800,186563848.13148165
,,expert.layers.0.self_attn.o_proj,denoise,6,activation,unknown,linear,1465,50,960,720,70320000,281280000,8,4,0.5240327218430034,34560000,linear_role_derived_v1,1105920000,250540480.3750647
,,expert.layers.0.self_attn.o_proj,denoise,6,output,unknown,linear,1465,37,960,720,52740000,210960000,8,4,0.5226541192643155,25574400,linear_role_derived_v1,818380800,186475504.24307385
,,expert.layers.0.self_attn.o_proj,denoise,7,activation,unknown,linear,1465,50,960,720,70320000,281280000,8,4,0.5235034200796359,34560000,linear_role_derived_v1,1105920000,251098019.76818508
,,expert.layers.0.self_attn.o_proj,denoise,7,output,unknown,linear,1465,37,960,720,52740000,210960000,8,4,0.5231172354948805,25574400,linear_role_derived_v1,818380800,186113846.40386105
,,expert.layers.0.self_attn.o_proj,denoise,8,activation,unknown,linear,1465,50,960,720,70320000,281280000,8,4,0.5236627381968145,34560000,linear_role_derived_v1,1105920000,250930137.02730647
,,expert.layers.0.self_attn.o_proj,denoise,8,output,unknown,linear,1465,37,960,720,52740000,210960000,8,4,0.5235353621539628,25574400,linear_role_derived_v1,818380800,185787623.47858953
,,expert.layers.0.self_attn.o_proj,denoise,9,activation,unknown,linear,1465,50,960,720,70320000,281280000,8,4,0.5230297710466439,34560000,linear_role_derived_v1,1105920000,251597462.78650087
,,expert.layers.0.self_attn.o_proj,denoise,9,output,unknown,linear,1465,37,960,720,52740000,210960000,8,4,0.5242933968524839,25574400,linear_role_derived_v1,818380800,185196933.5344089
,,expert.layers.0.mlp.gate_proj,denoise,0,activation,unknown,linear,1465,50,720,2048,52740000,210960000,8,4,0.5350640405764125,73728000,linear_role_derived_v1,2359296000,509998272.94746983
,,expert.layers.0.mlp.gate_proj,denoise,0,output,unknown,linear,1465,142,720,2048,150016000,600064000,8,4,0.490244285609535,209387520,linear_role_derived_v1,6700400640,1741105058.629923
,,expert.layers.0.mlp.gate_proj,denoise,1,activation,unknown,linear,1465,50,720,2048,52740000,210960000,8,4,0.5351429702313235,73728000,linear_role_derived_v1,2359296000,509825128.36692035
,,expert.layers.0.mlp.gate_proj,denoise,1,output,unknown,linear,1465,142,720,2048,150016000,600064000,8,4,0.48862481002026453,209387520,linear_role_derived_v1,6700400640,1752185488.2065353
,,expert.layers.0.mlp.gate_proj,denoise,2,activation,unknown,linear,1465,50,720,2048,52740000,210960000,8,4,0.5349800720515737,73728000,linear_role_derived_v1,2359296000,510182503.35091066
,,expert.layers.0.mlp.gate_proj,denoise,2,output,unknown,linear,1465,142,720,2048,150016000,600064000,8,4,0.4875765951631826,209387520,linear_role_derived_v1,6700400640,1759376096.1726186
,,expert.layers.0.mlp.gate_proj,denoise,3,activation,unknown,linear,1465,50,720,2048,52740000,210960000,8,4,0.5349467671596512,73728000,linear_role_derived_v1,2359296000,510255584.87101275
,,expert.layers.0.mlp.gate_proj,denoise,3,output,unknown,linear,1465,142,720,2048,150016000,600064000,8,4,0.48693222056313995,209387520,linear_role_derived_v1,6700400640,1763803724.0762007
,,expert.layers.0.mlp.gate_proj,denoise,4,activation,unknown,linear,1465,50,720,2048,52740000,210960000,8,4,0.534857584376185,73728000,linear_role_derived_v1,2359296000,510451306.0205286
,,expert.layers.0.mlp.gate_proj,denoise,4,output,unknown,linear,1465,142,720,2048,150016000,600064000,8,4,0.48703945412489336,209387520,linear_role_derived_v1,6700400640,1763066514.694969
,,expert.layers.0.mlp.gate_proj,denoise,5,activation,unknown,linear,1465,50,720,2048,52740000,210960000,8,4,0.5347645003792189,73728000,linear_role_derived_v1,2359296000,510655628.8281033
,,expert.layers.0.mlp.gate_proj,denoise,5,output,unknown,linear,1465,142,720,2048,150016000,600064000,8,4,0.48766641058287113,209387520,linear_role_derived_v1,6700400640,1758759398.1353524
,,expert.layers.0.mlp.gate_proj,denoise,6,activation,unknown,linear,1465,50,720,2048,52740000,210960000,8,4,0.5346068923018582,73728000,linear_role_derived_v1,2359296000,511001677.5910609
,,expert.layers.0.mlp.gate_proj,denoise,6,output,unknown,linear,1465,142,720,2048,150016000,600064000,8,4,0.48915687160036264,209387520,linear_role_derived_v1,6700400640,1748541253.5775423
,,expert.layers.0.mlp.gate_proj,denoise,7,activation,unknown,linear,1465,50,720,2048,52740000,210960000,8,4,0.5345554275692075,73728000,linear_role_derived_v1,2359296000,511114700.40286475
,,expert.layers.0.mlp.gate_proj,denoise,7,output,unknown,linear,1465,142,720,2048,150016000,600064000,8,4,0.4914755226109215,209387520,linear_role_derived_v1,6700400640,1732704469.855511
,,expert.layers.0.mlp.gate_proj,denoise,8,activation,unknown,linear,1465,50,720,2048,52740000,210960000,8,4,0.5347791240045506,73728000,linear_role_derived_v1,2359296000,510623526.7239798
,,expert.layers.0.mlp.gate_proj,denoise,8,output,unknown,linear,1465,142,720,2048,150016000,600064000,8,4,0.4958094936540102,209387520,linear_role_derived_v1,6700400640,1703295892.7389894
,,expert.layers.0.mlp.gate_proj,denoise,9,activation,unknown,linear,1465,50,720,2048,52740000,210960000,8,4,0.5349240472127418,73728000,linear_role_derived_v1,2359296000,510305442.66003335
,,expert.layers.0.mlp.gate_proj,denoise,9,output,unknown,linear,1465,142,720,2048,150016000,600064000,8,4,0.5033457297888225,209387520,linear_role_derived_v1,6700400640,1652757433.6488266
,,expert.layers.0.mlp.up_proj,denoise,0,activation,unknown,linear,1465,50,720,2048,52740000,210960000,8,4,0.5350640405764125,73728000,linear_role_derived_v1,2359296000,509998272.94746983
,,expert.layers.0.mlp.up_proj,denoise,0,output,unknown,linear,1465,142,720,2048,150016000,600064000,8,4,0.5290357311886732,209387520,linear_role_derived_v1,6700400640,1486198059.6235156
,,expert.layers.0.mlp.up_proj,denoise,1,activation,unknown,linear,1465,50,720,2048,52740000,210960000,8,4,0.5351429702313235,73728000,linear_role_derived_v1,2359296000,509825128.36692035
,,expert.layers.0.mlp.up_proj,denoise,1,output,unknown,linear,1465,142,720,2048,150016000,600064000,8,4,0.5290230792048848,209387520,linear_role_derived_v1,6700400640,1486277911.1433382
,,expert.layers.0.mlp.up_proj,denoise,2,activation,unknown,linear,1465,50,720,2048,52740000,210960000,8,4,0.5349800720515737,73728000,linear_role_derived_v1,2359296000,510182503.35091066
,,expert.layers.0.mlp.up_proj,denoise,2,output,unknown,linear,1465,142,720,2048,150016000,600064000,8,4,0.5288776430514078,209387520,linear_role_derived_v1,6700400640,1487195968.5146408
,,expert.layers.0.mlp.up_proj,denoise,3,activation,unknown,linear,1465,50,720,2048,52740000,210960000,8,4,0.5349467671596512,73728000,linear_role_derived_v1,2359296000,510255584.87101275
,,expert.layers.0.mlp.up_proj,denoise,3,output,unknown,linear,1465,142,720,2048,150016000,600064000,8,4,0.528770436153477,209387520,linear_role_derived_v1,6700400640,1487872887.3854055
,,expert.layers.0.mlp.up_proj,denoise,4,activation,unknown,linear,1465,50,720,2048,52740000,210960000,8,4,0.534857584376185,73728000,linear_role_derived_v1,2359296000,510451306.0205286
,,expert.layers.0.mlp.up_proj,denoise,4,output,unknown,linear,1465,142,720,2048,150016000,600064000,8,4,0.5285387225362628,209387520,linear_role_derived_v1,6700400640,1489336484.7407815
,,expert.layers.0.mlp.up_proj,denoise,5,activation,unknown,linear,1465,50,720,2048,52740000,210960000,8,4,0.5347645003792189,73728000,linear_role_derived_v1,2359296000,510655628.8281033
,,expert.layers.0.mlp.up_proj,denoise,5,output,unknown,linear,1465,142,720,2048,150016000,600064000,8,4,0.528428874253413,209387520,linear_role_derived_v1,6700400640,1490030582.5273767
,,expert.layers.0.mlp.up_proj,denoise,6,activation,unknown,linear,1465,50,720,2048,52740000,210960000,8,4,0.5346068923018582,73728000,linear_role_derived_v1,2359296000,511001677.5910609
,,expert.layers.0.mlp.up_proj,denoise,6,output,unknown,linear,1465,142,720,2048,150016000,600064000,8,4,0.5283440183047141,209387520,linear_role_derived_v1,6700400640,1490566872.081945
,,expert.layers.0.mlp.up_proj,denoise,7,activation,unknown,linear,1465,50,720,2048,52740000,210960000,8,4,0.5345554275692075,73728000,linear_role_derived_v1,2359296000,511114700.40286475
,,expert.layers.0.mlp.up_proj,denoise,7,output,unknown,linear,1465,142,720,2048,150016000,600064000,8,4,0.5278024394064633,209387520,linear_role_derived_v1,6700400640,1493991923.6598966
,,expert.layers.0.mlp.up_proj,denoise,8,activation,unknown,linear,1465,50,720,2048,52740000,210960000,8,4,0.5347791240045506,73728000,linear_role_derived_v1,2359296000,510623526.7239798
,,expert.layers.0.mlp.up_proj,denoise,8,output,unknown,linear,1465,142,720,2048,150016000,600064000,8,4,0.5266969423261518,209387520,linear_role_derived_v1,6700400640,1500995505.1867375
,,expert.layers.0.mlp.up_proj,denoise,9,activation,unknown,linear,1465,50,720,2048,52740000,210960000,8,4,0.5349240472127418,73728000,linear_role_derived_v1,2359296000,510305442.66003335
,,expert.layers.0.mlp.up_proj,denoise,9,output,unknown,linear,1465,142,720,2048,150016000,600064000,8,4,0.5249433527090444,209387520,linear_role_derived_v1,6700400640,1512138497.4683647
,,expert.layers.0.mlp.down_proj,denoise,0,activation,unknown,linear,1465,50,2048,720,150016000,600064000,8,4,0.5382765171715017,73728000,linear_role_derived_v1,2359296000,502974951.2883423
,,expert.layers.0.mlp.down_proj,denoise,0,output,unknown,linear,1465,17,2048,720,52740000,210960000,8,4,0.5278843098217672,25067520,linear_role_derived_v1,802160640,178796171.9474502
,,expert.layers.0.mlp.down_proj,denoise,1,activation,unknown,linear,1465,50,2048,720,150016000,600064000,8,4,0.5384989717763439,73728000,linear_role_derived_v1,2359296000,502490409.58938855
,,expert.layers.0.mlp.down_proj,denoise,1,output,unknown,linear,1465,17,2048,720,52740000,210960000,8,4,0.5275037021236253,25067520,linear_role_derived_v1,802160640,179084570.03051966
,,expert.layers.0.mlp.down_proj,denoise,2,activation,unknown,linear,1465,50,2048,720,150016000,600064000,8,4,0.538644731228669,73728000,linear_role_derived_v1,2359296000,502173048.8208862
,,expert.layers.0.mlp.down_proj,denoise,2,output,unknown,linear,1465,17,2048,720,52740000,210960000,8,4,0.5272039960182024,25067520,linear_role_derived_v1,802160640,179311830.06058732
,,expert.layers.0.mlp.down_proj,denoise,3,activation,unknown,linear,1465,50,2048,720,150016000,600064000,8,4,0.5386730465417022,73728000,linear_role_derived_v1,2359296000,502111409.7687672
,,expert.layers.0.mlp.down_proj,denoise,3,output,unknown,linear,1465,17,2048,720,52740000,210960000,8,4,0.5270477294273797,25067520,linear_role_derived_v1,802160640,179430380.46601978
,,expert.layers.0.mlp.down_proj,denoise,4,activation,unknown,linear,1465,50,2048,720,150016000,600064000,8,4,0.5388977892358149,73728000,linear_role_derived_v1,2359296000,501622305.96588564
,,expert.layers.0.mlp.down_proj,denoise,4,output,unknown,linear,1465,17,2048,720,52740000,210960000,8,4,0.5268435437997725,25067520,linear_role_derived_v1,802160640,179585343.3056817
,,expert.layers.0.mlp.down_proj,denoise,5,activation,unknown,linear,1465,50,2048,720,150016000,600064000,8,4,0.5390282736508106,73728000,linear_role_derived_v1,2359296000,501338444.2518352
,,expert.layers.0.mlp.down_proj,denoise,5,output,unknown,linear,1465,17,2048,720,52740000,210960000,8,4,0.5265835182025028,25067520,linear_role_derived_v1,802160640,179782781.66575477
,,expert.layers.0.mlp.down_proj,denoise,6,activation,unknown,linear,1465,50,2048,720,150016000,600064000,8,4,0.5390411972722909,73728000,linear_role_derived_v1,2359296000,501310333.9921649
,,expert.layers.0.mlp.down_proj,denoise,6,output,unknown,linear,1465,17,2048,720,52740000,210960000,8,4,0.526351270383011,25067520,linear_role_derived_v1,802160640,179959219.97101265
,,expert.layers.0.mlp.down_proj,denoise,7,activation,unknown,linear,1465,50,2048,720,150016000,600064000,8,4,0.5389057500533276,73728000,linear_role_derived_v1,2359296000,501604985.34120405
,,expert.layers.0.mlp.down_proj,denoise,7,output,unknown,linear,1465,17,2048,720,52740000,210960000,8,4,0.5259626185058779,25067520,linear_role_derived_v1,802160640,180254671.7667203
,,expert.layers.0.mlp.down_proj,denoise,8,activation,unknown,linear,1465,50,2048,720,150016000,600064000,8,4,0.5385806413982509,73728000,linear_role_derived_v1,2359296000,502312578.69373816
,,expert.layers.0.mlp.down_proj,denoise,8,output,unknown,linear,1465,17,2048,720,52740000,210960000,8,4,0.5257925578308684,25067520,linear_role_derived_v1,802160640,180384027.51352963
,,expert.layers.0.mlp.down_proj,denoise,9,activation,unknown,linear,1465,50,2048,720,150016000,600064000,8,4,0.5374431560633532,73728000,linear_role_derived_v1,2359296000,504792220.9203637
,,expert.layers.0.mlp.down_proj,denoise,9,output,unknown,linear,1465,17,2048,720,52740000,210960000,8,4,0.5259238528631021,25067520,linear_role_derived_v1,802160640,180284154.56367007
,,expert.layers.1.self_attn.q_proj,denoise,0,activation,cross,linear,1465,50,720,960,52740000,210960000,8,4,0.535362746492226,34560000,linear_role_derived_v1,1105920000,238754610.72386786
,,expert.layers.1.self_attn.q_proj,denoise,0,output,cross,linear,1465,66,720,960,70320000,281280000,8,4,0.5256914106939704,45619200,linear_role_derived_v1,1459814400,328412457.13944244
,,expert.layers.1.self_attn.q_proj,denoise,1,activation,cross,linear,1465,50,720,960,52740000,210960000,8,4,0.5354801668562761,34560000,linear_role_derived_v1,1105920000,238633952.68053293
,,expert.layers.1.self_attn.q_proj,denoise,1,output,cross,linear,1465,66,720,960,70320000,281280000,8,4,0.5257632110352674,45619200,linear_role_derived_v1,1459814400,328313035.1923267
,,expert.layers.1.self_attn.q_proj,denoise,2,activation,cross,linear,1465,50,720,960,52740000,210960000,8,4,0.5353353716344331,34560000,linear_role_derived_v1,1105920000,238782744.78329775
,,expert.layers.1.self_attn.q_proj,denoise,2,output,cross,linear,1465,66,720,960,70320000,281280000,8,4,0.5261984890500568,45619200,linear_role_derived_v1,1459814400,327710627.84753364
,,expert.layers.1.self_attn.q_proj,denoise,3,activation,cross,linear,1465,50,720,960,52740000,210960000,8,4,0.5353503175957528,34560000,linear_role_derived_v1,1105920000,238767384.1121661
,,expert.layers.1.self_attn.q_proj,denoise,3,output,cross,linear,1465,66,720,960,70320000,281280000,8,4,0.5270332160125142,45619200,linear_role_derived_v1,1459814400,326556946.712362
,,expert.layers.1.self_attn.q_proj,denoise,4,activation,cross,linear,1465,50,720,960,52740000,210960000,8,4,0.5352153156996587,34560000,linear_role_derived_v1,1105920000,238906149.86852485
,,expert.layers.1.self_attn.q_proj,denoise,4,output,cross,linear,1465,66,720,960,70320000,281280000,8,4,0.5281361774744028,45619200,linear_role_derived_v1,1459814400,325035656.97768694
,,expert.layers.1.self_attn.q_proj,denoise,5,activation,cross,linear,1465,50,720,960,52740000,210960000,8,4,0.5350582906712172,34560000,linear_role_derived_v1,1105920000,239067603.47592288
,,expert.layers.1.self_attn.q_proj,denoise,5,output,cross,linear,1465,66,720,960,70320000,281280000,8,4,0.5293668195392491,45619200,linear_role_derived_v1,1459814400,323342452.6222723
,,expert.layers.1.self_attn.q_proj,denoise,6,activation,cross,linear,1465,50,720,960,52740000,210960000,8,4,0.5347716676147137,34560000,linear_role_derived_v1,1105920000,239362450.79481748
,,expert.layers.1.self_attn.q_proj,denoise,6,output,cross,linear,1465,66,720,960,70320000,281280000,8,4,0.5302233930602958,45619200,linear_role_derived_v1,1459814400,322166528.1493454
,,expert.layers.1.self_attn.q_proj,denoise,7,activation,cross,linear,1465,50,720,960,52740000,210960000,8,4,0.5344523890784983,34560000,linear_role_derived_v1,1105920000,239691104.5401552
,,expert.layers.1.self_attn.q_proj,denoise,7,output,cross,linear,1465,66,720,960,70320000,281280000,8,4,0.5302535622866894,45619200,linear_role_derived_v1,1459814400,322125150.1723018
,,expert.layers.1.self_attn.q_proj,denoise,8,activation,cross,linear,1465,50,720,960,52740000,210960000,8,4,0.5351263320060675,34560000,linear_role_derived_v1,1105920000,238997636.47453552
,,expert.layers.1.self_attn.q_proj,denoise,8,output,cross,linear,1465,66,720,960,70320000,281280000,8,4,0.5290910551763367,45619200,linear_role_derived_v1,1459814400,323721484.3283177
,,expert.layers.1.self_attn.q_proj,denoise,9,activation,cross,linear,1465,50,720,960,52740000,210960000,8,4,0.536160532802427,34560000,linear_role_derived_v1,1105920000,237935427.0070156
,,expert.layers.1.self_attn.q_proj,denoise,9,output,cross,linear,1465,66,720,960,70320000,281280000,8,4,0.5280218607792947,45619200,linear_role_derived_v1,1459814400,325193166.41692936
,,expert.layers.1.self_attn.k_proj,denoise,0,activation,cross,linear,1465,177,320,320,82977600,331910400,8,4,0.5364470531806175,18124800,linear_role_derived_v1,579993600,124629798.77232046
,,expert.layers.1.self_attn.k_proj,denoise,0,output,cross,linear,1465,177,320,320,82977600,331910400,8,4,0.5333167535575867,18124800,linear_role_derived_v1,579993600,126318692.57900149
,,expert.layers.1.self_attn.k_proj,denoise,1,activation,cross,linear,1465,177,320,320,82977600,331910400,8,4,0.5364470531806175,18124800,linear_role_derived_v1,579993600,124629798.77232046
,,expert.layers.1.self_attn.k_proj,denoise,1,output,cross,linear,1465,177,320,320,82977600,331910400,8,4,0.5333167535575867,18124800,linear_role_derived_v1,579993600,126318692.57900149
,,expert.layers.1.self_attn.k_proj,denoise,2,activation,cross,linear,1465,177,320,320,82977600,331910400,8,4,0.5364470531806175,18124800,linear_role_derived_v1,579993600,124629798.77232046
,,expert.layers.1.self_attn.k_proj,denoise,2,output,cross,linear,1465,177,320,320,82977600,331910400,8,4,0.5333167535575867,18124800,linear_role_derived_v1,579993600,126318692.57900149
,,expert.layers.1.self_attn.k_proj,denoise,3,activation,cross,linear,1465,177,320,320,82977600,331910400,8,4,0.5364470531806175,18124800,linear_role_derived_v1,579993600,124629798.77232046
,,expert.layers.1.self_attn.k_proj,denoise,3,output,cross,linear,1465,177,320,320,82977600,331910400,8,4,0.5333167535575867,18124800,linear_role_derived_v1,579993600,126318692.57900149
,,expert.layers.1.self_attn.k_proj,denoise,4,activation,cross,linear,1465,177,320,320,82977600,331910400,8,4,0.5364470531806175,18124800,linear_role_derived_v1,579993600,124629798.77232046
,,expert.layers.1.self_attn.k_proj,denoise,4,output,cross,linear,1465,177,320,320,82977600,331910400,8,4,0.5333167535575867,18124800,linear_role_derived_v1,579993600,126318692.57900149
,,expert.layers.1.self_attn.k_proj,denoise,5,activation,cross,linear,1465,177,320,320,82977600,331910400,8,4,0.5364470531806175,18124800,linear_role_derived_v1,579993600,124629798.77232046
,,expert.layers.1.self_attn.k_proj,denoise,5,output,cross,linear,1465,177,320,320,82977600,331910400,8,4,0.5333167535575867,18124800,linear_role_derived_v1,579993600,126318692.57900149
,,expert.layers.1.self_attn.k_proj,denoise,6,activation,cross,linear,1465,177,320,320,82977600,331910400,8,4,0.5364470531806175,18124800,linear_role_derived_v1,579993600,124629798.77232046
,,expert.layers.1.self_attn.k_proj,denoise,6,output,cross,linear,1465,177,320,320,82977600,331910400,8,4,0.5333167535575867,18124800,linear_role_derived_v1,579993600,126318692.57900149
,,expert.layers.1.self_attn.k_proj,denoise,7,activation,cross,linear,1465,177,320,320,82977600,331910400,8,4,0.5364470531806175,18124800,linear_role_derived_v1,579993600,124629798.77232046
,,expert.layers.1.self_attn.k_proj,denoise,7,output,cross,linear,1465,177,320,320,82977600,331910400,8,4,0.5333167535575867,18124800,linear_role_derived_v1,579993600,126318692.57900149
,,expert.layers.1.self_attn.k_proj,denoise,8,activation,cross,linear,1465,177,320,320,82977600,331910400,8,4,0.5364470531806175,18124800,linear_role_derived_v1,579993600,124629798.77232046
,,expert.layers.1.self_attn.k_proj,denoise,8,output,cross,linear,1465,177,320,320,82977600,331910400,8,4,0.5333167535575867,18124800,linear_role_derived_v1,579993600,126318692.57900149
,,expert.layers.1.self_attn.k_proj,denoise,9,activation,cross,linear,1465,177,320,320,82977600,331910400,8,4,0.5364470531806175,18124800,linear_role_derived_v1,579993600,124629798.77232046
,,expert.layers.1.self_attn.k_proj,denoise,9,output,cross,linear,1465,177,320,320,82977600,331910400,8,4,0.5333167535575867,18124800,linear_role_derived_v1,579993600,126318692.57900149
,,expert.layers.1.self_attn.v_proj,denoise,0,activation,cross,linear,1465,177,320,320,82977600,331910400,8,4,0.525640576492933,18124800,linear_role_derived_v1,579993600,130508340.2406539
,,expert.layers.1.self_attn.v_proj,denoise,0,output,cross,linear,1465,177,320,320,82977600,331910400,8,4,0.5297218375802626,18124800,linear_role_derived_v1,579993600,128272283.59443295
,,expert.layers.1.self_attn.v_proj,denoise,1,activation,cross,linear,1465,177,320,320,82977600,331910400,8,4,0.525640576492933,18124800,linear_role_derived_v1,579993600,130508340.2406539
,,expert.layers.1.self_attn.v_proj,denoise,1,output,cross,linear,1465,177,320,320,82977600,331910400,8,4,0.5297218375802626,18124800,linear_role_derived_v1,579993600,128272283.59443295
,,expert.layers.1.self_attn.v_proj,denoise,2,activation,cross,linear,1465,177,320,320,82977600,331910400,8,4,0.525640576492933,18124800,linear_role_derived_v1,579993600,130508340.2406539
,,expert.layers.1.self_attn.v_proj,denoise,2,output,cross,linear,1465,177,320,320,82977600,331910400,8,4,0.5297218375802626,18124800,linear_role_derived_v1,579993600,128272283.59443295
,,expert.layers.1.self_attn.v_proj,denoise,3,activation,cross,linear,1465,177,320,320,82977600,331910400,8,4,0.525640576492933,18124800,linear_role_derived_v1,579993600,130508340.2406539
,,expert.layers.1.self_attn.v_proj,denoise,3,output,cross,linear,1465,177,320,320,82977600,331910400,8,4,0.5297218375802626,18124800,linear_role_derived_v1,579993600,128272283.59443295
,,expert.layers.1.self_attn.v_proj,denoise,4,activation,cross,linear,1465,177,320,320,82977600,331910400,8,4,0.525640576492933,18124800,linear_role_derived_v1,579993600,130508340.2406539
,,expert.layers.1.self_attn.v_proj,denoise,4,output,cross,linear,1465,177,320,320,82977600,331910400,8,4,0.5297218375802626,18124800,linear_role_derived_v1,579993600,128272283.59443295
,,expert.layers.1.self_attn.v_proj,denoise,5,activation,cross,linear,1465,177,320,320,82977600,331910400,8,4,0.525640576492933,18124800,linear_role_derived_v1,579993600,130508340.2406539
,,expert.layers.1.self_attn.v_proj,denoise,5,output,cross,linear,1465,177,320,320,82977600,331910400,8,4,0.5297218375802626,18124800,linear_role_derived_v1,579993600,128272283.59443295
,,expert.layers.1.self_attn.v_proj,denoise,6,activation,cross,linear,1465,177,320,320,82977600,331910400,8,4,0.525640576492933,18124800,linear_role_derived_v1,579993600,130508340.2406539
,,expert.layers.1.self_attn.v_proj,denoise,6,output,cross,linear,1465,177,320,320,82977600,331910400,8,4,0.5297218375802626,18124800,linear_role_derived_v1,579993600,128272283.59443295
,,expert.layers.1.self_attn.v_proj,denoise,7,activation,cross,linear,1465,177,320,320,82977600,331910400,8,4,0.525640576492933,18124800,linear_role_derived_v1,579993600,130508340.2406539
,,expert.layers.1.self_attn.v_proj,denoise,7,output,cross,linear,1465,177,320,320,82977600,331910400,8,4,0.5297218375802626,18124800,linear_role_derived_v1,579993600,128272283.59443295
,,expert.layers.1.self_attn.v_proj,denoise,8,activation,cross,linear,1465,177,320,320,82977600,331910400,8,4,0.525640576492933,18124800,linear_role_derived_v1,579993600,130508340.2406539
,,expert.layers.1.self_attn.v_proj,denoise,8,output,cross,linear,1465,177,320,320,82977600,331910400,8,4,0.5297218375802626,18124800,linear_role_derived_v1,579993600,128272283.59443295
,,expert.layers.1.self_attn.v_proj,denoise,9,activation,cross,linear,1465,177,320,320,82977600,331910400,8,4,0.525640576492933,18124800,linear_role_derived_v1,579993600,130508340.2406539
,,expert.layers.1.self_attn.v_proj,denoise,9,output,cross,linear,1465,177,320,320,82977600,331910400,8,4,0.5297218375802626,18124800,linear_role_derived_v1,579993600,128272283.59443295
,,expert.layers.1.self_attn.o_proj,denoise,0,activation,unknown,linear,1465,50,960,720,70320000,281280000,8,4,0.5260386732081911,34560000,linear_role_derived_v1,1105920000,248433138.11229905
,,expert.layers.1.self_attn.o_proj,denoise,0,output,unknown,linear,1465,37,960,720,52740000,210960000,8,4,0.5293224070913918,25574400,linear_role_derived_v1,818380800,181301951.74995992
,,expert.layers.1.self_attn.o_proj,denoise,1,activation,unknown,linear,1465,50,960,720,70320000,281280000,8,4,0.5260844674345847,34560000,linear_role_derived_v1,1105920000,248385133.12491736
,,expert.layers.1.self_attn.o_proj,denoise,1,output,unknown,linear,1465,37,960,720,52740000,210960000,8,4,0.5293461319681456,25574400,linear_role_derived_v1,818380800,181283674.87373546
,,expert.layers.1.self_attn.o_proj,denoise,2,activation,unknown,linear,1465,50,960,720,70320000,281280000,8,4,0.5261059904721275,34560000,linear_role_derived_v1,1105920000,248362572.6440608
,,expert.layers.1.self_attn.o_proj,denoise,2,output,unknown,linear,1465,37,960,720,52740000,210960000,8,4,0.5293258722032613,25574400,linear_role_derived_v1,818380800,181299282.28261355
,,expert.layers.1.self_attn.o_proj,denoise,3,activation,unknown,linear,1465,50,960,720,70320000,281280000,8,4,0.526157960039818,34560000,linear_role_derived_v1,1105920000,248308102.2876845
,,expert.layers.1.self_attn.o_proj,denoise,3,output,unknown,linear,1465,37,960,720,52740000,210960000,8,4,0.5292944539249147,25574400,linear_role_derived_v1,818380800,181323487.1457697
,,expert.layers.1.self_attn.o_proj,denoise,4,activation,unknown,linear,1465,50,960,720,70320000,281280000,8,4,0.526240255261661,34560000,linear_role_derived_v1,1105920000,248221859.21873823
,,expert.layers.1.self_attn.o_proj,denoise,4,output,unknown,linear,1465,37,960,720,52740000,210960000,8,4,0.5292957148274554,25574400,linear_role_derived_v1,818380800,181322515.70644286
,,expert.layers.1.self_attn.o_proj,denoise,5,activation,unknown,linear,1465,50,960,720,70320000,281280000,8,4,0.5262942619453925,34560000,linear_role_derived_v1,1105920000,248165269.87994033
,,expert.layers.1.self_attn.o_proj,denoise,5,output,unknown,linear,1465,37,960,720,52740000,210960000,8,4,0.5292645145999242,25574400,linear_role_derived_v1,818380800,181346554.1162026
,,expert.layers.1.self_attn.o_proj,denoise,6,activation,unknown,linear,1465,50,960,720,70320000,281280000,8,4,0.5264495307167235,34560000,linear_role_derived_v1,1105920000,248002611.93224633
,,expert.layers.1.self_attn.o_proj,denoise,6,output,unknown,linear,1465,37,960,720,52740000,210960000,8,4,0.529268937239287,25574400,linear_role_derived_v1,818380800,181343146.56922212
,,expert.layers.1.self_attn.o_proj,denoise,7,activation,unknown,linear,1465,50,960,720,70320000,281280000,8,4,0.5265837279579068,34560000,linear_role_derived_v1,1105920000,247862071.2601312
,,expert.layers.1.self_attn.o_proj,denoise,7,output,unknown,linear,1465,37,960,720,52740000,210960000,8,4,0.5293187097080015,25574400,linear_role_derived_v1,818380800,181304800.17728272
,,expert.layers.1.self_attn.o_proj,denoise,8,activation,unknown,linear,1465,50,960,720,70320000,281280000,8,4,0.5269202787258248,34560000,linear_role_derived_v1,1105920000,247509787.13120708
,,expert.layers.1.self_attn.o_proj,denoise,8,output,unknown,linear,1465,37,960,720,52740000,210960000,8,4,0.5293352389078498,25574400,linear_role_derived_v1,818380800,181292066.41999614
,,expert.layers.1.self_attn.o_proj,denoise,9,activation,unknown,linear,1465,50,960,720,70320000,281280000,8,4,0.5274838452787258,34560000,linear_role_derived_v1,1105920000,246920435.4973547
,,expert.layers.1.self_attn.o_proj,denoise,9,output,unknown,linear,1465,37,960,720,52740000,210960000,8,4,0.5294747819491846,25574400,linear_role_derived_v1,818380800,181184583.14010262
,,expert.layers.1.mlp.gate_proj,denoise,0,activation,unknown,linear,1465,50,720,2048,52740000,210960000,8,4,0.535688770383011,73728000,linear_role_derived_v1,2359296000,508628634.57608336
,,expert.layers.1.mlp.gate_proj,denoise,0,output,unknown,linear,1465,142,720,2048,150016000,600064000,8,4,0.4907619587244027,209387520,linear_role_derived_v1,6700400640,1737570559.290824
,,expert.layers.1.mlp.gate_proj,denoise,1,activation,unknown,linear,1465,50,720,2048,52740000,210960000,8,4,0.535848606370876,73728000,linear_role_derived_v1,2359296000,508278510.9431347
,,expert.layers.1.mlp.gate_proj,denoise,1,output,unknown,linear,1465,142,720,2048,150016000,600064000,8,4,0.4885200595269838,209387520,linear_role_derived_v1,6700400640,1752903399.8153865
,,expert.layers.1.mlp.gate_proj,denoise,2,activation,unknown,linear,1465,50,720,2048,52740000,210960000,8,4,0.5356708759954494,73728000,linear_role_derived_v1,2359296000,508667840.06032586
,,expert.layers.1.mlp.gate_proj,denoise,2,output,unknown,linear,1465,142,720,2048,150016000,600064000,8,4,0.4867674398064206,209387520,linear_role_derived_v1,6700400640,1764936859.2923763
,,expert.layers.1.mlp.gate_proj,denoise,3,activation,unknown,linear,1465,50,720,2048,52740000,210960000,8,4,0.5357907992036405,73728000,linear_role_derived_v1,2359296000,508405124.67722666
,,expert.layers.1.mlp.gate_proj,denoise,3,output,unknown,linear,1465,142,720,2048,150016000,600064000,8,4,0.48518002079778155,209387520,linear_role_derived_v1,6700400640,1775871579.074422
,,expert.layers.1.mlp.gate_proj,denoise,4,activation,unknown,linear,1465,50,720,2048,52740000,210960000,8,4,0.5356610115661736,73728000,linear_role_derived_v1,2359296000,508689453.0540974
,,expert.layers.1.mlp.gate_proj,denoise,4,output,unknown,linear,1465,142,720,2048,150016000,600064000,8,4,0.4841093116734215,209387520,linear_role_derived_v1,6700400640,1783266083.0364456
,,expert.layers.1.mlp.gate_proj,denoise,5,activation,unknown,linear,1465,50,720,2048,52740000,210960000,8,4,0.5355874857792946,73728000,linear_role_derived_v1,2359296000,508850562.7366319
,,expert.layers.1.mlp.gate_proj,denoise,5,output,unknown,linear,1465,142,720,2048,150016000,600064000,8,4,0.4837759788955845,209387520,linear_role_derived_v1,6700400640,1785571273.2147405
,,expert.layers.1.mlp.gate_proj,denoise,6,activation,unknown,linear,1465,50,720,2048,52740000,210960000,8,4,0.535418482176716,73728000,linear_role_derived_v1,2359296000,509220980.08440894
,,expert.layers.1.mlp.gate_proj,denoise,6,output,unknown,linear,1465,142,720,2048,150016000,600064000,8,4,0.48461815573005546,209387520,linear_role_derived_v1,6700400640,1779750001.5746646
,,expert.layers.1.mlp.gate_proj,denoise,7,activation,unknown,linear,1465,50,720,2048,52740000,210960000,8,4,0.5350918373151309,73728000,linear_role_derived_v1,2359296000,509937293.0869983
,,expert.layers.1.mlp.gate_proj,denoise,7,output,unknown,linear,1465,142,720,2048,150016000,600064000,8,4,0.48705169948538823,209387520,linear_role_derived_v1,6700400640,1762982340.0833652
,,expert.layers.1.mlp.gate_proj,denoise,8,activation,unknown,linear,1465,50,720,2048,52740000,210960000,8,4,0.5335442500948047,73728000,linear_role_derived_v1,2359296000,513337904.2217986
,,expert.layers.1.mlp.gate_proj,denoise,8,output,unknown,linear,1465,142,720,2048,150016000,600064000,8,4,0.49121310726855805,209387520,linear_role_derived_v1,6700400640,1734493196.1565275
,,expert.layers.1.mlp.gate_proj,denoise,9,activation,unknown,linear,1465,50,720,2048,52740000,210960000,8,4,0.5367741040955631,73728000,linear_role_derived_v1,2359296000,506253561.22769684
,,expert.layers.1.mlp.gate_proj,denoise,9,output,unknown,linear,1465,142,720,2048,150016000,600064000,8,4,0.4992584724296075,209387520,linear_role_derived_v1,6700400640,1680072376.1105547
,,expert.layers.1.mlp.up_proj,denoise,0,activation,unknown,linear,1465,50,720,2048,52740000,210960000,8,4,0.535688770383011,73728000,linear_role_derived_v1,2359296000,508628634.57608336
,,expert.layers.1.mlp.up_proj,denoise,0,output,unknown,linear,1465,142,720,2048,150016000,600064000,8,4,0.526113679540849,209387520,linear_role_derived_v1,6700400640,1504697210.6342623
,,expert.layers.1.mlp.up_proj,denoise,1,activation,unknown,linear,1465,50,720,2048,52740000,210960000,8,4,0.535848606370876,73728000,linear_role_derived_v1,2359296000,508278510.9431347
,,expert.layers.1.mlp.up_proj,denoise,1,output,unknown,linear,1465,142,720,2048,150016000,600064000,8,4,0.525964067166169,209387520,linear_role_derived_v1,6700400640,1505647467.4788797
,,expert.layers.1.mlp.up_proj,denoise,2,activation,unknown,linear,1465,50,720,2048,52740000,210960000,8,4,0.5356708759954494,73728000,linear_role_derived_v1,2359296000,508667840.06032586
,,expert.layers.1.mlp.up_proj,denoise,2,output,unknown,linear,1465,142,720,2048,150016000,600064000,8,4,0.5258226405850043,209387520,linear_role_derived_v1,6700400640,1506546008.3854532
,,expert.layers.1.mlp.up_proj,denoise,3,activation,unknown,linear,1465,50,720,2048,52740000,210960000,8,4,0.5357907992036405,73728000,linear_role_derived_v1,2359296000,508405124.67722666
,,expert.layers.1.mlp.up_proj,denoise,3,output,unknown,linear,1465,142,720,2048,150016000,600064000,8,4,0.5258001213203924,209387520,linear_role_derived_v1,6700400640,1506689107.2202673
,,expert.layers.1.mlp.up_proj,denoise,4,activation,unknown,linear,1465,50,720,2048,52740000,210960000,8,4,0.5356610115661736,73728000,linear_role_derived_v1,2359296000,508689453.0540974
,,expert.layers.1.mlp.up_proj,denoise,4,output,unknown,linear,1465,142,720,2048,150016000,600064000,8,4,0.5257651467176835,209387520,linear_role_derived_v1,6700400640,1506911367.0671842
,,expert.layers.1.mlp.up_proj,denoise,5,activation,unknown,linear,1465,50,720,2048,52740000,210960000,8,4,0.5355874857792946,73728000,linear_role_derived_v1,2359296000,508850562.7366319
,,expert.layers.1.mlp.up_proj,denoise,5,output,unknown,linear,1465,142,720,2048,150016000,600064000,8,4,0.5255181797274957,209387520,linear_role_derived_v1,6700400640,1508481282.337257
,,expert.layers.1.mlp.up_proj,denoise,6,activation,unknown,linear,1465,50,720,2048,52740000,210960000,8,4,0.535418482176716,73728000,linear_role_derived_v1,2359296000,509220980.08440894
,,expert.layers.1.mlp.up_proj,denoise,6,output,unknown,linear,1465,142,720,2048,150016000,600064000,8,4,0.5250063359908277,209387520,linear_role_derived_v1,6700400640,1511737563.6758392
,,expert.layers.1.mlp.up_proj,denoise,7,activation,unknown,linear,1465,50,720,2048,52740000,210960000,8,4,0.5350918373151309,73728000,linear_role_derived_v1,2359296000,509937293.0869983
,,expert.layers.1.mlp.up_proj,denoise,7,output,unknown,linear,1465,142,720,2048,150016000,600064000,8,4,0.5245981195339163,209387520,linear_role_derived_v1,6700400640,1514337098.69324
,,expert.layers.1.mlp.up_proj,denoise,8,activation,unknown,linear,1465,50,720,2048,52740000,210960000,8,4,0.5335442500948047,73728000,linear_role_derived_v1,2359296000,513337904.2217986
,,expert.layers.1.mlp.up_proj,denoise,8,output,unknown,linear,1465,142,720,2048,150016000,600064000,8,4,0.5241123546821672,209387520,linear_role_derived_v1,6700400640,1517433374.0337934
,,expert.layers.1.mlp.up_proj,denoise,9,activation,unknown,linear,1465,50,720,2048,52740000,210960000,8,4,0.5367741040955631,73728000,linear_role_derived_v1,2359296000,506253561.22769684
,,expert.layers.1.mlp.up_proj,denoise,9,output,unknown,linear,1465,142,720,2048,150016000,600064000,8,4,0.5245528143664676,209387520,linear_role_derived_v1,6700400640,1514625741.07242
,,expert.layers.1.mlp.down_proj,denoise,0,activation,unknown,linear,1465,50,2048,720,150016000,600064000,8,4,0.5382711444112628,73728000,linear_role_derived_v1,2359296000,502986656.90714985
,,expert.layers.1.mlp.down_proj,denoise,0,output,unknown,linear,1465,17,2048,720,52740000,210960000,8,4,0.5264031664770573,25067520,linear_role_derived_v1,802160640,179919787.08166277
,,expert.layers.1.mlp.down_proj,denoise,1,activation,unknown,linear,1465,50,2048,720,150016000,600064000,8,4,0.5384991934193686,73728000,linear_role_derived_v1,2359296000,502489926.9318831
,,expert.layers.1.mlp.down_proj,denoise,1,output,unknown,linear,1465,17,2048,720,52740000,210960000,8,4,0.5258547023132347,25067520,linear_role_derived_v1,802160640,180336752.26435342
,,expert.layers.1.mlp.down_proj,denoise,2,activation,unknown,linear,1465,50,2048,720,150016000,600064000,8,4,0.538584527650384,73728000,linear_role_derived_v1,2359296000,502304117.3881024
,,expert.layers.1.mlp.down_proj,denoise,2,output,unknown,linear,1465,17,2048,720,52740000,210960000,8,4,0.5254001185058779,25067520,linear_role_derived_v1,802160640,180682711.47084898
,,expert.layers.1.mlp.down_proj,denoise,3,activation,unknown,linear,1465,50,2048,720,150016000,600064000,8,4,0.5385782366547568,73728000,linear_role_derived_v1,2359296000,502317814.4344185
,,expert.layers.1.mlp.down_proj,denoise,3,output,unknown,linear,1465,17,2048,720,52740000,210960000,8,4,0.524911845847554,25067520,linear_role_derived_v1,802160640,181054678.7354918
,,expert.layers.1.mlp.down_proj,denoise,4,activation,unknown,linear,1465,50,2048,720,150016000,600064000,8,4,0.5386038572552261,73728000,linear_role_derived_v1,2359296000,502262033.2478436
,,expert.layers.1.mlp.down_proj,denoise,4,output,unknown,linear,1465,17,2048,720,52740000,210960000,8,4,0.5247017064846417,25067520,linear_role_derived_v1,802160640,181214881.12679702
,,expert.layers.1.mlp.down_proj,denoise,5,activation,unknown,linear,1465,50,2048,720,150016000,600064000,8,4,0.5386137078711604,73728000,linear_role_derived_v1,2359296000,502240587.3053442
,,expert.layers.1.mlp.down_proj,denoise,5,output,unknown,linear,1465,17,2048,720,52740000,210960000,8,4,0.524552336935912,25067520,linear_role_derived_v1,802160640,181328797.96026576
,,expert.layers.1.mlp.down_proj,denoise,6,activation,unknown,linear,1465,50,2048,720,150016000,600064000,8,4,0.5385255239441127,73728000,linear_role_derived_v1,2359296000,502432590.3212876
,,expert.layers.1.mlp.down_proj,denoise,6,output,unknown,linear,1465,17,2048,720,52740000,210960000,8,4,0.5244742700037922,25067520,linear_role_derived_v1,802160640,181388350.02552077
,,expert.layers.1.mlp.down_proj,denoise,7,activation,unknown,linear,1465,50,2048,720,150016000,600064000,8,4,0.5384845349829351,73728000,linear_role_derived_v1,2359296000,502521848.1485928
,,expert.layers.1.mlp.down_proj,denoise,7,output,unknown,linear,1465,17,2048,720,52740000,210960000,8,4,0.5249926431551005,25067520,linear_role_derived_v1,802160640,180993100.74625775
,,expert.layers.1.mlp.down_proj,denoise,8,activation,unknown,linear,1465,50,2048,720,150016000,600064000,8,4,0.5382832181234002,73728000,linear_role_derived_v1,2359296000,502960352.13268816
,,expert.layers.1.mlp.down_proj,denoise,8,output,unknown,linear,1465,17,2048,720,52740000,210960000,8,4,0.5254419463405385,25067520,linear_role_derived_v1,802160640,180650864.71385968
,,expert.layers.1.mlp.down_proj,denoise,9,activation,unknown,linear,1465,50,2048,720,150016000,600064000,8,4,0.5375072425607935,73728000,linear_role_derived_v1,2359296000,504652354.3298995
,,expert.layers.1.mlp.down_proj,denoise,9,output,unknown,linear,1465,17,2048,720,52740000,210960000,8,4,0.5266675625711035,25067520,linear_role_derived_v1,802160640,179718954.6138622
,,expert.layers.2.self_attn.q_proj,denoise,0,activation,self,linear,1465,50,720,960,52740000,210960000,8,4,0.535649137277209,34560000,linear_role_derived_v1,1105920000,238460376.68691182
,,expert.layers.2.self_attn.q_proj,denoise,0,output,self,linear,1465,66,720,960,70320000,281280000,8,4,0.5275507252559727,45619200,linear_role_derived_v1,1459814400,325842715.6573163
,,expert.layers.2.self_attn.q_proj,denoise,1,activation,self,linear,1465,50,720,960,52740000,210960000,8,4,0.5357992131209708,34560000,linear_role_derived_v1,1105920000,238306263.22661242
,,expert.layers.2.self_attn.q_proj,denoise,1,output,self,linear,1465,66,720,960,70320000,281280000,8,4,0.5276638651877134,45619200,linear_role_derived_v1,1459814400,325686671.7797988
,,expert.layers.2.self_attn.q_proj,denoise,2,activation,self,linear,1465,50,720,960,52740000,210960000,8,4,0.535453441410694,34560000,linear_role_derived_v1,1105920000,238661412.35705954
,,expert.layers.2.self_attn.q_proj,denoise,2,output,self,linear,1465,66,720,960,70320000,281280000,8,4,0.5279578320534698,45619200,linear_role_derived_v1,1459814400,325281404.0478798
,,expert.layers.2.self_attn.q_proj,denoise,3,activation,self,linear,1465,50,720,960,52740000,210960000,8,4,0.5352181219188472,34560000,linear_role_derived_v1,1105920000,238903265.00152838
,,expert.layers.2.self_attn.q_proj,denoise,3,output,self,linear,1465,66,720,960,70320000,281280000,8,4,0.5280076507394766,45619200,linear_role_derived_v1,1459814400,325212748.1603308
,,expert.layers.2.self_attn.q_proj,denoise,4,activation,self,linear,1465,50,720,960,52740000,210960000,8,4,0.5352682688661358,34560000,linear_role_derived_v1,1105920000,238851715.55992836
,,expert.layers.2.self_attn.q_proj,denoise,4,output,self,linear,1465,66,720,960,70320000,281280000,8,4,0.5279123791240046,45619200,linear_role_derived_v1,1459814400,325344049.7415989
,,expert.layers.2.self_attn.q_proj,denoise,5,activation,self,linear,1465,50,720,960,52740000,210960000,8,4,0.534977540766022,34560000,linear_role_derived_v1,1105920000,239150652.00576314
,,expert.layers.2.self_attn.q_proj,denoise,5,output,self,linear,1465,66,720,960,70320000,281280000,8,4,0.5278596167519909,45619200,linear_role_derived_v1,1459814400,325416777.2705211
,,expert.layers.2.self_attn.q_proj,denoise,6,activation,self,linear,1465,50,720,960,52740000,210960000,8,4,0.5347207148274554,34560000,linear_role_derived_v1,1105920000,239414884.62594864
,,expert.layers.2.self_attn.q_proj,denoise,6,output,self,linear,1465,66,720,960,70320000,281280000,8,4,0.5271557913822525,45619200,linear_role_derived_v1,1459814400,326387705.85665435
,,expert.layers.2.self_attn.q_proj,denoise,7,activation,self,linear,1465,50,720,960,52740000,210960000,8,4,0.5349249762988244,34560000,linear_role_derived_v1,1105920000,239204720.5215242
,,expert.layers.2.self_attn.q_proj,denoise,7,output,self,linear,1465,66,720,960,70320000,281280000,8,4,0.5266523855233219,45619200,linear_role_derived_v1,1459814400,327083042.4727696
,,expert.layers.2.self_attn.q_proj,denoise,8,activation,self,linear,1465,50,720,960,52740000,210960000,8,4,0.5349271615472128,34560000,linear_role_derived_v1,1105920000,239202472.62397945
,,expert.layers.2.self_attn.q_proj,denoise,8,output,self,linear,1465,66,720,960,70320000,281280000,8,4,0.5263431882821388,45619200,linear_role_derived_v1,1459814400,327510492.41473174
,,expert.layers.2.self_attn.q_proj,denoise,9,activation,self,linear,1465,50,720,960,52740000,210960000,8,4,0.5370910219946909,34560000,linear_role_derived_v1,1105920000,236981759.66346574
,,expert.layers.2.self_attn.q_proj,denoise,9,output,self,linear,1465,66,720,960,70320000,281280000,8,4,0.5266795968430034,45619200,linear_role_derived_v1,1459814400,327045437.52819395
,,expert.layers.2.self_attn.k_proj,denoise,0,activation,self,linear,1465,50,720,320,52740000,210960000,8,4,0.535649137277209,11520000,linear_role_derived_v1,368640000,79486792.22897062
,,expert.layers.2.self_attn.k_proj,denoise,0,output,self,linear,1465,22,720,320,23440000,93760000,8,4,0.5323494027303755,5068800,linear_role_derived_v1,162201600,35473016.47407026
,,expert.layers.2.self_attn.k_proj,denoise,1,activation,self,linear,1465,50,720,320,52740000,210960000,8,4,0.5357992131209708,11520000,linear_role_derived_v1,368640000,79435421.07553747
,,expert.layers.2.self_attn.k_proj,denoise,1,output,self,linear,1465,22,720,320,23440000,93760000,8,4,0.5333561220136519,5068800,linear_role_derived_v1,162201600,35320454.14785292
,,expert.layers.2.self_attn.k_proj,denoise,2,activation,self,linear,1465,50,720,320,52740000,210960000,8,4,0.535453441410694,11520000,linear_role_derived_v1,368640000,79553804.11901985
,,expert.layers.2.self_attn.k_proj,denoise,2,output,self,linear,1465,22,720,320,23440000,93760000,8,4,0.5340512158703071,5068800,linear_role_derived_v1,162201600,35215308.67509162
,,expert.layers.2.self_attn.k_proj,denoise,3,activation,self,linear,1465,50,720,320,52740000,210960000,8,4,0.5352181219188472,11520000,linear_role_derived_v1,368640000,79634421.66717613
,,expert.layers.2.self_attn.k_proj,denoise,3,output,self,linear,1465,22,720,320,23440000,93760000,8,4,0.5346774104095563,5068800,linear_role_derived_v1,162201600,35120719.6687278
,,expert.layers.2.self_attn.k_proj,denoise,4,activation,self,linear,1465,50,720,320,52740000,210960000,8,4,0.5352682688661358,11520000,linear_role_derived_v1,368640000,79617238.51997611
,,expert.layers.2.self_attn.k_proj,denoise,4,output,self,linear,1465,22,720,320,23440000,93760000,8,4,0.5350131932593857,5068800,linear_role_derived_v1,162201600,35070050.81819629
,,expert.layers.2.self_attn.k_proj,denoise,5,activation,self,linear,1465,50,720,320,52740000,210960000,8,4,0.534977540766022,11520000,linear_role_derived_v1,368640000,79716884.00192106
,,expert.layers.2.self_attn.k_proj,denoise,5,output,self,linear,1465,22,720,320,23440000,93760000,8,4,0.5352569219283276,5068800,linear_role_derived_v1,162201600,35033295.63924517
,,expert.layers.2.self_attn.k_proj,denoise,6,activation,self,linear,1465,50,720,320,52740000,210960000,8,4,0.5347207148274554,11520000,linear_role_derived_v1,368640000,79804961.54198289
,,expert.layers.2.self_attn.k_proj,denoise,6,output,self,linear,1465,22,720,320,23440000,93760000,8,4,0.5346147930887372,5068800,linear_role_derived_v1,162201600,35130172.52310557
,,expert.layers.2.self_attn.k_proj,denoise,7,activation,self,linear,1465,50,720,320,52740000,210960000,8,4,0.5349249762988244,11520000,linear_role_derived_v1,368640000,79734906.84050806
,,expert.layers.2.self_attn.k_proj,denoise,7,output,self,linear,1465,22,720,320,23440000,93760000,8,4,0.5331816979522185,5068800,linear_role_derived_v1,162201600,35346863.530886106
,,expert.layers.2.self_attn.k_proj,denoise,8,activation,self,linear,1465,50,720,320,52740000,210960000,8,4,0.5349271615472128,11520000,linear_role_derived_v1,368640000,79734157.54132648
,,expert.layers.2.self_attn.k_proj,denoise,8,output,self,linear,1465,22,720,320,23440000,93760000,8,4,0.5320356761945393,5068800,linear_role_derived_v1,162201600,35520627.06010605
,,expert.layers.2.self_attn.k_proj,denoise,9,activation,self,linear,1465,50,720,320,52740000,210960000,8,4,0.5370910219946909,11520000,linear_role_derived_v1,368640000,78993919.88782193
,,expert.layers.2.self_attn.k_proj,denoise,9,output,self,linear,1465,22,720,320,23440000,93760000,8,4,0.5310494987201365,5068800,linear_role_derived_v1,162201600,35670495.54724927
,,expert.layers.2.self_attn.v_proj,denoise,0,activation,self,linear,1465,50,720,320,52740000,210960000,8,4,0.535649137277209,11520000,linear_role_derived_v1,368640000,79486792.22897062
,,expert.layers.2.self_attn.v_proj,denoise,0,output,self,linear,1465,22,720,320,23440000,93760000,8,4,0.5226630439419795,5068800,linear_role_derived_v1,162201600,36957726.95307047
,,expert.layers.2.self_attn.v_proj,denoise,1,activation,self,linear,1465,50,720,320,52740000,210960000,8,4,0.5357992131209708,11520000,linear_role_derived_v1,368640000,79435421.07553747
,,expert.layers.2.self_attn.v_proj,denoise,1,output,self,linear,1465,22,720,320,23440000,93760000,8,4,0.5223998080204778,5068800,linear_role_derived_v1,162201600,36998500.179163165
,,expert.layers.2.self_attn.v_proj,denoise,2,activation,self,linear,1465,50,720,320,52740000,210960000,8,4,0.535453441410694,11520000,linear_role_derived_v1,368640000,79553804.11901985
,,expert.layers.2.self_attn.v_proj,denoise,2,output,self,linear,1465,22,720,320,23440000,93760000,8,4,0.5220959897610922,5068800,linear_role_derived_v1,162201600,37045587.24258297
,,expert.layers.2.self_attn.v_proj,denoise,3,activation,self,linear,1465,50,720,320,52740000,210960000,8,4,0.5352181219188472,11520000,linear_role_derived_v1,368640000,79634421.66717613
,,expert.layers.2.self_attn.v_proj,denoise,3,output,self,linear,1465,22,720,320,23440000,93760000,8,4,0.5217399317406143,5068800,linear_role_derived_v1,162201600,37100808.75930543
,,expert.layers.2.self_attn.v_proj,denoise,4,activation,self,linear,1465,50,720,320,52740000,210960000,8,4,0.5352682688661358,11520000,linear_role_derived_v1,368640000,79617238.51997611
,,expert.layers.2.self_attn.v_proj,denoise,4,output,self,linear,1465,22,720,320,23440000,93760000,8,4,0.5213949338737202,5068800,linear_role_derived_v1,162201600,37154354.172481254
,,expert.layers.2.self_attn.v_proj,denoise,5,activation,self,linear,1465,50,720,320,52740000,210960000,8,4,0.534977540766022,11520000,linear_role_derived_v1,368640000,79716884.00192106
,,expert.layers.2.self_attn.v_proj,denoise,5,output,self,linear,1465,22,720,320,23440000,93760000,8,4,0.5209037329351536,5068800,linear_role_derived_v1,162201600,37230657.66450233
,,expert.layers.2.self_attn.v_proj,denoise,6,activation,self,linear,1465,50,720,320,52740000,210960000,8,4,0.5347207148274554,11520000,linear_role_derived_v1,368640000,79804961.54198289
,,expert.layers.2.self_attn.v_proj,denoise,6,output,self,linear,1465,22,720,320,23440000,93760000,8,4,0.5206674594709898,5068800,linear_role_derived_v1,162201600,37267388.42679628
,,expert.layers.2.self_attn.v_proj,denoise,7,activation,self,linear,1465,50,720,320,52740000,210960000,8,4,0.5349249762988244,11520000,linear_role_derived_v1,368640000,79734906.84050806
,,expert.layers.2.self_attn.v_proj,denoise,7,output,self,linear,1465,22,720,320,23440000,93760000,8,4,0.5202987094709898,5068800,linear_role_derived_v1,162201600,37324750.00485411
,,expert.layers.2.self_attn.v_proj,denoise,8,activation,self,linear,1465,50,720,320,52740000,210960000,8,4,0.5349271615472128,11520000,linear_role_derived_v1,368640000,79734157.54132648
,,expert.layers.2.self_attn.v_proj,denoise,8,output,self,linear,1465,22,720,320,23440000,93760000,8,4,0.5206120200511946,5068800,linear_role_derived_v1,162201600,37276009.58934259
,,expert.layers.2.self_attn.v_proj,denoise,9,activation,self,linear,1465,50,720,320,52740000,210960000,8,4,0.5370910219946909,11520000,linear_role_derived_v1,368640000,78993919.88782193
,,expert.layers.2.self_attn.v_proj,denoise,9,output,self,linear,1465,22,720,320,23440000,93760000,8,4,0.5211336497440273,5068800,linear_role_derived_v1,162201600,37194932.485062845
,,expert.layers.2.self_attn.o_proj,denoise,0,activation,unknown,linear,1465,50,960,720,70320000,281280000,8,4,0.5270853384527873,34560000,linear_role_derived_v1,1105920000,247337102.61741564
,,expert.layers.2.self_attn.o_proj,denoise,0,output,unknown,linear,1465,37,960,720,52740000,210960000,8,4,0.5274630783086841,25574400,linear_role_derived_v1,818380800,182737183.7187222
,,expert.layers.2.self_attn.o_proj,denoise,1,activation,unknown,linear,1465,50,960,720,70320000,281280000,8,4,0.5270694610352673,34560000,linear_role_derived_v1,1105920000,247353710.8585578
,,expert.layers.2.self_attn.o_proj,denoise,1,output,unknown,linear,1465,37,960,720,52740000,210960000,8,4,0.5277260523321957,25574400,linear_role_derived_v1,818380800,182533848.2393794
,,expert.layers.2.self_attn.o_proj,denoise,2,activation,unknown,linear,1465,50,960,720,70320000,281280000,8,4,0.5270147966439135,34560000,linear_role_derived_v1,1105920000,247410895.66853365
,,expert.layers.2.self_attn.o_proj,denoise,2,output,unknown,linear,1465,37,960,720,52740000,210960000,8,4,0.527891514979143,25574400,linear_role_derived_v1,818380800,182405968.04162362
,,expert.layers.2.self_attn.o_proj,denoise,3,activation,unknown,linear,1465,50,960,720,70320000,281280000,8,4,0.5270548705915813,34560000,linear_role_derived_v1,1105920000,247368973.3792129
,,expert.layers.2.self_attn.o_proj,denoise,3,output,unknown,linear,1465,37,960,720,52740000,210960000,8,4,0.5281673208191127,25574400,linear_role_derived_v1,818380800,182192907.11316165
,,expert.layers.2.self_attn.o_proj,denoise,4,activation,unknown,linear,1465,50,960,720,70320000,281280000,8,4,0.526965212599545,34560000,linear_role_derived_v1,1105920000,247462771.60783172
,,expert.layers.2.self_attn.o_proj,denoise,4,output,unknown,linear,1465,37,960,720,52740000,210960000,8,4,0.5285401545316648,25574400,linear_role_derived_v1,818380800,181905089.7433702
,,expert.layers.2.self_attn.o_proj,denoise,5,activation,unknown,linear,1465,50,960,720,70320000,281280000,8,4,0.5268937997724688,34560000,linear_role_derived_v1,1105920000,247537494.86513308
,,expert.layers.2.self_attn.o_proj,denoise,5,output,unknown,linear,1465,37,960,720,52740000,210960000,8,4,0.5287688898369359,25574400,linear_role_derived_v1,818380800,181728624.98924816
,,expert.layers.2.self_attn.o_proj,denoise,6,activation,unknown,linear,1465,50,960,720,70320000,281280000,8,4,0.5268164533560865,34560000,linear_role_derived_v1,1105920000,247618439.49534583
,,expert.layers.2.self_attn.o_proj,denoise,6,output,unknown,linear,1465,37,960,720,52740000,210960000,8,4,0.5286941742510428,25574400,linear_role_derived_v1,818380800,181786257.1651248
,,expert.layers.2.self_attn.o_proj,denoise,7,activation,unknown,linear,1465,50,960,720,70320000,281280000,8,4,0.5266203782707622,34560000,linear_role_derived_v1,1105920000,247823695.43167746
,,expert.layers.2.self_attn.o_proj,denoise,7,output,unknown,linear,1465,37,960,720,52740000,210960000,8,4,0.5286649791429655,25574400,linear_role_derived_v1,818380800,181808779.41507265
,,expert.layers.2.self_attn.o_proj,denoise,8,activation,unknown,linear,1465,50,960,720,70320000,281280000,8,4,0.526462478668942,34560000,linear_role_derived_v1,1105920000,247989050.2011199
,,expert.layers.2.self_attn.o_proj,denoise,8,output,unknown,linear,1465,37,960,720,52740000,210960000,8,4,0.5285229285172545,25574400,linear_role_derived_v1,818380800,181918382.73946583
,,expert.layers.2.self_attn.o_proj,denoise,9,activation,unknown,linear,1465,50,960,720,70320000,281280000,8,4,0.5268584933162684,34560000,linear_role_derived_v1,1105920000,247574442.1629007
,,expert.layers.2.self_attn.o_proj,denoise,9,output,unknown,linear,1465,37,960,720,52740000,210960000,8,4,0.5290802142586273,25574400,linear_role_derived_v1,818380800,181488581.96631363
,,expert.layers.2.mlp.gate_proj,denoise,0,activation,unknown,linear,1465,50,720,2048,52740000,210960000,8,4,0.5357558352294274,73728000,linear_role_derived_v1,2359296000,508481713.1337782
,,expert.layers.2.mlp.gate_proj,denoise,0,output,unknown,linear,1465,142,720,2048,150016000,600064000,8,4,0.4913476762478669,209387520,linear_role_derived_v1,6700400640,1733575805.731563
,,expert.layers.2.mlp.gate_proj,denoise,1,activation,unknown,linear,1465,50,720,2048,52740000,210960000,8,4,0.5358569397042093,73728000,linear_role_derived_v1,2359296000,508260259.9315348
,,expert.layers.2.mlp.gate_proj,denoise,1,output,unknown,linear,1465,142,720,2048,150016000,600064000,8,4,0.48886529436860066,209387520,linear_role_derived_v1,6700400640,1750537875.5964916
,,expert.layers.2.mlp.gate_proj,denoise,2,activation,unknown,linear,1465,50,720,2048,52740000,210960000,8,4,0.5356181313993174,73728000,linear_role_derived_v1,2359296000,508783408.9627465
,,expert.layers.2.mlp.gate_proj,denoise,2,output,unknown,linear,1465,142,720,2048,150016000,600064000,8,4,0.48688310246906996,209387520,linear_role_derived_v1,6700400640,1764141452.6479797
,,expert.layers.2.mlp.gate_proj,denoise,3,activation,unknown,linear,1465,50,720,2048,52740000,210960000,8,4,0.5353282091391733,73728000,linear_role_derived_v1,2359296000,509418893.2127183
,,expert.layers.2.mlp.gate_proj,denoise,3,output,unknown,linear,1465,142,720,2048,150016000,600064000,8,4,0.4853401253866254,209387520,linear_role_derived_v1,6700400640,1774767189.2327433
,,expert.layers.2.mlp.gate_proj,denoise,4,activation,unknown,linear,1465,50,720,2048,52740000,210960000,8,4,0.5355598075464543,73728000,linear_role_derived_v1,2359296000,508911217.8810105
,,expert.layers.2.mlp.gate_proj,denoise,4,output,unknown,linear,1465,142,720,2048,150016000,600064000,8,4,0.4843560620200512,209387520,linear_role_derived_v1,6700400640,1781560619.8327036
,,expert.layers.2.mlp.gate_proj,denoise,5,activation,unknown,linear,1465,50,720,2048,52740000,210960000,8,4,0.5351844093667046,73728000,linear_role_derived_v1,2359296000,509734236.8905987
,,expert.layers.2.mlp.gate_proj,denoise,5,output,unknown,linear,1465,142,720,2048,150016000,600064000,8,4,0.4838643444699232,209387520,linear_role_derived_v1,6700400640,1784960028.7928092
,,expert.layers.2.mlp.gate_proj,denoise,6,activation,unknown,linear,1465,50,720,2048,52740000,210960000,8,4,0.5351626469472885,73728000,linear_role_derived_v1,2359296000,509781968.98118633
,,expert.layers.2.mlp.gate_proj,denoise,6,output,unknown,linear,1465,142,720,2048,150016000,600064000,8,4,0.4840981428647611,209387520,linear_role_derived_v1,6700400640,1783343297.7399461
,,expert.layers.2.mlp.gate_proj,denoise,7,activation,unknown,linear,1465,50,720,2048,52740000,210960000,8,4,0.5356099781949185,73728000,linear_role_derived_v1,2359296000,508801274.65399694
,,expert.layers.2.mlp.gate_proj,denoise,7,output,unknown,linear,1465,142,720,2048,150016000,600064000,8,4,0.4855656579964804,209387520,linear_role_derived_v1,6700400640,1773212064.4065967
,,expert.layers.2.mlp.gate_proj,denoise,8,activation,unknown,linear,1465,50,720,2048,52740000,210960000,8,4,0.5354922591960561,73728000,linear_role_derived_v1,2359296000,509059261.1109581
,,expert.layers.2.mlp.gate_proj,denoise,8,output,unknown,linear,1465,142,720,2048,150016000,600064000,8,4,0.4884456707951152,209387520,linear_role_derived_v1,6700400640,1753413315.1922429
,,expert.layers.2.mlp.gate_proj,denoise,9,activation,unknown,linear,1465,50,720,2048,52740000,210960000,8,4,0.5369036736822146,73728000,linear_role_derived_v1,2359296000,505970391.0016638
,,expert.layers.2.mlp.gate_proj,denoise,9,output,unknown,linear,1465,142,720,2048,150016000,600064000,8,4,0.49476487507999145,209387520,linear_role_derived_v1,6700400640,1710361229.1152768
,,expert.layers.2.mlp.up_proj,denoise,0,activation,unknown,linear,1465,50,720,2048,52740000,210960000,8,4,0.5357558352294274,73728000,linear_role_derived_v1,2359296000,508481713.1337782
,,expert.layers.2.mlp.up_proj,denoise,0,output,unknown,linear,1465,142,720,2048,150016000,600064000,8,4,0.529673809793622,209387520,linear_role_derived_v1,6700400640,1482173683.0624905
,,expert.layers.2.mlp.up_proj,denoise,1,activation,unknown,linear,1465,50,720,2048,52740000,210960000,8,4,0.5358569397042093,73728000,linear_role_derived_v1,2359296000,508260259.9315348
,,expert.layers.2.mlp.up_proj,denoise,1,output,unknown,linear,1465,142,720,2048,150016000,600064000,8,4,0.5298603515625,209387520,linear_role_derived_v1,6700400640,1480998190.49631
,,expert.layers.2.mlp.up_proj,denoise,2,activation,unknown,linear,1465,50,720,2048,52740000,210960000,8,4,0.5356181313993174,73728000,linear_role_derived_v1,2359296000,508783408.9627465
,,expert.layers.2.mlp.up_proj,denoise,2,output,unknown,linear,1465,142,720,2048,150016000,600064000,8,4,0.5299026037222696,209387520,linear_role_derived_v1,6700400640,1480732003.3729746
,,expert.layers.2.mlp.up_proj,denoise,3,activation,unknown,linear,1465,50,720,2048,52740000,210960000,8,4,0.5353282091391733,73728000,linear_role_derived_v1,2359296000,509418893.2127183
,,expert.layers.2.mlp.up_proj,denoise,3,output,unknown,linear,1465,142,720,2048,150016000,600064000,8,4,0.5298322895557808,209387520,linear_role_derived_v1,6700400640,1481174993.3744967
,,expert.layers.2.mlp.up_proj,denoise,4,activation,unknown,linear,1465,50,720,2048,52740000,210960000,8,4,0.5355598075464543,73728000,linear_role_derived_v1,2359296000,508911217.8810105
,,expert.layers.2.mlp.up_proj,denoise,4,output,unknown,linear,1465,142,720,2048,150016000,600064000,8,4,0.5297191766211604,209387520,linear_role_derived_v1,6700400640,1481887761.1799204
,,expert.layers.2.mlp.up_proj,denoise,5,activation,unknown,linear,1465,50,720,2048,52740000,210960000,8,4,0.5351844093667046,73728000,linear_role_derived_v1,2359296000,509734236.8905987
,,expert.layers.2.mlp.up_proj,denoise,5,output,unknown,linear,1465,142,720,2048,150016000,600064000,8,4,0.5298255502746374,209387520,linear_role_derived_v1,6700400640,1481217455.3557067
,,expert.layers.2.mlp.up_proj,denoise,6,activation,unknown,linear,1465,50,720,2048,52740000,210960000,8,4,0.5351626469472885,73728000,linear_role_derived_v1,2359296000,509781968.98118633
,,expert.layers.2.mlp.up_proj,denoise,6,output,unknown,linear,1465,142,720,2048,150016000,600064000,8,4,0.5300969363267918,209387520,linear_role_derived_v1,6700400640,1479508022.844819
,,expert.layers.2.mlp.up_proj,denoise,7,activation,unknown,linear,1465,50,720,2048,52740000,210960000,8,4,0.5356099781949185,73728000,linear_role_derived_v1,2359296000,508801274.65399694
,,expert.layers.2.mlp.up_proj,denoise,7,output,unknown,linear,1465,142,720,2048,150016000,600064000,8,4,0.5303725835910836,209387520,linear_role_derived_v1,6700400640,1477772759.7435617
,,expert.layers.2.mlp.up_proj,denoise,8,activation,unknown,linear,1465,50,720,2048,52740000,210960000,8,4,0.5354922591960561,73728000,linear_role_derived_v1,2359296000,509059261.1109581
,,expert.layers.2.mlp.up_proj,denoise,8,output,unknown,linear,1465,142,720,2048,150016000,600064000,8,4,0.5305609718296715,209387520,linear_role_derived_v1,6700400640,1476587398.0748549
,,expert.layers.2.mlp.up_proj,denoise,9,activation,unknown,linear,1465,50,720,2048,52740000,210960000,8,4,0.5369036736822146,73728000,linear_role_derived_v1,2359296000,505970391.0016638
,,expert.layers.2.mlp.up_proj,denoise,9,output,unknown,linear,1465,142,720,2048,150016000,600064000,8,4,0.5299291808873721,209387520,linear_role_derived_v1,6700400640,1480564580.422754
,,expert.layers.2.mlp.down_proj,denoise,0,activation,unknown,linear,1465,50,2048,720,150016000,600064000,8,4,0.5379952021784343,73728000,linear_role_derived_v1,2359296000,503588034.6789641
,,expert.layers.2.mlp.down_proj,denoise,0,output,unknown,linear,1465,17,2048,720,52740000,210960000,8,4,0.5264957385286311,25067520,linear_role_derived_v1,802160640,179849457.57422417
,,expert.layers.2.mlp.down_proj,denoise,1,activation,unknown,linear,1465,50,2048,720,150016000,600064000,8,4,0.5380905370093857,73728000,linear_role_derived_v1,2359296000,503380225.0328471
,,expert.layers.2.mlp.down_proj,denoise,1,output,unknown,linear,1465,17,2048,720,52740000,210960000,8,4,0.526317993932499,25067520,linear_role_derived_v1,802160640,179984507.1260809
,,expert.layers.2.mlp.down_proj,denoise,2,activation,unknown,linear,1465,50,2048,720,150016000,600064000,8,4,0.538176539502453,73728000,linear_role_derived_v1,2359296000,503192794.6918924
,,expert.layers.2.mlp.down_proj,denoise,2,output,unknown,linear,1465,17,2048,720,52740000,210960000,8,4,0.5260830536594615,25067520,linear_role_derived_v1,802160640,180163091.47282887
,,expert.layers.2.mlp.down_proj,denoise,3,activation,unknown,linear,1465,50,2048,720,150016000,600064000,8,4,0.5382221912995947,73728000,linear_role_derived_v1,2359296000,503093317.19902545
,,expert.layers.2.mlp.down_proj,denoise,3,output,unknown,linear,1465,17,2048,720,52740000,210960000,8,4,0.5255763983693591,25067520,linear_role_derived_v1,802160640,180548515.02528754
,,expert.layers.2.mlp.down_proj,denoise,4,activation,unknown,linear,1465,50,2048,720,150016000,600064000,8,4,0.5382209547648251,73728000,linear_role_derived_v1,2359296000,503096011.5390315
,,expert.layers.2.mlp.down_proj,denoise,4,output,unknown,linear,1465,17,2048,720,52740000,210960000,8,4,0.5251202218430034,25067520,linear_role_derived_v1,802160640,180895890.62486225
,,expert.layers.2.mlp.down_proj,denoise,5,activation,unknown,linear,1465,50,2048,720,150016000,600064000,8,4,0.5380655913369241,73728000,linear_role_derived_v1,2359296000,503434597.14817077
,,expert.layers.2.mlp.down_proj,denoise,5,output,unknown,linear,1465,17,2048,720,52740000,210960000,8,4,0.5247261708380736,25067520,linear_role_derived_v1,802160640,181196226.77493042
,,expert.layers.2.mlp.down_proj,denoise,6,activation,unknown,linear,1465,50,2048,720,150016000,600064000,8,4,0.537712347349616,73728000,linear_role_derived_v1,2359296000,504204850.4003346
,,expert.layers.2.mlp.down_proj,denoise,6,output,unknown,linear,1465,17,2048,720,52740000,210960000,8,4,0.5244126090254076,25067520,linear_role_derived_v1,802160640,181435393.99211103
,,expert.layers.2.mlp.down_proj,denoise,7,activation,unknown,linear,1465,50,2048,720,150016000,600064000,8,4,0.5372416125613267,73728000,linear_role_derived_v1,2359296000,505232209.0329234
,,expert.layers.2.mlp.down_proj,denoise,7,output,unknown,linear,1465,17,2048,720,52740000,210960000,8,4,0.5241515453166478,25067520,linear_role_derived_v1,802160640,181634638.95988962
,,expert.layers.2.mlp.down_proj,denoise,8,activation,unknown,linear,1465,50,2048,720,150016000,600064000,8,4,0.5366792392144838,73728000,linear_role_derived_v1,2359296000,506460935.6510202
,,expert.layers.2.mlp.down_proj,denoise,8,output,unknown,linear,1465,17,2048,720,52740000,210960000,8,4,0.524427256351915,25067520,linear_role_derived_v1,802160640,181424218.3277339
,,expert.layers.2.mlp.down_proj,denoise,9,activation,unknown,linear,1465,50,2048,720,150016000,600064000,8,4,0.5359516351589164,73728000,linear_role_derived_v1,2359296000,508052888.40859497
,,expert.layers.2.mlp.down_proj,denoise,9,output,unknown,linear,1465,17,2048,720,52740000,210960000,8,4,0.5253706816458096,25067520,linear_role_derived_v1,802160640,180705125.7058616
,,expert.layers.3.self_attn.q_proj,denoise,0,activation,cross,linear,1465,50,720,960,52740000,210960000,8,4,0.5356726867652636,34560000,linear_role_derived_v1,1105920000,238436190.3319574
,,expert.layers.3.self_attn.q_proj,denoise,0,output,cross,linear,1465,66,720,960,70320000,281280000,8,4,0.533536867178612,45619200,linear_role_derived_v1,1459814400,317637882.9452993
,,expert.layers.3.self_attn.q_proj,denoise,1,activation,cross,linear,1465,50,720,960,52740000,210960000,8,4,0.5358673018581722,34560000,linear_role_derived_v1,1105920000,238236359.06884205
,,expert.layers.3.self_attn.q_proj,denoise,1,output,cross,linear,1465,66,720,960,70320000,281280000,8,4,0.533620755119454,45619200,linear_role_derived_v1,1459814400,317523646.2990383
,,expert.layers.3.self_attn.q_proj,denoise,2,activation,cross,linear,1465,50,720,960,52740000,210960000,8,4,0.5355770193401592,34560000,linear_role_derived_v1,1105920000,238534452.59486055
,,expert.layers.3.self_attn.q_proj,denoise,2,output,cross,linear,1465,66,720,960,70320000,281280000,8,4,0.5334576187428897,45619200,linear_role_derived_v1,1459814400,317745820.4943449
,,expert.layers.3.self_attn.q_proj,denoise,3,activation,cross,linear,1465,50,720,960,52740000,210960000,8,4,0.5351571245733788,34560000,linear_role_derived_v1,1105920000,238965975.79948074
,,expert.layers.3.self_attn.q_proj,denoise,3,output,cross,linear,1465,66,720,960,70320000,281280000,8,4,0.5332988303469852,45619200,linear_role_derived_v1,1459814400,317962147.83040464
,,expert.layers.3.self_attn.q_proj,denoise,4,activation,cross,linear,1465,50,720,960,52740000,210960000,8,4,0.5354411689419796,34560000,linear_role_derived_v1,1105920000,238674022.51787665
,,expert.layers.3.self_attn.q_proj,denoise,4,output,cross,linear,1465,66,720,960,70320000,281280000,8,4,0.5329014327360637,45619200,linear_role_derived_v1,1459814400,318503870.04155433
,,expert.layers.3.self_attn.q_proj,denoise,5,activation,cross,linear,1465,50,720,960,52740000,210960000,8,4,0.5350302806219188,34560000,linear_role_derived_v1,1105920000,239096409.22482082
,,expert.layers.3.self_attn.q_proj,denoise,5,output,cross,linear,1465,66,720,960,70320000,281280000,8,4,0.5321856050910125,45619200,linear_role_derived_v1,1459814400,319480831.1855502
,,expert.layers.3.self_attn.q_proj,denoise,6,activation,cross,linear,1465,50,720,960,52740000,210960000,8,4,0.5348405195297686,34560000,linear_role_derived_v1,1105920000,239291606.68471542
,,expert.layers.3.self_attn.q_proj,denoise,6,output,cross,linear,1465,66,720,960,70320000,281280000,8,4,0.5310002310864619,45619200,linear_role_derived_v1,1459814400,321101918.81042063
,,expert.layers.3.self_attn.q_proj,denoise,7,activation,cross,linear,1465,50,720,960,52740000,210960000,8,4,0.5347932499051953,34560000,linear_role_derived_v1,1105920000,239340242.90352303
,,expert.layers.3.self_attn.q_proj,denoise,7,output,cross,linear,1465,66,720,960,70320000,281280000,8,4,0.5295701151877134,45619200,linear_role_derived_v1,1459814400,323063169.65204895
,,expert.layers.3.self_attn.q_proj,denoise,8,activation,cross,linear,1465,50,720,960,52740000,210960000,8,4,0.5351247866894198,34560000,linear_role_derived_v1,1105920000,238999225.4122005
,,expert.layers.3.self_attn.q_proj,denoise,8,output,cross,linear,1465,66,720,960,70320000,281280000,8,4,0.5280017064846416,45619200,linear_role_derived_v1,1459814400,325220939.6474457
,,expert.layers.3.self_attn.q_proj,denoise,9,activation,cross,linear,1465,50,720,960,52740000,210960000,8,4,0.5336492794842624,34560000,linear_role_derived_v1,1105920000,240518793.30569357
,,expert.layers.3.self_attn.q_proj,denoise,9,output,cross,linear,1465,66,720,960,70320000,281280000,8,4,0.5268168230944255,45619200,linear_role_derived_v1,1459814400,326855829.33303124
,,expert.layers.3.self_attn.k_proj,denoise,0,activation,cross,linear,1465,177,320,320,82977600,331910400,8,4,0.537590626867974,18124800,linear_role_derived_v1,579993600,124015639.98546338
,,expert.layers.3.self_attn.k_proj,denoise,0,output,cross,linear,1465,177,320,320,82977600,331910400,8,4,0.5267359865795106,18124800,linear_role_derived_v1,579993600,129906285.84685516
,,expert.layers.3.self_attn.k_proj,denoise,1,activation,cross,linear,1465,177,320,320,82977600,331910400,8,4,0.537590626867974,18124800,linear_role_derived_v1,579993600,124015639.98546338
,,expert.layers.3.self_attn.k_proj,denoise,1,output,cross,linear,1465,177,320,320,82977600,331910400,8,4,0.5267359865795106,18124800,linear_role_derived_v1,579993600,129906285.84685516
,,expert.layers.3.self_attn.k_proj,denoise,2,activation,cross,linear,1465,177,320,320,82977600,331910400,8,4,0.537590626867974,18124800,linear_role_derived_v1,579993600,124015639.98546338
,,expert.layers.3.self_attn.k_proj,denoise,2,output,cross,linear,1465,177,320,320,82977600,331910400,8,4,0.5267359865795106,18124800,linear_role_derived_v1,579993600,129906285.84685516
,,expert.layers.3.self_attn.k_proj,denoise,3,activation,cross,linear,1465,177,320,320,82977600,331910400,8,4,0.537590626867974,18124800,linear_role_derived_v1,579993600,124015639.98546338
,,expert.layers.3.self_attn.k_proj,denoise,3,output,cross,linear,1465,177,320,320,82977600,331910400,8,4,0.5267359865795106,18124800,linear_role_derived_v1,579993600,129906285.84685516
,,expert.layers.3.self_attn.k_proj,denoise,4,activation,cross,linear,1465,177,320,320,82977600,331910400,8,4,0.537590626867974,18124800,linear_role_derived_v1,579993600,124015639.98546338
,,expert.layers.3.self_attn.k_proj,denoise,4,output,cross,linear,1465,177,320,320,82977600,331910400,8,4,0.5267359865795106,18124800,linear_role_derived_v1,579993600,129906285.84685516
,,expert.layers.3.self_attn.k_proj,denoise,5,activation,cross,linear,1465,177,320,320,82977600,331910400,8,4,0.537590626867974,18124800,linear_role_derived_v1,579993600,124015639.98546338
,,expert.layers.3.self_attn.k_proj,denoise,5,output,cross,linear,1465,177,320,320,82977600,331910400,8,4,0.5267359865795106,18124800,linear_role_derived_v1,579993600,129906285.84685516
,,expert.layers.3.self_attn.k_proj,denoise,6,activation,cross,linear,1465,177,320,320,82977600,331910400,8,4,0.537590626867974,18124800,linear_role_derived_v1,579993600,124015639.98546338
,,expert.layers.3.self_attn.k_proj,denoise,6,output,cross,linear,1465,177,320,320,82977600,331910400,8,4,0.5267359865795106,18124800,linear_role_derived_v1,579993600,129906285.84685516
,,expert.layers.3.self_attn.k_proj,denoise,7,activation,cross,linear,1465,177,320,320,82977600,331910400,8,4,0.537590626867974,18124800,linear_role_derived_v1,579993600,124015639.98546338
,,expert.layers.3.self_attn.k_proj,denoise,7,output,cross,linear,1465,177,320,320,82977600,331910400,8,4,0.5267359865795106,18124800,linear_role_derived_v1,579993600,129906285.84685516
,,expert.layers.3.self_attn.k_proj,denoise,8,activation,cross,linear,1465,177,320,320,82977600,331910400,8,4,0.537590626867974,18124800,linear_role_derived_v1,579993600,124015639.98546338
,,expert.layers.3.self_attn.k_proj,denoise,8,output,cross,linear,1465,177,320,320,82977600,331910400,8,4,0.5267359865795106,18124800,linear_role_derived_v1,579993600,129906285.84685516
,,expert.layers.3.self_attn.k_proj,denoise,9,activation,cross,linear,1465,177,320,320,82977600,331910400,8,4,0.537590626867974,18124800,linear_role_derived_v1,579993600,124015639.98546338
,,expert.layers.3.self_attn.k_proj,denoise,9,output,cross,linear,1465,177,320,320,82977600,331910400,8,4,0.5267359865795106,18124800,linear_role_derived_v1,579993600,129906285.84685516
,,expert.layers.3.self_attn.v_proj,denoise,0,activation,cross,linear,1465,177,320,320,82977600,331910400,8,4,0.5275979089537417,18124800,linear_role_derived_v1,579993600,129433538.41452084
,,expert.layers.3.self_attn.v_proj,denoise,0,output,cross,linear,1465,177,320,320,82977600,331910400,8,4,0.52628368378936,18124800,linear_role_derived_v1,579993600,130154709.77587512
,,expert.layers.3.self_attn.v_proj,denoise,1,activation,cross,linear,1465,177,320,320,82977600,331910400,8,4,0.5275979089537417,18124800,linear_role_derived_v1,579993600,129433538.41452084
,,expert.layers.3.self_attn.v_proj,denoise,1,output,cross,linear,1465,177,320,320,82977600,331910400,8,4,0.52628368378936,18124800,linear_role_derived_v1,579993600,130154709.77587512
,,expert.layers.3.self_attn.v_proj,denoise,2,activation,cross,linear,1465,177,320,320,82977600,331910400,8,4,0.5275979089537417,18124800,linear_role_derived_v1,579993600,129433538.41452084
,,expert.layers.3.self_attn.v_proj,denoise,2,output,cross,linear,1465,177,320,320,82977600,331910400,8,4,0.52628368378936,18124800,linear_role_derived_v1,579993600,130154709.77587512
,,expert.layers.3.self_attn.v_proj,denoise,3,activation,cross,linear,1465,177,320,320,82977600,331910400,8,4,0.5275979089537417,18124800,linear_role_derived_v1,579993600,129433538.41452084
,,expert.layers.3.self_attn.v_proj,denoise,3,output,cross,linear,1465,177,320,320,82977600,331910400,8,4,0.52628368378936,18124800,linear_role_derived_v1,579993600,130154709.77587512
,,expert.layers.3.self_attn.v_proj,denoise,4,activation,cross,linear,1465,177,320,320,82977600,331910400,8,4,0.5275979089537417,18124800,linear_role_derived_v1,579993600,129433538.41452084
,,expert.layers.3.self_attn.v_proj,denoise,4,output,cross,linear,1465,177,320,320,82977600,331910400,8,4,0.52628368378936,18124800,linear_role_derived_v1,579993600,130154709.77587512
,,expert.layers.3.self_attn.v_proj,denoise,5,activation,cross,linear,1465,177,320,320,82977600,331910400,8,4,0.5275979089537417,18124800,linear_role_derived_v1,579993600,129433538.41452084
,,expert.layers.3.self_attn.v_proj,denoise,5,output,cross,linear,1465,177,320,320,82977600,331910400,8,4,0.52628368378936,18124800,linear_role_derived_v1,579993600,130154709.77587512
,,expert.layers.3.self_attn.v_proj,denoise,6,activation,cross,linear,1465,177,320,320,82977600,331910400,8,4,0.5275979089537417,18124800,linear_role_derived_v1,579993600,129433538.41452084
,,expert.layers.3.self_attn.v_proj,denoise,6,output,cross,linear,1465,177,320,320,82977600,331910400,8,4,0.52628368378936,18124800,linear_role_derived_v1,579993600,130154709.77587512
,,expert.layers.3.self_attn.v_proj,denoise,7,activation,cross,linear,1465,177,320,320,82977600,331910400,8,4,0.5275979089537417,18124800,linear_role_derived_v1,579993600,129433538.41452084
,,expert.layers.3.self_attn.v_proj,denoise,7,output,cross,linear,1465,177,320,320,82977600,331910400,8,4,0.52628368378936,18124800,linear_role_derived_v1,579993600,130154709.77587512
,,expert.layers.3.self_attn.v_proj,denoise,8,activation,cross,linear,1465,177,320,320,82977600,331910400,8,4,0.5275979089537417,18124800,linear_role_derived_v1,579993600,129433538.41452084
,,expert.layers.3.self_attn.v_proj,denoise,8,output,cross,linear,1465,177,320,320,82977600,331910400,8,4,0.52628368378936,18124800,linear_role_derived_v1,579993600,130154709.77587512
,,expert.layers.3.self_attn.v_proj,denoise,9,activation,cross,linear,1465,177,320,320,82977600,331910400,8,4,0.5275979089537417,18124800,linear_role_derived_v1,579993600,129433538.41452084
,,expert.layers.3.self_attn.v_proj,denoise,9,output,cross,linear,1465,177,320,320,82977600,331910400,8,4,0.52628368378936,18124800,linear_role_derived_v1,579993600,130154709.77587512
,,expert.layers.3.self_attn.o_proj,denoise,0,activation,unknown,linear,1465,50,960,720,70320000,281280000,8,4,0.5249952822810011,34560000,linear_role_derived_v1,1105920000,249528156.57341978
,,expert.layers.3.self_attn.o_proj,denoise,0,output,unknown,linear,1465,37,960,720,52740000,210960000,8,4,0.5248593193022374,25574400,linear_role_derived_v1,818380800,184756558.05950302
,,expert.layers.3.self_attn.o_proj,denoise,1,activation,unknown,linear,1465,50,960,720,70320000,281280000,8,4,0.5249320321387941,34560000,linear_role_derived_v1,1105920000,249594613.77515295
,,expert.layers.3.self_attn.o_proj,denoise,1,output,unknown,linear,1465,37,960,720,52740000,210960000,8,4,0.5249315083428138,25574400,linear_role_derived_v1,818380800,184700421.4834533
,,expert.layers.3.self_attn.o_proj,denoise,2,activation,unknown,linear,1465,50,960,720,70320000,281280000,8,4,0.5248280076791809,34560000,linear_role_derived_v1,1105920000,249703931.97468412
,,expert.layers.3.self_attn.o_proj,denoise,2,output,unknown,linear,1465,37,960,720,52740000,210960000,8,4,0.5249287116040956,25574400,linear_role_derived_v1,818380800,184702596.1607876
,,expert.layers.3.self_attn.o_proj,denoise,3,activation,unknown,linear,1465,50,960,720,70320000,281280000,8,4,0.5247984819397042,34560000,linear_role_derived_v1,1105920000,249734964.62147006
,,expert.layers.3.self_attn.o_proj,denoise,3,output,unknown,linear,1465,37,960,720,52740000,210960000,8,4,0.5249025739476678,25574400,linear_role_derived_v1,818380800,184722920.7980521
,,expert.layers.3.self_attn.o_proj,denoise,4,activation,unknown,linear,1465,50,960,720,70320000,281280000,8,4,0.5248172852673493,34560000,linear_role_derived_v1,1105920000,249715201.40405458
,,expert.layers.3.self_attn.o_proj,denoise,4,output,unknown,linear,1465,37,960,720,52740000,210960000,8,4,0.5248736632536973,25574400,linear_role_derived_v1,818380800,184745403.05128738
,,expert.layers.3.self_attn.o_proj,denoise,5,activation,unknown,linear,1465,50,960,720,70320000,281280000,8,4,0.5248225682593857,34560000,linear_role_derived_v1,1105920000,249709648.8616496
,,expert.layers.3.self_attn.o_proj,denoise,5,output,unknown,linear,1465,37,960,720,52740000,210960000,8,4,0.5248600303375047,25574400,linear_role_derived_v1,818380800,184756005.09346288
,,expert.layers.3.self_attn.o_proj,denoise,6,activation,unknown,linear,1465,50,960,720,70320000,281280000,8,4,0.5248901450511946,34560000,linear_role_derived_v1,1105920000,249638629.59209773
,,expert.layers.3.self_attn.o_proj,denoise,6,output,unknown,linear,1465,37,960,720,52740000,210960000,8,4,0.5248264505119454,25574400,linear_role_derived_v1,818380800,184782120.73958898
,,expert.layers.3.self_attn.o_proj,denoise,7,activation,unknown,linear,1465,50,960,720,70320000,281280000,8,4,0.5249541666666667,34560000,linear_role_derived_v1,1105920000,249571355.92319995
,,expert.layers.3.self_attn.o_proj,denoise,7,output,unknown,linear,1465,37,960,720,52740000,210960000,8,4,0.5248190320439894,25574400,linear_role_derived_v1,818380800,184787890.46706468
,,expert.layers.3.self_attn.o_proj,denoise,8,activation,unknown,linear,1465,50,960,720,70320000,281280000,8,4,0.5250350007110353,34560000,linear_role_derived_v1,1105920000,249486428.76777634
,,expert.layers.3.self_attn.o_proj,denoise,8,output,unknown,linear,1465,37,960,720,52740000,210960000,8,4,0.5247876516875237,25574400,linear_role_derived_v1,818380800,184812297.59501895
,,expert.layers.3.self_attn.o_proj,denoise,9,activation,unknown,linear,1465,50,960,720,70320000,281280000,8,4,0.5253003093003413,34560000,linear_role_derived_v1,1105920000,249207787.57978085
,,expert.layers.3.self_attn.o_proj,denoise,9,output,unknown,linear,1465,37,960,720,52740000,210960000,8,4,0.5247843572241183,25574400,linear_role_derived_v1,818380800,184814860.06825408
,,expert.layers.3.mlp.gate_proj,denoise,0,activation,unknown,linear,1465,50,720,2048,52740000,210960000,8,4,0.5354846179370497,73728000,linear_role_derived_v1,2359296000,509076009.5322074
,,expert.layers.3.mlp.gate_proj,denoise,0,output,unknown,linear,1465,142,720,2048,150016000,600064000,8,4,0.4916920828444966,209387520,linear_role_derived_v1,6700400640,1731229005.0445707
,,expert.layers.3.mlp.gate_proj,denoise,1,activation,unknown,linear,1465,50,720,2048,52740000,210960000,8,4,0.5356021994690937,73728000,linear_role_derived_v1,2359296000,508818320.0622813
,,expert.layers.3.mlp.gate_proj,denoise,1,output,unknown,linear,1465,142,720,2048,150016000,600064000,8,4,0.4898657609854949,209387520,linear_role_derived_v1,6700400640,1743691771.4882543
,,expert.layers.3.mlp.gate_proj,denoise,2,activation,unknown,linear,1465,50,720,2048,52740000,210960000,8,4,0.5354966723549488,73728000,linear_role_derived_v1,2359296000,509049588.2959079
,,expert.layers.3.mlp.gate_proj,denoise,2,output,unknown,linear,1465,142,720,2048,150016000,600064000,8,4,0.48808265618334046,209387520,linear_role_derived_v1,6700400640,1755902749.696792
,,expert.layers.3.mlp.gate_proj,denoise,3,activation,unknown,linear,1465,50,720,2048,52740000,210960000,8,4,0.534933029958286,73728000,linear_role_derived_v1,2359296000,510285730.18233895
,,expert.layers.3.mlp.gate_proj,denoise,3,output,unknown,linear,1465,142,720,2048,150016000,600064000,8,4,0.48660828011678753,209387520,linear_role_derived_v1,6700400640,1766031686.007803
,,expert.layers.3.mlp.gate_proj,denoise,4,activation,unknown,linear,1465,50,720,2048,52740000,210960000,8,4,0.5349050293894577,73728000,linear_role_derived_v1,2359296000,510347178.1963342
,,expert.layers.3.mlp.gate_proj,denoise,4,output,unknown,linear,1465,142,720,2048,150016000,600064000,8,4,0.4855212377346416,209387520,linear_role_derived_v1,6700400640,1773518303.4673402
,,expert.layers.3.mlp.gate_proj,denoise,5,activation,unknown,linear,1465,50,720,2048,52740000,210960000,8,4,0.5349504645430413,73728000,linear_role_derived_v1,2359296000,510247471.3782283
,,expert.layers.3.mlp.gate_proj,denoise,5,output,unknown,linear,1465,142,720,2048,150016000,600064000,8,4,0.4850189813086604,209387520,linear_role_derived_v1,6700400640,1776982764.314211
,,expert.layers.3.mlp.gate_proj,denoise,6,activation,unknown,linear,1465,50,720,2048,52740000,210960000,8,4,0.5345371539628365,73728000,linear_role_derived_v1,2359296000,511154834.4714253
,,expert.layers.3.mlp.gate_proj,denoise,6,output,unknown,linear,1465,142,720,2048,150016000,600064000,8,4,0.4851215753652944,209387520,linear_role_derived_v1,6700400640,1776274817.014647
,,expert.layers.3.mlp.gate_proj,denoise,7,activation,unknown,linear,1465,50,720,2048,52740000,210960000,8,4,0.5347351061812666,73728000,linear_role_derived_v1,2359296000,510720158.6708913
,,expert.layers.3.mlp.gate_proj,denoise,7,output,unknown,linear,1465,142,720,2048,150016000,600064000,8,4,0.4867322152303754,209387520,linear_role_derived_v1,6700400640,1765179132.6431248
,,expert.layers.3.mlp.gate_proj,denoise,8,activation,unknown,linear,1465,50,720,2048,52740000,210960000,8,4,0.5350697904816079,73728000,linear_role_derived_v1,2359296000,509985658.635641
,,expert.layers.3.mlp.gate_proj,denoise,8,output,unknown,linear,1465,142,720,2048,150016000,600064000,8,4,0.4899668652010452,209387520,linear_role_derived_v1,6700400640,1743000670.5771554
,,expert.layers.3.mlp.gate_proj,denoise,9,activation,unknown,linear,1465,50,720,2048,52740000,210960000,8,4,0.5344153109594236,73728000,linear_role_derived_v1,2359296000,511422476.85058504
,,expert.layers.3.mlp.gate_proj,denoise,9,output,unknown,linear,1465,142,720,2048,150016000,600064000,8,4,0.4960580671395051,209387520,linear_role_derived_v1,6700400640,1701616805.879109
,,expert.layers.3.mlp.up_proj,denoise,0,activation,unknown,linear,1465,50,720,2048,52740000,210960000,8,4,0.5354846179370497,73728000,linear_role_derived_v1,2359296000,509076009.5322074
,,expert.layers.3.mlp.up_proj,denoise,0,output,unknown,linear,1465,142,720,2048,150016000,600064000,8,4,0.5272253842923421,209387520,linear_role_derived_v1,6700400640,1497645659.0104468
,,expert.layers.3.mlp.up_proj,denoise,1,activation,unknown,linear,1465,50,720,2048,52740000,210960000,8,4,0.5356021994690937,73728000,linear_role_derived_v1,2359296000,508818320.0622813
,,expert.layers.3.mlp.up_proj,denoise,1,output,unknown,linear,1465,142,720,2048,150016000,600064000,8,4,0.5273725269304608,209387520,linear_role_derived_v1,6700400640,1496713573.263083
,,expert.layers.3.mlp.up_proj,denoise,2,activation,unknown,linear,1465,50,720,2048,52740000,210960000,8,4,0.5354966723549488,73728000,linear_role_derived_v1,2359296000,509049588.2959079
,,expert.layers.3.mlp.up_proj,denoise,2,output,unknown,linear,1465,142,720,2048,150016000,600064000,8,4,0.5275516611561434,209387520,linear_role_derived_v1,6700400640,1495579226.0972486
,,expert.layers.3.mlp.up_proj,denoise,3,activation,unknown,linear,1465,50,720,2048,52740000,210960000,8,4,0.534933029958286,73728000,linear_role_derived_v1,2359296000,510285730.18233895
,,expert.layers.3.mlp.up_proj,denoise,3,output,unknown,linear,1465,142,720,2048,150016000,600064000,8,4,0.5278697355615402,209387520,linear_role_derived_v1,6700400640,1493566115.666602
,,expert.layers.3.mlp.up_proj,denoise,4,activation,unknown,linear,1465,50,720,2048,52740000,210960000,8,4,0.5349050293894577,73728000,linear_role_derived_v1,2359296000,510347178.1963342
,,expert.layers.3.mlp.up_proj,denoise,4,output,unknown,linear,1465,142,720,2048,150016000,600064000,8,4,0.5281605112121374,209387520,linear_role_derived_v1,6700400640,1491726966.7893374
,,expert.layers.3.mlp.up_proj,denoise,5,activation,unknown,linear,1465,50,720,2048,52740000,210960000,8,4,0.5349504645430413,73728000,linear_role_derived_v1,2359296000,510247471.3782283
,,expert.layers.3.mlp.up_proj,denoise,5,output,unknown,linear,1465,142,720,2048,150016000,600064000,8,4,0.5283805777383745,209387520,linear_role_derived_v1,6700400640,1490335804.6481135
,,expert.layers.3.mlp.up_proj,denoise,6,activation,unknown,linear,1465,50,720,2048,52740000,210960000,8,4,0.5345371539628365,73728000,linear_role_derived_v1,2359296000,511154834.4714253
,,expert.layers.3.mlp.up_proj,denoise,6,output,unknown,linear,1465,142,720,2048,150016000,600064000,8,4,0.5286185340230375,209387520,linear_role_derived_v1,6700400640,1488832281.7290528
,,expert.layers.3.mlp.up_proj,denoise,7,activation,unknown,linear,1465,50,720,2048,52740000,210960000,8,4,0.5347351061812666,73728000,linear_role_derived_v1,2359296000,510720158.6708913
,,expert.layers.3.mlp.up_proj,denoise,7,output,unknown,linear,1465,142,720,2048,150016000,600064000,8,4,0.5285107038582552,209387520,linear_role_derived_v1,6700400640,1489513510.856725
,,expert.layers.3.mlp.up_proj,denoise,8,activation,unknown,linear,1465,50,720,2048,52740000,210960000,8,4,0.5350697904816079,73728000,linear_role_derived_v1,2359296000,509985658.635641
,,expert.layers.3.mlp.up_proj,denoise,8,output,unknown,linear,1465,142,720,2048,150016000,600064000,8,4,0.5278941029623507,209387520,linear_role_derived_v1,6700400640,1493411948.9557004
,,expert.layers.3.mlp.up_proj,denoise,9,activation,unknown,linear,1465,50,720,2048,52740000,210960000,8,4,0.5344153109594236,73728000,linear_role_derived_v1,2359296000,511422476.85058504
,,expert.layers.3.mlp.up_proj,denoise,9,output,unknown,linear,1465,142,720,2048,150016000,600064000,8,4,0.5262642101509173,209387520,linear_role_derived_v1,6700400640,1503741424.3841763
,,expert.layers.3.mlp.down_proj,denoise,0,activation,unknown,linear,1465,50,2048,720,150016000,600064000,8,4,0.5381847352949019,73728000,linear_role_derived_v1,2359296000,503174934.936095
,,expert.layers.3.mlp.down_proj,denoise,0,output,unknown,linear,1465,17,2048,720,52740000,210960000,8,4,0.5287329778156996,25067520,linear_role_derived_v1,802160640,178153947.12742293
,,expert.layers.3.mlp.down_proj,denoise,1,activation,unknown,linear,1465,50,2048,720,150016000,600064000,8,4,0.5384618873986775,73728000,linear_role_derived_v1,2359296000,502571169.07498884
,,expert.layers.3.mlp.down_proj,denoise,1,output,unknown,linear,1465,17,2048,720,52740000,210960000,8,4,0.5285224544937429,25067520,linear_role_derived_v1,802160640,178313151.72355223
,,expert.layers.3.mlp.down_proj,denoise,2,activation,unknown,linear,1465,50,2048,720,150016000,600064000,8,4,0.5388257085910836,73728000,linear_role_derived_v1,2359296000,501779147.9175304
,,expert.layers.3.mlp.down_proj,denoise,2,output,unknown,linear,1465,17,2048,720,52740000,210960000,8,4,0.5280411357603337,25067520,linear_role_derived_v1,802160640,178677407.75061938
,,expert.layers.3.mlp.down_proj,denoise,3,activation,unknown,linear,1465,50,2048,720,150016000,600064000,8,4,0.5389903926914462,73728000,linear_role_derived_v1,2359296000,501420843.9326036
,,expert.layers.3.mlp.down_proj,denoise,3,output,unknown,linear,1465,17,2048,720,52740000,210960000,8,4,0.5273844567690558,25067520,linear_role_derived_v1,802160640,179174973.692353
,,expert.layers.3.mlp.down_proj,denoise,4,activation,unknown,linear,1465,50,2048,720,150016000,600064000,8,4,0.539070729122227,73728000,linear_role_derived_v1,2359296000,501246102.0164231
,,expert.layers.3.mlp.down_proj,denoise,4,output,unknown,linear,1465,17,2048,720,52740000,210960000,8,4,0.5267849924156238,25067520,linear_role_derived_v1,802160640,179629792.1169794
,,expert.layers.3.mlp.down_proj,denoise,5,activation,unknown,linear,1465,50,2048,720,150016000,600064000,8,4,0.5389980202111775,73728000,linear_role_derived_v1,2359296000,501404251.8022849
,,expert.layers.3.mlp.down_proj,denoise,5,output,unknown,linear,1465,17,2048,720,52740000,210960000,8,4,0.5262548492605233,25067520,linear_role_derived_v1,802160640,180032496.3679492
,,expert.layers.3.mlp.down_proj,denoise,6,activation,unknown,linear,1465,50,2048,720,150016000,600064000,8,4,0.5387501016558234,73728000,linear_role_derived_v1,2359296000,501943689.1511506
,,expert.layers.3.mlp.down_proj,denoise,6,output,unknown,linear,1465,17,2048,720,52740000,210960000,8,4,0.5260466249525977,25067520,linear_role_derived_v1,802160640,180190789.83112463
,,expert.layers.3.mlp.down_proj,denoise,7,activation,unknown,linear,1465,50,2048,720,150016000,600064000,8,4,0.5384789522450939,73728000,linear_role_derived_v1,2359296000,502534005.7680811
,,expert.layers.3.mlp.down_proj,denoise,7,output,unknown,linear,1465,17,2048,720,52740000,210960000,8,4,0.5261654484262419,25067520,linear_role_derived_v1,802160640,180100450.9380528
,,expert.layers.3.mlp.down_proj,denoise,8,activation,unknown,linear,1465,50,2048,720,150016000,600064000,8,4,0.5382588040609002,73728000,linear_role_derived_v1,2359296000,503013543.3122103
,,expert.layers.3.mlp.down_proj,denoise,8,output,unknown,linear,1465,17,2048,720,52740000,210960000,8,4,0.526504792377702,25067520,linear_role_derived_v1,802160640,179842579.8567071
,,expert.layers.3.mlp.down_proj,denoise,9,activation,unknown,linear,1465,50,2048,720,150016000,600064000,8,4,0.5377231878599616,73728000,linear_role_derived_v1,2359296000,504181203.76482713
,,expert.layers.3.mlp.down_proj,denoise,9,output,unknown,linear,1465,17,2048,720,52740000,210960000,8,4,0.5273116751990898,25067520,linear_role_derived_v1,802160640,179230162.9055848
,,expert.layers.4.self_attn.q_proj,denoise,0,activation,self,linear,1465,50,720,960,52740000,210960000,8,4,0.5355474544937429,34560000,linear_role_derived_v1,1105920000,238564823.4387673
,,expert.layers.4.self_attn.q_proj,denoise,0,output,self,linear,1465,66,720,960,70320000,281280000,8,4,0.5313813566552901,45619200,linear_role_derived_v1,1459814400,320580253.6226008
,,expert.layers.4.self_attn.q_proj,denoise,1,activation,self,linear,1465,50,720,960,52740000,210960000,8,4,0.535625488244217,34560000,linear_role_derived_v1,1105920000,238484666.51330113
,,expert.layers.4.self_attn.q_proj,denoise,1,output,self,linear,1465,66,720,960,70320000,281280000,8,4,0.5316881114903299,45619200,linear_role_derived_v1,1459814400,320160691.3282357
,,expert.layers.4.self_attn.q_proj,denoise,2,activation,self,linear,1465,50,720,960,52740000,210960000,8,4,0.5354805602957907,34560000,linear_role_derived_v1,1105920000,238633548.44381338
,,expert.layers.4.self_attn.q_proj,denoise,2,output,self,linear,1465,66,720,960,70320000,281280000,8,4,0.5316905325654152,45619200,linear_role_derived_v1,1459814400,320157381.0083893
,,expert.layers.4.self_attn.q_proj,denoise,3,activation,self,linear,1465,50,720,960,52740000,210960000,8,4,0.5349259006446719,34560000,linear_role_derived_v1,1105920000,239203769.67420223
,,expert.layers.4.self_attn.q_proj,denoise,3,output,self,linear,1465,66,720,960,70320000,281280000,8,4,0.5317704849260523,45619200,linear_role_derived_v1,1459814400,320048072.2922182
,,expert.layers.4.self_attn.q_proj,denoise,4,activation,self,linear,1465,50,720,960,52740000,210960000,8,4,0.5348883153204399,34560000,linear_role_derived_v1,1105920000,239242434.1130191
,,expert.layers.4.self_attn.q_proj,denoise,4,output,self,linear,1465,66,720,960,70320000,281280000,8,4,0.5318648677474402,45619200,linear_role_derived_v1,1459814400,319919058.6585372
,,expert.layers.4.self_attn.q_proj,denoise,5,activation,self,linear,1465,50,720,960,52740000,210960000,8,4,0.5350156427758817,34560000,linear_role_derived_v1,1105920000,239111463.58802086
,,expert.layers.4.self_attn.q_proj,denoise,5,output,self,linear,1465,66,720,960,70320000,281280000,8,4,0.5321304571956769,45619200,linear_role_derived_v1,1459814400,319556159.0682065
,,expert.layers.4.self_attn.q_proj,denoise,6,activation,self,linear,1465,50,720,960,52740000,210960000,8,4,0.5343684063329541,34560000,linear_role_derived_v1,1105920000,239777590.786648
,,expert.layers.4.self_attn.q_proj,denoise,6,output,self,linear,1465,66,720,960,70320000,281280000,8,4,0.5325639114050057,45619200,linear_role_derived_v1,1459814400,318964332.554813
,,expert.layers.4.self_attn.q_proj,denoise,7,activation,self,linear,1465,50,720,960,52740000,210960000,8,4,0.5345739287068638,34560000,linear_role_derived_v1,1105920000,239565969.47610885
,,expert.layers.4.self_attn.q_proj,denoise,7,output,self,linear,1465,66,720,960,70320000,281280000,8,4,0.5330819183731513,45619200,linear_role_derived_v1,1459814400,318257779.5080782
,,expert.layers.4.self_attn.q_proj,denoise,8,activation,self,linear,1465,50,720,960,52740000,210960000,8,4,0.5345406001137657,34560000,linear_role_derived_v1,1105920000,239600280.75811803
,,expert.layers.4.self_attn.q_proj,denoise,8,output,self,linear,1465,66,720,960,70320000,281280000,8,4,0.533869805887372,45619200,linear_role_derived_v1,1459814400,317184615.8030559
,,expert.layers.4.self_attn.q_proj,denoise,9,activation,self,linear,1465,50,720,960,52740000,210960000,8,4,0.5347805176336746,34560000,linear_role_derived_v1,1105920000,239353344.1178082
,,expert.layers.4.self_attn.q_proj,denoise,9,output,self,linear,1465,66,720,960,70320000,281280000,8,4,0.5344120804891923,45619200,linear_role_derived_v1,1459814400,316447048.85606396
,,expert.layers.4.self_attn.k_proj,denoise,0,activation,self,linear,1465,50,720,320,52740000,210960000,8,4,0.5355474544937429,11520000,linear_role_derived_v1,368640000,79521607.81292243
,,expert.layers.4.self_attn.k_proj,denoise,0,output,self,linear,1465,22,720,320,23440000,93760000,8,4,0.5196256825938567,5068800,linear_role_derived_v1,162201600,37429557.65353414
,,expert.layers.4.self_attn.k_proj,denoise,1,activation,self,linear,1465,50,720,320,52740000,210960000,8,4,0.535625488244217,11520000,linear_role_derived_v1,368640000,79494888.83776703
,,expert.layers.4.self_attn.k_proj,denoise,1,output,self,linear,1465,22,720,320,23440000,93760000,8,4,0.5208359748293515,5068800,linear_role_derived_v1,162201600,37241189.39853791
,,expert.layers.4.self_attn.k_proj,denoise,2,activation,self,linear,1465,50,720,320,52740000,210960000,8,4,0.5354805602957907,11520000,linear_role_derived_v1,368640000,79544516.1479378
,,expert.layers.4.self_attn.k_proj,denoise,2,output,self,linear,1465,22,720,320,23440000,93760000,8,4,0.5222538715870307,5068800,linear_role_derived_v1,162201600,37021114.29942403
,,expert.layers.4.self_attn.k_proj,denoise,3,activation,self,linear,1465,50,720,320,52740000,210960000,8,4,0.5349259006446719,11520000,linear_role_derived_v1,368640000,79734589.89140075
,,expert.layers.4.self_attn.k_proj,denoise,3,output,self,linear,1465,22,720,320,23440000,93760000,8,4,0.5239477709044369,5068800,linear_role_derived_v1,162201600,36759055.168075524
,,expert.layers.4.self_attn.k_proj,denoise,4,activation,self,linear,1465,50,720,320,52740000,210960000,8,4,0.5348883153204399,11520000,linear_role_derived_v1,368640000,79747478.03767304
,,expert.layers.4.self_attn.k_proj,denoise,4,output,self,linear,1465,22,720,320,23440000,93760000,8,4,0.5251412222696246,5068800,linear_role_derived_v1,162201600,36574978.08072053
,,expert.layers.4.self_attn.k_proj,denoise,5,activation,self,linear,1465,50,720,320,52740000,210960000,8,4,0.5350156427758817,11520000,linear_role_derived_v1,368640000,79703821.19600695
,,expert.layers.4.self_attn.k_proj,denoise,5,output,self,linear,1465,22,720,320,23440000,93760000,8,4,0.5259473869453924,5068800,linear_role_derived_v1,162201600,36450897.288308725
,,expert.layers.4.self_attn.k_proj,denoise,6,activation,self,linear,1465,50,720,320,52740000,210960000,8,4,0.5343684063329541,11520000,linear_role_derived_v1,368640000,79925863.59554933
,,expert.layers.4.self_attn.k_proj,denoise,6,output,self,linear,1465,22,720,320,23440000,93760000,8,4,0.5265734428327645,5068800,linear_role_derived_v1,162201600,36354683.3683922
,,expert.layers.4.self_attn.k_proj,denoise,7,activation,self,linear,1465,50,720,320,52740000,210960000,8,4,0.5345739287068638,11520000,linear_role_derived_v1,368640000,79855323.15870295
,,expert.layers.4.self_attn.k_proj,denoise,7,output,self,linear,1465,22,720,320,23440000,93760000,8,4,0.5273086284129693,5068800,linear_role_derived_v1,162201600,36241860.43516519
,,expert.layers.4.self_attn.k_proj,denoise,8,activation,self,linear,1465,50,720,320,52740000,210960000,8,4,0.5345406001137657,11520000,linear_role_derived_v1,368640000,79866760.25270602
,,expert.layers.4.self_attn.k_proj,denoise,8,output,self,linear,1465,22,720,320,23440000,93760000,8,4,0.5277816659556314,5068800,linear_role_derived_v1,162201600,36169359.92648704
,,expert.layers.4.self_attn.k_proj,denoise,9,activation,self,linear,1465,50,720,320,52740000,210960000,8,4,0.5347805176336746,11520000,linear_role_derived_v1,368640000,79784448.0392694
,,expert.layers.4.self_attn.k_proj,denoise,9,output,self,linear,1465,22,720,320,23440000,93760000,8,4,0.5284517171501707,5068800,linear_role_derived_v1,162201600,36066788.184561476
,,expert.layers.4.self_attn.v_proj,denoise,0,activation,self,linear,1465,50,720,320,52740000,210960000,8,4,0.5355474544937429,11520000,linear_role_derived_v1,368640000,79521607.81292243
,,expert.layers.4.self_attn.v_proj,denoise,0,output,self,linear,1465,22,720,320,23440000,93760000,8,4,0.5257889505119454,5068800,linear_role_derived_v1,162201600,36475266.37764551
,,expert.layers.4.self_attn.v_proj,denoise,1,activation,self,linear,1465,50,720,320,52740000,210960000,8,4,0.535625488244217,11520000,linear_role_derived_v1,368640000,79494888.83776703
,,expert.layers.4.self_attn.v_proj,denoise,1,output,self,linear,1465,22,720,320,23440000,93760000,8,4,0.5263267918088738,5068800,linear_role_derived_v1,162201600,36392574.16933266
,,expert.layers.4.self_attn.v_proj,denoise,2,activation,self,linear,1465,50,720,320,52740000,210960000,8,4,0.5354805602957907,11520000,linear_role_derived_v1,368640000,79544516.1479378
,,expert.layers.4.self_attn.v_proj,denoise,2,output,self,linear,1465,22,720,320,23440000,93760000,8,4,0.5264466190273037,5068800,linear_role_derived_v1,162201600,36374163.71558235
,,expert.layers.4.self_attn.v_proj,denoise,3,activation,self,linear,1465,50,720,320,52740000,210960000,8,4,0.5349259006446719,11520000,linear_role_derived_v1,368640000,79734589.89140075
,,expert.layers.4.self_attn.v_proj,denoise,3,output,self,linear,1465,22,720,320,23440000,93760000,8,4,0.5264650490614334,5068800,linear_role_derived_v1,162201600,36371332.50769498
,,expert.layers.4.self_attn.v_proj,denoise,4,activation,self,linear,1465,50,720,320,52740000,210960000,8,4,0.5348883153204399,11520000,linear_role_derived_v1,368640000,79747478.03767304
,,expert.layers.4.self_attn.v_proj,denoise,4,output,self,linear,1465,22,720,320,23440000,93760000,8,4,0.5265908169795221,5068800,linear_role_derived_v1,162201600,36352015.07695577
,,expert.layers.4.self_attn.v_proj,denoise,5,activation,self,linear,1465,50,720,320,52740000,210960000,8,4,0.5350156427758817,11520000,linear_role_derived_v1,368640000,79703821.19600695
,,expert.layers.4.self_attn.v_proj,denoise,5,output,self,linear,1465,22,720,320,23440000,93760000,8,4,0.5263851642491467,5068800,linear_role_derived_v1,162201600,36383605.14836474
,,expert.layers.4.self_attn.v_proj,denoise,6,activation,self,linear,1465,50,720,320,52740000,210960000,8,4,0.5343684063329541,11520000,linear_role_derived_v1,368640000,79925863.59554933
,,expert.layers.4.self_attn.v_proj,denoise,6,output,self,linear,1465,22,720,320,23440000,93760000,8,4,0.5265879479522184,5068800,linear_role_derived_v1,162201600,36352455.69046127
,,expert.layers.4.self_attn.v_proj,denoise,7,activation,self,linear,1465,50,720,320,52740000,210960000,8,4,0.5345739287068638,11520000,linear_role_derived_v1,368640000,79855323.15870295
,,expert.layers.4.self_attn.v_proj,denoise,7,output,self,linear,1465,22,720,320,23440000,93760000,8,4,0.5264391104948806,5068800,linear_role_derived_v1,162201600,36375317.20223804
,,expert.layers.4.self_attn.v_proj,denoise,8,activation,self,linear,1465,50,720,320,52740000,210960000,8,4,0.5345406001137657,11520000,linear_role_derived_v1,368640000,79866760.25270602
,,expert.layers.4.self_attn.v_proj,denoise,8,output,self,linear,1465,22,720,320,23440000,93760000,8,4,0.5268210110921502,5068800,linear_role_derived_v1,162201600,36316671.50658216
,,expert.layers.4.self_attn.v_proj,denoise,9,activation,self,linear,1465,50,720,320,52740000,210960000,8,4,0.5347805176336746,11520000,linear_role_derived_v1,368640000,79784448.0392694
,,expert.layers.4.self_attn.v_proj,denoise,9,output,self,linear,1465,22,720,320,23440000,93760000,8,4,0.5281845136518771,5068800,linear_role_derived_v1,162201600,36107674.357978985
,,expert.layers.4.self_attn.o_proj,denoise,0,activation,unknown,linear,1465,50,960,720,70320000,281280000,8,4,0.5269006043799772,34560000,linear_role_derived_v1,1105920000,247530374.3353992
,,expert.layers.4.self_attn.o_proj,denoise,0,output,unknown,linear,1465,37,960,720,52740000,210960000,8,4,0.5270072999620781,25574400,linear_role_derived_v1,818380800,183089866.50204113
,,expert.layers.4.self_attn.o_proj,denoise,1,activation,unknown,linear,1465,50,960,720,70320000,281280000,8,4,0.5265265393913539,34560000,linear_role_derived_v1,1105920000,247921958.22877222
,,expert.layers.4.self_attn.o_proj,denoise,1,output,unknown,linear,1465,37,960,720,52740000,210960000,8,4,0.5268156759575275,25574400,linear_role_derived_v1,818380800,183238247.31341788
,,expert.layers.4.self_attn.o_proj,denoise,2,activation,unknown,linear,1465,50,960,720,70320000,281280000,8,4,0.5262679500853242,34560000,linear_role_derived_v1,1105920000,248192839.19428578
,,expert.layers.4.self_attn.o_proj,denoise,2,output,unknown,linear,1465,37,960,720,52740000,210960000,8,4,0.5264411310200986,25574400,linear_role_derived_v1,818380800,183528443.40194008
,,expert.layers.4.self_attn.o_proj,denoise,3,activation,unknown,linear,1465,50,960,720,70320000,281280000,8,4,0.5258505190557452,34560000,linear_role_derived_v1,1105920000,248630424.27093273
,,expert.layers.4.self_attn.o_proj,denoise,3,output,unknown,linear,1465,37,960,720,52740000,210960000,8,4,0.5262784745923398,25574400,linear_role_derived_v1,818380800,183654540.5345185
,,expert.layers.4.self_attn.o_proj,denoise,4,activation,unknown,linear,1465,50,960,720,70320000,281280000,8,4,0.5256855944254835,34560000,linear_role_derived_v1,1105920000,248803417.86864388
,,expert.layers.4.self_attn.o_proj,denoise,4,output,unknown,linear,1465,37,960,720,52740000,210960000,8,4,0.5260194539249147,25574400,linear_role_derived_v1,818380800,183855432.08925468
,,expert.layers.4.self_attn.o_proj,denoise,5,activation,unknown,linear,1465,50,960,720,70320000,281280000,8,4,0.5251960288680319,34560000,linear_role_derived_v1,1105920000,249317289.86409143
,,expert.layers.4.self_attn.o_proj,denoise,5,output,unknown,linear,1465,37,960,720,52740000,210960000,8,4,0.5257430034129693,25574400,linear_role_derived_v1,818380800,184069963.0493197
,,expert.layers.4.self_attn.o_proj,denoise,6,activation,unknown,linear,1465,50,960,720,70320000,281280000,8,4,0.5251487734641638,34560000,linear_role_derived_v1,1105920000,249366919.505915
,,expert.layers.4.self_attn.o_proj,denoise,6,output,unknown,linear,1465,37,960,720,52740000,210960000,8,4,0.5257458807356845,25574400,linear_role_derived_v1,818380800,184067729.54688093
,,expert.layers.4.self_attn.o_proj,denoise,7,activation,unknown,linear,1465,50,960,720,70320000,281280000,8,4,0.5248960288680319,34560000,linear_role_derived_v1,1105920000,249632446.52154398
,,expert.layers.4.self_attn.o_proj,denoise,7,output,unknown,linear,1465,37,960,720,52740000,210960000,8,4,0.5258758722032613,25574400,linear_role_derived_v1,818380800,183966838.6778802
,,expert.layers.4.self_attn.o_proj,denoise,8,activation,unknown,linear,1465,50,960,720,70320000,281280000,8,4,0.5249655076791809,34560000,linear_role_derived_v1,1105920000,249559439.77580357
,,expert.layers.4.self_attn.o_proj,denoise,8,output,unknown,linear,1465,37,960,720,52740000,210960000,8,4,0.5262686006825938,25574400,linear_role_derived_v1,818380800,183662196.53982496
,,expert.layers.4.self_attn.o_proj,denoise,9,activation,unknown,linear,1465,50,960,720,70320000,281280000,8,4,0.5259518202502844,34560000,linear_role_derived_v1,1105920000,248524196.72262672
,,expert.layers.4.self_attn.o_proj,denoise,9,output,unknown,linear,1465,37,960,720,52740000,210960000,8,4,0.5269667567311339,25574400,linear_role_derived_v1,818380800,183121255.45531374
,,expert.layers.4.mlp.gate_proj,denoise,0,activation,unknown,linear,1465,50,720,2048,52740000,210960000,8,4,0.5355428138035646,73728000,linear_role_derived_v1,2359296000,508948460.4140664
,,expert.layers.4.mlp.gate_proj,denoise,0,output,unknown,linear,1465,142,720,2048,150016000,600064000,8,4,0.500157063246587,209387520,linear_role_derived_v1,6700400640,1674047938.613316
,,expert.layers.4.mlp.gate_proj,denoise,1,activation,unknown,linear,1465,50,720,2048,52740000,210960000,8,4,0.5355608693591202,73728000,linear_role_derived_v1,2359296000,508908890.9172031
,,expert.layers.4.mlp.gate_proj,denoise,1,output,unknown,linear,1465,142,720,2048,150016000,600064000,8,4,0.4977479118893985,209387520,linear_role_derived_v1,6700400640,1690224036.3853652
,,expert.layers.4.mlp.gate_proj,denoise,2,activation,unknown,linear,1465,50,720,2048,52740000,210960000,8,4,0.5353470942358741,73728000,linear_role_derived_v1,2359296000,509377486.6554318
,,expert.layers.4.mlp.gate_proj,denoise,2,output,unknown,linear,1465,142,720,2048,150016000,600064000,8,4,0.4955229258879053,209387520,linear_role_derived_v1,6700400640,1705232654.3669672
,,expert.layers.4.mlp.gate_proj,denoise,3,activation,unknown,linear,1465,50,720,2048,52740000,210960000,8,4,0.5347962599544938,73728000,linear_role_derived_v1,2359296000,510585910.793586
,,expert.layers.4.mlp.gate_proj,denoise,3,output,unknown,linear,1465,142,720,2048,150016000,600064000,8,4,0.4933662309353669,209387520,linear_role_derived_v1,6700400640,1719843934.2936203
,,expert.layers.4.mlp.gate_proj,denoise,4,activation,unknown,linear,1465,50,720,2048,52740000,210960000,8,4,0.53471639173303,73728000,linear_role_derived_v1,2359296000,510761245.1071278
,,expert.layers.4.mlp.gate_proj,denoise,4,output,unknown,linear,1465,142,720,2048,150016000,600064000,8,4,0.4915575938566553,209387520,linear_role_derived_v1,6700400640,1732145229.3652883
,,expert.layers.4.mlp.gate_proj,denoise,5,activation,unknown,linear,1465,50,720,2048,52740000,210960000,8,4,0.5348814656806977,73728000,linear_role_derived_v1,2359296000,510398892.26623183
,,expert.layers.4.mlp.gate_proj,denoise,5,output,unknown,linear,1465,142,720,2048,150016000,600064000,8,4,0.49020033363107934,209387520,linear_role_derived_v1,6700400640,1741405313.4732602
,,expert.layers.4.mlp.gate_proj,denoise,6,activation,unknown,linear,1465,50,720,2048,52740000,210960000,8,4,0.5342638462267728,73728000,linear_role_derived_v1,2359296000,511755284.4821789
,,expert.layers.4.mlp.gate_proj,denoise,6,output,unknown,linear,1465,142,720,2048,150016000,600064000,8,4,0.4895842610121587,209387520,linear_role_derived_v1,6700400640,1745616694.6897254
,,expert.layers.4.mlp.gate_proj,denoise,7,activation,unknown,linear,1465,50,720,2048,52740000,210960000,8,4,0.5343662874478574,73728000,linear_role_derived_v1,2359296000,511530182.4786129
,,expert.layers.4.mlp.gate_proj,denoise,7,output,unknown,linear,1465,142,720,2048,150016000,600064000,8,4,0.49030324765358363,209387520,linear_role_derived_v1,6700400640,1740702304.2394836
,,expert.layers.4.mlp.gate_proj,denoise,8,activation,unknown,linear,1465,50,720,2048,52740000,210960000,8,4,0.5344979379977247,73728000,linear_role_derived_v1,2359296000,511240969.2714648
,,expert.layers.4.mlp.gate_proj,denoise,8,output,unknown,linear,1465,142,720,2048,150016000,600064000,8,4,0.4925680010798848,209387520,linear_role_derived_v1,6700400640,1725267624.3232684
,,expert.layers.4.mlp.gate_proj,denoise,9,activation,unknown,linear,1465,50,720,2048,52740000,210960000,8,4,0.5349097222222222,73728000,linear_role_derived_v1,2359296000,510336879.3884444
,,expert.layers.4.mlp.gate_proj,denoise,9,output,unknown,linear,1465,142,720,2048,150016000,600064000,8,4,0.49742673948112204,209387520,linear_role_derived_v1,6700400640,1692386404.2674592
,,expert.layers.4.mlp.up_proj,denoise,0,activation,unknown,linear,1465,50,720,2048,52740000,210960000,8,4,0.5355428138035646,73728000,linear_role_derived_v1,2359296000,508948460.4140664
,,expert.layers.4.mlp.up_proj,denoise,0,output,unknown,linear,1465,142,720,2048,150016000,600064000,8,4,0.5293388155263439,209387520,linear_role_derived_v1,6700400640,1484285819.3742476
,,expert.layers.4.mlp.up_proj,denoise,1,activation,unknown,linear,1465,50,720,2048,52740000,210960000,8,4,0.5355608693591202,73728000,linear_role_derived_v1,2359296000,508908890.9172031
,,expert.layers.4.mlp.up_proj,denoise,1,output,unknown,linear,1465,142,720,2048,150016000,600064000,8,4,0.5294574945339163,209387520,linear_role_derived_v1,6700400640,1483537377.1193457
,,expert.layers.4.mlp.up_proj,denoise,2,activation,unknown,linear,1465,50,720,2048,52740000,210960000,8,4,0.5353470942358741,73728000,linear_role_derived_v1,2359296000,509377486.6554318
,,expert.layers.4.mlp.up_proj,denoise,2,output,unknown,linear,1465,142,720,2048,150016000,600064000,8,4,0.5296442846096416,209387520,linear_role_derived_v1,6700400640,1482359778.6921973
,,expert.layers.4.mlp.up_proj,denoise,3,activation,unknown,linear,1465,50,720,2048,52740000,210960000,8,4,0.5347962599544938,73728000,linear_role_derived_v1,2359296000,510585910.793586
,,expert.layers.4.mlp.up_proj,denoise,3,output,unknown,linear,1465,142,720,2048,150016000,600064000,8,4,0.5297254859481655,209387520,linear_role_derived_v1,6700400640,1481847999.1854393
,,expert.layers.4.mlp.up_proj,denoise,4,activation,unknown,linear,1465,50,720,2048,52740000,210960000,8,4,0.53471639173303,73728000,linear_role_derived_v1,2359296000,510761245.1071278
,,expert.layers.4.mlp.up_proj,denoise,4,output,unknown,linear,1465,142,720,2048,150016000,600064000,8,4,0.5296695902437073,209387520,linear_role_derived_v1,6700400640,1482200277.9407797
,,expert.layers.4.mlp.up_proj,denoise,5,activation,unknown,linear,1465,50,720,2048,52740000,210960000,8,4,0.5348814656806977,73728000,linear_role_derived_v1,2359296000,510398892.26623183
,,expert.layers.4.mlp.up_proj,denoise,5,output,unknown,linear,1465,142,720,2048,150016000,600064000,8,4,0.5295524310740187,209387520,linear_role_derived_v1,6700400640,1482938801.2374804
,,expert.layers.4.mlp.up_proj,denoise,6,activation,unknown,linear,1465,50,720,2048,52740000,210960000,8,4,0.5342638462267728,73728000,linear_role_derived_v1,2359296000,511755284.4821789
,,expert.layers.4.mlp.up_proj,denoise,6,output,unknown,linear,1465,142,720,2048,150016000,600064000,8,4,0.5292206964590443,209387520,linear_role_derived_v1,6700400640,1485030917.8110733
,,expert.layers.4.mlp.up_proj,denoise,7,activation,unknown,linear,1465,50,720,2048,52740000,210960000,8,4,0.5343662874478574,73728000,linear_role_derived_v1,2359296000,511530182.4786129
,,expert.layers.4.mlp.up_proj,denoise,7,output,unknown,linear,1465,142,720,2048,150016000,600064000,8,4,0.5291064386465444,209387520,linear_role_derived_v1,6700400640,1485751837.2442698
,,expert.layers.4.mlp.up_proj,denoise,8,activation,unknown,linear,1465,50,720,2048,52740000,210960000,8,4,0.5344979379977247,73728000,linear_role_derived_v1,2359296000,511240969.2714648
,,expert.layers.4.mlp.up_proj,denoise,8,output,unknown,linear,1465,142,720,2048,150016000,600064000,8,4,0.5287481035356228,209387520,linear_role_derived_v1,6700400640,1488013917.942635
,,expert.layers.4.mlp.up_proj,denoise,9,activation,unknown,linear,1465,50,720,2048,52740000,210960000,8,4,0.5349097222222222,73728000,linear_role_derived_v1,2359296000,510336879.3884444
,,expert.layers.4.mlp.up_proj,denoise,9,output,unknown,linear,1465,142,720,2048,150016000,600064000,8,4,0.5281012741974189,209387520,linear_role_derived_v1,6700400640,1492101547.5580137
,,expert.layers.4.mlp.down_proj,denoise,0,activation,unknown,linear,1465,50,2048,720,150016000,600064000,8,4,0.5352460404223549,73728000,linear_role_derived_v1,2359296000,509599071.9906826
,,expert.layers.4.mlp.down_proj,denoise,0,output,unknown,linear,1465,17,2048,720,52740000,210960000,8,4,0.5275468193022373,25067520,linear_role_derived_v1,802160640,179051887.1540064
,,expert.layers.4.mlp.down_proj,denoise,1,activation,unknown,linear,1465,50,2048,720,150016000,600064000,8,4,0.5354349419395265,73728000,linear_role_derived_v1,2359296000,509184898.1149333
,,expert.layers.4.mlp.down_proj,denoise,1,output,unknown,linear,1465,17,2048,720,52740000,210960000,8,4,0.5272566932119833,25067520,linear_role_derived_v1,802160640,179271860.5871687
,,expert.layers.4.mlp.down_proj,denoise,2,activation,unknown,linear,1465,50,2048,720,150016000,600064000,8,4,0.5356930727389079,73728000,linear_role_derived_v1,2359296000,508619208.60864085
,,expert.layers.4.mlp.down_proj,denoise,2,output,unknown,linear,1465,17,2048,720,52740000,210960000,8,4,0.5269585371634433,25067520,linear_role_derived_v1,802160640,179498063.028919
,,expert.layers.4.mlp.down_proj,denoise,3,activation,unknown,linear,1465,50,2048,720,150016000,600064000,8,4,0.5361829388198592,73728000,linear_role_derived_v1,2359296000,507546539.4391723
,,expert.layers.4.mlp.down_proj,denoise,3,output,unknown,linear,1465,17,2048,720,52740000,210960000,8,4,0.5268107271520668,25067520,linear_role_derived_v1,802160640,179610255.12180775
,,expert.layers.4.mlp.down_proj,denoise,4,activation,unknown,linear,1465,50,2048,720,150016000,600064000,8,4,0.5366178540955632,73728000,linear_role_derived_v1,2359296000,506595146.0162291
,,expert.layers.4.mlp.down_proj,denoise,4,output,unknown,linear,1465,17,2048,720,52740000,210960000,8,4,0.5268876564277588,25067520,linear_role_derived_v1,802160640,179551859.1925434
,,expert.layers.4.mlp.down_proj,denoise,5,activation,unknown,linear,1465,50,2048,720,150016000,600064000,8,4,0.5371182790502347,73728000,linear_role_derived_v1,2359296000,505501552.0317598
,,expert.layers.4.mlp.down_proj,denoise,5,output,unknown,linear,1465,17,2048,720,52740000,210960000,8,4,0.5269415102389079,25067520,linear_role_derived_v1,802160640,179510985.17303815
,,expert.layers.4.mlp.down_proj,denoise,6,activation,unknown,linear,1465,50,2048,720,150016000,600064000,8,4,0.53753242487468,73728000,linear_role_derived_v1,2359296000,504597400.09415084
,,expert.layers.4.mlp.down_proj,denoise,6,output,unknown,linear,1465,17,2048,720,52740000,210960000,8,4,0.5268862438376943,25067520,linear_role_derived_v1,802160640,179552931.3841885
,,expert.layers.4.mlp.down_proj,denoise,7,activation,unknown,linear,1465,50,2048,720,150016000,600064000,8,4,0.5376998086870733,73728000,linear_role_derived_v1,2359296000,504232201.94291675
,,expert.layers.4.mlp.down_proj,denoise,7,output,unknown,linear,1465,17,2048,720,52740000,210960000,8,4,0.526554342055366,25067520,linear_role_derived_v1,802160640,179804941.98642567
,,expert.layers.4.mlp.down_proj,denoise,8,activation,unknown,linear,1465,50,2048,720,150016000,600064000,8,4,0.5377120373826791,73728000,linear_role_derived_v1,2359296000,504205526.5459532
,,expert.layers.4.mlp.down_proj,denoise,8,output,unknown,linear,1465,17,2048,720,52740000,210960000,8,4,0.5262048966628745,25067520,linear_role_derived_v1,802160640,180070464.31322578
,,expert.layers.4.mlp.down_proj,denoise,9,activation,unknown,linear,1465,50,2048,720,150016000,600064000,8,4,0.5371002076445179,73728000,linear_role_derived_v1,2359296000,505541023.46278125
,,expert.layers.4.mlp.down_proj,denoise,9,output,unknown,linear,1465,17,2048,720,52740000,210960000,8,4,0.5261785409556314,25067520,linear_role_derived_v1,802160640,180090498.3591934
,,expert.layers.5.self_attn.q_proj,denoise,0,activation,cross,linear,1465,50,720,960,52740000,210960000,8,4,0.5355474307925673,34560000,linear_role_derived_v1,1105920000,238564847.78686044
,,expert.layers.5.self_attn.q_proj,denoise,0,output,cross,linear,1465,66,720,960,70320000,281280000,8,4,0.5281113516780432,45619200,linear_role_derived_v1,1459814400,325069859.5629055
,,expert.layers.5.self_attn.q_proj,denoise,1,activation,cross,linear,1465,50,720,960,52740000,210960000,8,4,0.5356001374668183,34560000,linear_role_derived_v1,1105920000,238510705.56826118
,,expert.layers.5.self_attn.q_proj,denoise,1,output,cross,linear,1465,66,720,960,70320000,281280000,8,4,0.5280290742320819,45619200,linear_role_derived_v1,1459814400,325183226.3479641
,,expert.layers.5.self_attn.q_proj,denoise,2,activation,cross,linear,1465,50,720,960,52740000,210960000,8,4,0.5353545316647705,34560000,linear_role_derived_v1,1105920000,238763053.20347843
,,expert.layers.5.self_attn.q_proj,denoise,2,output,cross,linear,1465,66,720,960,70320000,281280000,8,4,0.52803196814562,45619200,linear_role_derived_v1,1459814400,325179238.6054797
,,expert.layers.5.self_attn.q_proj,denoise,3,activation,cross,linear,1465,50,720,960,52740000,210960000,8,4,0.534929673871824,34560000,linear_role_derived_v1,1105920000,239199888.286275
,,expert.layers.5.self_attn.q_proj,denoise,3,output,cross,linear,1465,66,720,960,70320000,281280000,8,4,0.5278749182309442,45619200,linear_role_derived_v1,1459814400,325395684.9113086
,,expert.layers.5.self_attn.q_proj,denoise,4,activation,cross,linear,1465,50,720,960,52740000,210960000,8,4,0.5348252464922261,34560000,linear_role_derived_v1,1105920000,239307320.73482206
,,expert.layers.5.self_attn.q_proj,denoise,4,output,cross,linear,1465,66,720,960,70320000,281280000,8,4,0.5277304643060295,45619200,linear_role_derived_v1,1459814400,325594834.99485135
,,expert.layers.5.self_attn.q_proj,denoise,5,activation,cross,linear,1465,50,720,960,52740000,210960000,8,4,0.5348948094425483,34560000,linear_role_derived_v1,1105920000,239235753.31447002
,,expert.layers.5.self_attn.q_proj,denoise,5,output,cross,linear,1465,66,720,960,70320000,281280000,8,4,0.5276744027303755,45619200,linear_role_derived_v1,1459814400,325672140.18391544
,,expert.layers.5.self_attn.q_proj,denoise,6,activation,cross,linear,1465,50,720,960,52740000,210960000,8,4,0.5343461177474402,34560000,linear_role_derived_v1,1105920000,239800546.4078656
,,expert.layers.5.self_attn.q_proj,denoise,6,output,cross,linear,1465,66,720,960,70320000,281280000,8,4,0.527495175625711,45619200,linear_role_derived_v1,1459814400,325919344.0170264
,,expert.layers.5.self_attn.q_proj,denoise,7,activation,cross,linear,1465,50,720,960,52740000,210960000,8,4,0.53428954778157,34560000,linear_role_derived_v1,1105920000,239858814.28985256
,,expert.layers.5.self_attn.q_proj,denoise,7,output,cross,linear,1465,66,720,960,70320000,281280000,8,4,0.5270904614618885,45619200,linear_role_derived_v1,1459814400,326477901.9739687
,,expert.layers.5.self_attn.q_proj,denoise,8,activation,cross,linear,1465,50,720,960,52740000,210960000,8,4,0.5344367889647327,34560000,linear_role_derived_v1,1105920000,239707168.508955
,,expert.layers.5.self_attn.q_proj,denoise,8,output,cross,linear,1465,66,720,960,70320000,281280000,8,4,0.526516225824801,45619200,linear_role_derived_v1,1459814400,327271242.1487527
,,expert.layers.5.self_attn.q_proj,denoise,9,activation,cross,linear,1465,50,720,960,52740000,210960000,8,4,0.5349599544937429,34560000,linear_role_derived_v1,1105920000,239168740.80094063
,,expert.layers.5.self_attn.q_proj,denoise,9,output,cross,linear,1465,66,720,960,70320000,281280000,8,4,0.5259184087030717,45619200,linear_role_derived_v1,1459814400,328098184.3789502
,,expert.layers.5.self_attn.k_proj,denoise,0,activation,cross,linear,1465,177,320,320,82977600,331910400,8,4,0.5330803915755578,18124800,linear_role_derived_v1,579993600,126446678.7350233
,,expert.layers.5.self_attn.k_proj,denoise,0,output,cross,linear,1465,177,320,320,82977600,331910400,8,4,0.5254996709955457,18124800,linear_role_derived_v1,579993600,130585885.12709625
,,expert.layers.5.self_attn.k_proj,denoise,1,activation,cross,linear,1465,177,320,320,82977600,331910400,8,4,0.5330803915755578,18124800,linear_role_derived_v1,579993600,126446678.7350233
,,expert.layers.5.self_attn.k_proj,denoise,1,output,cross,linear,1465,177,320,320,82977600,331910400,8,4,0.5254996709955457,18124800,linear_role_derived_v1,579993600,130585885.12709625
,,expert.layers.5.self_attn.k_proj,denoise,2,activation,cross,linear,1465,177,320,320,82977600,331910400,8,4,0.5330803915755578,18124800,linear_role_derived_v1,579993600,126446678.7350233
,,expert.layers.5.self_attn.k_proj,denoise,2,output,cross,linear,1465,177,320,320,82977600,331910400,8,4,0.5254996709955457,18124800,linear_role_derived_v1,579993600,130585885.12709625
,,expert.layers.5.self_attn.k_proj,denoise,3,activation,cross,linear,1465,177,320,320,82977600,331910400,8,4,0.5330803915755578,18124800,linear_role_derived_v1,579993600,126446678.7350233
,,expert.layers.5.self_attn.k_proj,denoise,3,output,cross,linear,1465,177,320,320,82977600,331910400,8,4,0.5254996709955457,18124800,linear_role_derived_v1,579993600,130585885.12709625
,,expert.layers.5.self_attn.k_proj,denoise,4,activation,cross,linear,1465,177,320,320,82977600,331910400,8,4,0.5330803915755578,18124800,linear_role_derived_v1,579993600,126446678.7350233
,,expert.layers.5.self_attn.k_proj,denoise,4,output,cross,linear,1465,177,320,320,82977600,331910400,8,4,0.5254996709955457,18124800,linear_role_derived_v1,579993600,130585885.12709625
,,expert.layers.5.self_attn.k_proj,denoise,5,activation,cross,linear,1465,177,320,320,82977600,331910400,8,4,0.5330803915755578,18124800,linear_role_derived_v1,579993600,126446678.7350233
,,expert.layers.5.self_attn.k_proj,denoise,5,output,cross,linear,1465,177,320,320,82977600,331910400,8,4,0.5254996709955457,18124800,linear_role_derived_v1,579993600,130585885.12709625
,,expert.layers.5.self_attn.k_proj,denoise,6,activation,cross,linear,1465,177,320,320,82977600,331910400,8,4,0.5330803915755578,18124800,linear_role_derived_v1,579993600,126446678.7350233
,,expert.layers.5.self_attn.k_proj,denoise,6,output,cross,linear,1465,177,320,320,82977600,331910400,8,4,0.5254996709955457,18124800,linear_role_derived_v1,579993600,130585885.12709625
,,expert.layers.5.self_attn.k_proj,denoise,7,activation,cross,linear,1465,177,320,320,82977600,331910400,8,4,0.5330803915755578,18124800,linear_role_derived_v1,579993600,126446678.7350233
,,expert.layers.5.self_attn.k_proj,denoise,7,output,cross,linear,1465,177,320,320,82977600,331910400,8,4,0.5254996709955457,18124800,linear_role_derived_v1,579993600,130585885.12709625
,,expert.layers.5.self_attn.k_proj,denoise,8,activation,cross,linear,1465,177,320,320,82977600,331910400,8,4,0.5330803915755578,18124800,linear_role_derived_v1,579993600,126446678.7350233
,,expert.layers.5.self_attn.k_proj,denoise,8,output,cross,linear,1465,177,320,320,82977600,331910400,8,4,0.5254996709955457,18124800,linear_role_derived_v1,579993600,130585885.12709625
,,expert.layers.5.self_attn.k_proj,denoise,9,activation,cross,linear,1465,177,320,320,82977600,331910400,8,4,0.5330803915755578,18124800,linear_role_derived_v1,579993600,126446678.7350233
,,expert.layers.5.self_attn.k_proj,denoise,9,output,cross,linear,1465,177,320,320,82977600,331910400,8,4,0.5254996709955457,18124800,linear_role_derived_v1,579993600,130585885.12709625
,,expert.layers.5.self_attn.v_proj,denoise,0,activation,cross,linear,1465,177,320,320,82977600,331910400,8,4,0.5262526392665008,18124800,linear_role_derived_v1,579993600,130171769.45113908
,,expert.layers.5.self_attn.v_proj,denoise,0,output,cross,linear,1465,177,320,320,82977600,331910400,8,4,0.5271918204431075,18124800,linear_role_derived_v1,579993600,129656162.59594575
,,expert.layers.5.self_attn.v_proj,denoise,1,activation,cross,linear,1465,177,320,320,82977600,331910400,8,4,0.5262526392665008,18124800,linear_role_derived_v1,579993600,130171769.45113908
,,expert.layers.5.self_attn.v_proj,denoise,1,output,cross,linear,1465,177,320,320,82977600,331910400,8,4,0.5271918204431075,18124800,linear_role_derived_v1,579993600,129656162.59594575
,,expert.layers.5.self_attn.v_proj,denoise,2,activation,cross,linear,1465,177,320,320,82977600,331910400,8,4,0.5262526392665008,18124800,linear_role_derived_v1,579993600,130171769.45113908
,,expert.layers.5.self_attn.v_proj,denoise,2,output,cross,linear,1465,177,320,320,82977600,331910400,8,4,0.5271918204431075,18124800,linear_role_derived_v1,579993600,129656162.59594575
,,expert.layers.5.self_attn.v_proj,denoise,3,activation,cross,linear,1465,177,320,320,82977600,331910400,8,4,0.5262526392665008,18124800,linear_role_derived_v1,579993600,130171769.45113908
,,expert.layers.5.self_attn.v_proj,denoise,3,output,cross,linear,1465,177,320,320,82977600,331910400,8,4,0.5271918204431075,18124800,linear_role_derived_v1,579993600,129656162.59594575
,,expert.layers.5.self_attn.v_proj,denoise,4,activation,cross,linear,1465,177,320,320,82977600,331910400,8,4,0.5262526392665008,18124800,linear_role_derived_v1,579993600,130171769.45113908
,,expert.layers.5.self_attn.v_proj,denoise,4,output,cross,linear,1465,177,320,320,82977600,331910400,8,4,0.5271918204431075,18124800,linear_role_derived_v1,579993600,129656162.59594575
,,expert.layers.5.self_attn.v_proj,denoise,5,activation,cross,linear,1465,177,320,320,82977600,331910400,8,4,0.5262526392665008,18124800,linear_role_derived_v1,579993600,130171769.45113908
,,expert.layers.5.self_attn.v_proj,denoise,5,output,cross,linear,1465,177,320,320,82977600,331910400,8,4,0.5271918204431075,18124800,linear_role_derived_v1,579993600,129656162.59594575
,,expert.layers.5.self_attn.v_proj,denoise,6,activation,cross,linear,1465,177,320,320,82977600,331910400,8,4,0.5262526392665008,18124800,linear_role_derived_v1,579993600,130171769.45113908
,,expert.layers.5.self_attn.v_proj,denoise,6,output,cross,linear,1465,177,320,320,82977600,331910400,8,4,0.5271918204431075,18124800,linear_role_derived_v1,579993600,129656162.59594575
,,expert.layers.5.self_attn.v_proj,denoise,7,activation,cross,linear,1465,177,320,320,82977600,331910400,8,4,0.5262526392665008,18124800,linear_role_derived_v1,579993600,130171769.45113908
,,expert.layers.5.self_attn.v_proj,denoise,7,output,cross,linear,1465,177,320,320,82977600,331910400,8,4,0.5271918204431075,18124800,linear_role_derived_v1,579993600,129656162.59594575
,,expert.layers.5.self_attn.v_proj,denoise,8,activation,cross,linear,1465,177,320,320,82977600,331910400,8,4,0.5262526392665008,18124800,linear_role_derived_v1,579993600,130171769.45113908
,,expert.layers.5.self_attn.v_proj,denoise,8,output,cross,linear,1465,177,320,320,82977600,331910400,8,4,0.5271918204431075,18124800,linear_role_derived_v1,579993600,129656162.59594575
,,expert.layers.5.self_attn.v_proj,denoise,9,activation,cross,linear,1465,177,320,320,82977600,331910400,8,4,0.5262526392665008,18124800,linear_role_derived_v1,579993600,130171769.45113908
,,expert.layers.5.self_attn.v_proj,denoise,9,output,cross,linear,1465,177,320,320,82977600,331910400,8,4,0.5271918204431075,18124800,linear_role_derived_v1,579993600,129656162.59594575
,,expert.layers.5.self_attn.o_proj,denoise,0,activation,unknown,linear,1465,50,960,720,70320000,281280000,8,4,0.5279810402445961,34560000,linear_role_derived_v1,1105920000,246401075.44377288
,,expert.layers.5.self_attn.o_proj,denoise,0,output,unknown,linear,1465,37,960,720,52740000,210960000,8,4,0.5285146757679181,25574400,linear_role_derived_v1,818380800,181924751.4052732
,,expert.layers.5.self_attn.o_proj,denoise,1,activation,unknown,linear,1465,50,960,720,70320000,281280000,8,4,0.5280075334186576,34560000,linear_role_derived_v1,1105920000,246373416.5404701
,,expert.layers.5.self_attn.o_proj,denoise,1,output,unknown,linear,1465,37,960,720,52740000,210960000,8,4,0.5285348028062192,25574400,linear_role_derived_v1,818380800,181909219.51871437
,,expert.layers.5.self_attn.o_proj,denoise,2,activation,unknown,linear,1465,50,960,720,70320000,281280000,8,4,0.5279577182878271,34560000,linear_role_derived_v1,1105920000,246425424.8775241
,,expert.layers.5.self_attn.o_proj,denoise,2,output,unknown,linear,1465,37,960,720,52740000,210960000,8,4,0.5284542899127797,25574400,linear_role_derived_v1,818380800,181971354.70179057
,,expert.layers.5.self_attn.o_proj,denoise,3,activation,unknown,linear,1465,50,960,720,70320000,281280000,8,4,0.5280064917519909,34560000,linear_role_derived_v1,1105920000,246374504.0123131
,,expert.layers.5.self_attn.o_proj,denoise,3,output,unknown,linear,1465,37,960,720,52740000,210960000,8,4,0.5284969994311718,25574400,linear_role_derived_v1,818380800,181938392.65043497
,,expert.layers.5.self_attn.o_proj,denoise,4,activation,unknown,linear,1465,50,960,720,70320000,281280000,8,4,0.5280008283560864,34560000,linear_role_derived_v1,1105920000,246380416.4865473
,,expert.layers.5.self_attn.o_proj,denoise,4,output,unknown,linear,1465,37,960,720,52740000,210960000,8,4,0.5284850587789154,25574400,linear_role_derived_v1,818380800,181947607.82227716
,,expert.layers.5.self_attn.o_proj,denoise,5,activation,unknown,linear,1465,50,960,720,70320000,281280000,8,4,0.5280398179749716,34560000,linear_role_derived_v1,1105920000,246339713.52623698
,,expert.layers.5.self_attn.o_proj,denoise,5,output,unknown,linear,1465,37,960,720,52740000,210960000,8,4,0.5284848075464543,25574400,linear_role_derived_v1,818380800,181947801.71287733
,,expert.layers.5.self_attn.o_proj,denoise,6,activation,unknown,linear,1465,50,960,720,70320000,281280000,8,4,0.5281275170648464,34560000,linear_role_derived_v1,1105920000,246248172.9162217
,,expert.layers.5.self_attn.o_proj,denoise,6,output,unknown,linear,1465,37,960,720,52740000,210960000,8,4,0.528509793325749,25574400,linear_role_derived_v1,818380800,181928519.24970552
,,expert.layers.5.self_attn.o_proj,denoise,7,activation,unknown,linear,1465,50,960,720,70320000,281280000,8,4,0.5282579244880546,34560000,linear_role_derived_v1,1105920000,246112084.657135
,,expert.layers.5.self_attn.o_proj,denoise,7,output,unknown,linear,1465,37,960,720,52740000,210960000,8,4,0.5284371018202503,25574400,linear_role_derived_v1,818380800,181984620.849353
,,expert.layers.5.self_attn.o_proj,denoise,8,activation,unknown,linear,1465,50,960,720,70320000,281280000,8,4,0.5283538751422071,34560000,linear_role_derived_v1,1105920000,246011978.1999028
,,expert.layers.5.self_attn.o_proj,denoise,8,output,unknown,linear,1465,37,960,720,52740000,210960000,8,4,0.5284492083807357,25574400,linear_role_derived_v1,818380800,181975276.68955386
,,expert.layers.5.self_attn.o_proj,denoise,9,activation,unknown,linear,1465,50,960,720,70320000,281280000,8,4,0.5285912720420933,34560000,linear_role_derived_v1,1105920000,245764386.71204656
,,expert.layers.5.self_attn.o_proj,denoise,9,output,unknown,linear,1465,37,960,720,52740000,210960000,8,4,0.5283075132726583,25574400,linear_role_derived_v1,818380800,182084655.70446408
,,expert.layers.5.mlp.gate_proj,denoise,0,activation,unknown,linear,1465,50,720,2048,52740000,210960000,8,4,0.536022459233978,73728000,linear_role_derived_v1,2359296000,507897819.95980614
,,expert.layers.5.mlp.gate_proj,denoise,0,output,unknown,linear,1465,142,720,2048,150016000,600064000,8,4,0.5071497823565486,209387520,linear_role_derived_v1,6700400640,1627536274.1006908
,,expert.layers.5.mlp.gate_proj,denoise,1,activation,unknown,linear,1465,50,720,2048,52740000,210960000,8,4,0.5360642349260524,73728000,linear_role_derived_v1,2359296000,507806363.6893512
,,expert.layers.5.mlp.gate_proj,denoise,1,output,unknown,linear,1465,142,720,2048,150016000,600064000,8,4,0.5050810846843004,209387520,linear_role_derived_v1,6700400640,1641227843.997424
,,expert.layers.5.mlp.gate_proj,denoise,2,activation,unknown,linear,1465,50,720,2048,52740000,210960000,8,4,0.5358196387940842,73728000,linear_role_derived_v1,2359296000,508341956.0019991
,,expert.layers.5.mlp.gate_proj,denoise,2,output,unknown,linear,1465,142,720,2048,150016000,600064000,8,4,0.5030774317406144,209387520,linear_role_derived_v1,6700400640,1654543591.1169183
,,expert.layers.5.mlp.gate_proj,denoise,3,activation,unknown,linear,1465,50,720,2048,52740000,210960000,8,4,0.535508034698521,73728000,linear_role_derived_v1,2359296000,509024684.5967035
,,expert.layers.5.mlp.gate_proj,denoise,3,output,unknown,linear,1465,142,720,2048,150016000,600064000,8,4,0.5011938859854949,209387520,linear_role_derived_v1,6700400640,1667110196.0868616
,,expert.layers.5.mlp.gate_proj,denoise,4,activation,unknown,linear,1465,50,720,2048,52740000,210960000,8,4,0.5352461935912021,73728000,linear_role_derived_v1,2359296000,509598736.0938585
,,expert.layers.5.mlp.gate_proj,denoise,4,output,unknown,linear,1465,142,720,2048,150016000,600064000,8,4,0.49959306174008106,209387520,linear_role_derived_v1,6700400640,1677827918.9551547
,,expert.layers.5.mlp.gate_proj,denoise,5,activation,unknown,linear,1465,50,720,2048,52740000,210960000,8,4,0.5352891638225256,73728000,linear_role_derived_v1,2359296000,509504507.4378837
,,expert.layers.5.mlp.gate_proj,denoise,5,output,unknown,linear,1465,142,720,2048,150016000,600064000,8,4,0.498404531849936,209387520,linear_role_derived_v1,6700400640,1685807491.808365
,,expert.layers.5.mlp.gate_proj,denoise,6,activation,unknown,linear,1465,50,720,2048,52740000,210960000,8,4,0.5349050056882821,73728000,linear_role_derived_v1,2359296000,510347230.2107792
,,expert.layers.5.mlp.gate_proj,denoise,6,output,unknown,linear,1465,142,720,2048,150016000,600064000,8,4,0.4977823382172568,209387520,linear_role_derived_v1,6700400640,1689992335.1580966
,,expert.layers.5.mlp.gate_proj,denoise,7,activation,unknown,linear,1465,50,720,2048,52740000,210960000,8,4,0.5349369122108456,73728000,linear_role_derived_v1,2359296000,510277210.76495993
,,expert.layers.5.mlp.gate_proj,denoise,7,output,unknown,linear,1465,142,720,2048,150016000,600064000,8,4,0.4980183263785196,209387520,linear_role_derived_v1,6700400640,1688404479.8782556
,,expert.layers.5.mlp.gate_proj,denoise,8,activation,unknown,linear,1465,50,720,2048,52740000,210960000,8,4,0.5349198236632537,73728000,linear_role_derived_v1,2359296000,510314711.29697216
,,expert.layers.5.mlp.gate_proj,denoise,8,output,unknown,linear,1465,142,720,2048,150016000,600064000,8,4,0.4993295115187713,209387520,linear_role_derived_v1,6700400640,1679595713.6460304
,,expert.layers.5.mlp.gate_proj,denoise,9,activation,unknown,linear,1465,50,720,2048,52740000,210960000,8,4,0.5355808826317785,73728000,linear_role_derived_v1,2359296000,508865032.7998336
,,expert.layers.5.mlp.gate_proj,denoise,9,output,unknown,linear,1465,142,720,2048,150016000,600064000,8,4,0.5025048494827219,209387520,linear_role_derived_v1,6700400640,1658358705.0518286
,,expert.layers.5.mlp.up_proj,denoise,0,activation,unknown,linear,1465,50,720,2048,52740000,210960000,8,4,0.536022459233978,73728000,linear_role_derived_v1,2359296000,507897819.95980614
,,expert.layers.5.mlp.up_proj,denoise,0,output,unknown,linear,1465,142,720,2048,150016000,600064000,8,4,0.5273410586204138,209387520,linear_role_derived_v1,6700400640,1496912887.1727667
,,expert.layers.5.mlp.up_proj,denoise,1,activation,unknown,linear,1465,50,720,2048,52740000,210960000,8,4,0.5360642349260524,73728000,linear_role_derived_v1,2359296000,507806363.6893512
,,expert.layers.5.mlp.up_proj,denoise,1,output,unknown,linear,1465,142,720,2048,150016000,600064000,8,4,0.5274788272584258,209387520,linear_role_derived_v1,6700400640,1496040386.6170678
,,expert.layers.5.mlp.up_proj,denoise,2,activation,unknown,linear,1465,50,720,2048,52740000,210960000,8,4,0.5358196387940842,73728000,linear_role_derived_v1,2359296000,508341956.0019991
,,expert.layers.5.mlp.up_proj,denoise,2,output,unknown,linear,1465,142,720,2048,150016000,600064000,8,4,0.527493472362948,209387520,linear_role_derived_v1,6700400640,1495947652.8748941
,,expert.layers.5.mlp.up_proj,denoise,3,activation,unknown,linear,1465,50,720,2048,52740000,210960000,8,4,0.535508034698521,73728000,linear_role_derived_v1,2359296000,509024684.5967035
,,expert.layers.5.mlp.up_proj,denoise,3,output,unknown,linear,1465,142,720,2048,150016000,600064000,8,4,0.527606698618814,209387520,linear_role_derived_v1,6700400640,1495230793.9637191
,,expert.layers.5.mlp.up_proj,denoise,4,activation,unknown,linear,1465,50,720,2048,52740000,210960000,8,4,0.5352461935912021,73728000,linear_role_derived_v1,2359296000,509598736.0938585
,,expert.layers.5.mlp.up_proj,denoise,4,output,unknown,linear,1465,142,720,2048,150016000,600064000,8,4,0.5275654513518558,209387520,linear_role_derived_v1,6700400640,1495491919.0732374
,,expert.layers.5.mlp.up_proj,denoise,5,activation,unknown,linear,1465,50,720,2048,52740000,210960000,8,4,0.5352891638225256,73728000,linear_role_derived_v1,2359296000,509504507.4378837
,,expert.layers.5.mlp.up_proj,denoise,5,output,unknown,linear,1465,142,720,2048,150016000,600064000,8,4,0.527632450871907,209387520,linear_role_derived_v1,6700400640,1495067775.0886774
,,expert.layers.5.mlp.up_proj,denoise,6,activation,unknown,linear,1465,50,720,2048,52740000,210960000,8,4,0.5349050056882821,73728000,linear_role_derived_v1,2359296000,510347230.2107792
,,expert.layers.5.mlp.up_proj,denoise,6,output,unknown,linear,1465,142,720,2048,150016000,600064000,8,4,0.5278316262931954,209387520,linear_role_derived_v1,6700400640,1493807239.836577
,,expert.layers.5.mlp.up_proj,denoise,7,activation,unknown,linear,1465,50,720,2048,52740000,210960000,8,4,0.5349369122108456,73728000,linear_role_derived_v1,2359296000,510277210.76495993
,,expert.layers.5.mlp.up_proj,denoise,7,output,unknown,linear,1465,142,720,2048,150016000,600064000,8,4,0.5277721426381186,209387520,linear_role_derived_v1,6700400640,1494183642.478739
,,expert.layers.5.mlp.up_proj,denoise,8,activation,unknown,linear,1465,50,720,2048,52740000,210960000,8,4,0.5349198236632537,73728000,linear_role_derived_v1,2359296000,510314711.29697216
,,expert.layers.5.mlp.up_proj,denoise,8,output,unknown,linear,1465,142,720,2048,150016000,600064000,8,4,0.5279693366040956,209387520,linear_role_derived_v1,6700400640,1492936013.9252105
,,expert.layers.5.mlp.up_proj,denoise,9,activation,unknown,linear,1465,50,720,2048,52740000,210960000,8,4,0.5355808826317785,73728000,linear_role_derived_v1,2359296000,508865032.7998336
,,expert.layers.5.mlp.up_proj,denoise,9,output,unknown,linear,1465,142,720,2048,150016000,600064000,8,4,0.5280934150357295,209387520,linear_role_derived_v1,6700400640,1492151247.9039907
,,expert.layers.5.mlp.down_proj,denoise,0,activation,unknown,linear,1465,50,2048,720,150016000,600064000,8,4,0.537012170368494,73728000,linear_role_derived_v1,2359296000,505733335.87087375
,,expert.layers.5.mlp.down_proj,denoise,0,output,unknown,linear,1465,17,2048,720,52740000,210960000,8,4,0.5288791192643155,25067520,linear_role_derived_v1,802160640,178043472.01327235
,,expert.layers.5.mlp.down_proj,denoise,1,activation,unknown,linear,1465,50,2048,720,150016000,600064000,8,4,0.5370503329644838,73728000,linear_role_derived_v1,2359296000,505649967.36605436
,,expert.layers.5.mlp.down_proj,denoise,1,output,unknown,linear,1465,17,2048,720,52740000,210960000,8,4,0.5287217529389457,25067520,linear_role_derived_v1,802160640,178162433.95048156
,,expert.layers.5.mlp.down_proj,denoise,2,activation,unknown,linear,1465,50,2048,720,150016000,600064000,8,4,0.5372741324258746,73728000,linear_role_derived_v1,2359296000,505161202.1915761
,,expert.layers.5.mlp.down_proj,denoise,2,output,unknown,linear,1465,17,2048,720,52740000,210960000,8,4,0.5283686243837694,25067520,linear_role_derived_v1,802160640,178429528.02531108
,,expert.layers.5.mlp.down_proj,denoise,3,activation,unknown,linear,1465,50,2048,720,150016000,600064000,8,4,0.5375138018611348,73728000,linear_role_derived_v1,2359296000,504638039.9743402
,,expert.layers.5.mlp.down_proj,denoise,3,output,unknown,linear,1465,17,2048,720,52740000,210960000,8,4,0.5280038727720895,25067520,linear_role_derived_v1,802160640,178705623.41723213
,,expert.layers.5.mlp.down_proj,denoise,4,activation,unknown,linear,1465,50,2048,720,150016000,600064000,8,4,0.537755117787436,73728000,linear_role_derived_v1,2359296000,504111557.5577122
,,expert.layers.5.mlp.down_proj,denoise,4,output,unknown,linear,1465,17,2048,720,52740000,210960000,8,4,0.5277344472885855,25067520,linear_role_derived_v1,802160640,178909699.62941578
,,expert.layers.5.mlp.down_proj,denoise,5,activation,unknown,linear,1465,50,2048,720,150016000,600064000,8,4,0.5379903726935793,73728000,linear_role_derived_v1,2359296000,503598563.0696204
,,expert.layers.5.mlp.down_proj,denoise,5,output,unknown,linear,1465,17,2048,720,52740000,210960000,8,4,0.5273638983693592,25067520,linear_role_derived_v1,802160640,179190561.96867326
,,expert.layers.5.mlp.down_proj,denoise,6,activation,unknown,linear,1465,50,2048,720,150016000,600064000,8,4,0.5380274370733789,73728000,linear_role_derived_v1,2359296000,503517764.6680751
,,expert.layers.5.mlp.down_proj,denoise,6,output,unknown,linear,1465,17,2048,720,52740000,210960000,8,4,0.5269447051573758,25067520,linear_role_derived_v1,802160640,179508560.43682724
,,expert.layers.5.mlp.down_proj,denoise,7,activation,unknown,linear,1465,50,2048,720,150016000,600064000,8,4,0.5380929150890572,73728000,linear_role_derived_v1,2359296000,503375041.8733988
,,expert.layers.5.mlp.down_proj,denoise,7,output,unknown,linear,1465,17,2048,720,52740000,210960000,8,4,0.5266610163064088,25067520,linear_role_derived_v1,802160640,179723925.73305887
,,expert.layers.5.mlp.down_proj,denoise,8,activation,unknown,linear,1465,50,2048,720,150016000,600064000,8,4,0.5379060200245307,73728000,linear_role_derived_v1,2359296000,503782471.6219678
,,expert.layers.5.mlp.down_proj,denoise,8,output,unknown,linear,1465,17,2048,720,52740000,210960000,8,4,0.5262753175957527,25067520,linear_role_derived_v1,802160640,180016939.9622448
,,expert.layers.5.mlp.down_proj,denoise,9,activation,unknown,linear,1465,50,2048,720,150016000,600064000,8,4,0.53739921575032,73728000,linear_role_derived_v1,2359296000,504888130.35081446
,,expert.layers.5.mlp.down_proj,denoise,9,output,unknown,linear,1465,17,2048,720,52740000,210960000,8,4,0.5261216960561244,25067520,linear_role_derived_v1,802160640,180133712.27520263
,,expert.layers.6.self_attn.q_proj,denoise,0,activation,self,linear,1465,50,720,960,52740000,210960000,8,4,0.5362170980280622,34560000,linear_role_derived_v1,1105920000,237877398.09221947
,,expert.layers.6.self_attn.q_proj,denoise,0,output,self,linear,1465,66,720,960,70320000,281280000,8,4,0.5233029081342434,45619200,linear_role_derived_v1,1459814400,331728395.6283854
,,expert.layers.6.self_attn.q_proj,denoise,1,activation,self,linear,1465,50,720,960,52740000,210960000,8,4,0.5362804654910883,34560000,linear_role_derived_v1,1105920000,237812399.32925406
,,expert.layers.6.self_attn.q_proj,denoise,1,output,self,linear,1465,66,720,960,70320000,281280000,8,4,0.5234355944254835,45619200,linear_role_derived_v1,1459814400,331543751.39424294
,,expert.layers.6.self_attn.q_proj,denoise,2,activation,self,linear,1465,50,720,960,52740000,210960000,8,4,0.5359489050056883,34560000,linear_role_derived_v1,1105920000,238152593.681053
,,expert.layers.6.self_attn.q_proj,denoise,2,output,self,linear,1465,66,720,960,70320000,281280000,8,4,0.5235457089021616,45619200,linear_role_derived_v1,1459814400,331390556.7849505
,,expert.layers.6.self_attn.q_proj,denoise,3,activation,self,linear,1465,50,720,960,52740000,210960000,8,4,0.5356075654152446,34560000,linear_role_derived_v1,1105920000,238503075.80264536
,,expert.layers.6.self_attn.q_proj,denoise,3,output,self,linear,1465,66,720,960,70320000,281280000,8,4,0.5237233646188851,45619200,linear_role_derived_v1,1459814400,331143471.37969404
,,expert.layers.6.self_attn.q_proj,denoise,4,activation,self,linear,1465,50,720,960,52740000,210960000,8,4,0.5354408750474023,34560000,linear_role_derived_v1,1105920000,238674324.50340977
,,expert.layers.6.self_attn.q_proj,denoise,4,output,self,linear,1465,66,720,960,70320000,281280000,8,4,0.524012827076223,45619200,linear_role_derived_v1,1459814400,330741081.3912366
,,expert.layers.6.self_attn.q_proj,denoise,5,activation,self,linear,1465,50,720,960,52740000,210960000,8,4,0.5352953308684111,34560000,linear_role_derived_v1,1105920000,238823899.0066847
,,expert.layers.6.self_attn.q_proj,denoise,5,output,self,linear,1465,66,720,960,70320000,281280000,8,4,0.5243904436860068,45619200,linear_role_derived_v1,1459814400,330216513.5375718
,,expert.layers.6.self_attn.q_proj,denoise,6,activation,self,linear,1465,50,720,960,52740000,210960000,8,4,0.5348032897231703,34560000,linear_role_derived_v1,1105920000,239329912.41479725
,,expert.layers.6.self_attn.q_proj,denoise,6,output,self,linear,1465,66,720,960,70320000,281280000,8,4,0.5248218607792946,45619200,linear_role_derived_v1,1459814400,329617718.0147509
,,expert.layers.6.self_attn.q_proj,denoise,7,activation,self,linear,1465,50,720,960,52740000,210960000,8,4,0.5346899744027304,34560000,linear_role_derived_v1,1105920000,239446521.3593992
,,expert.layers.6.self_attn.q_proj,denoise,7,output,self,linear,1465,66,720,960,70320000,281280000,8,4,0.5253414924630262,45619200,linear_role_derived_v1,1459814400,328897204.405059
,,expert.layers.6.self_attn.q_proj,denoise,8,activation,self,linear,1465,50,720,960,52740000,210960000,8,4,0.534643482176716,34560000,linear_role_derived_v1,1105920000,239494373.14566293
,,expert.layers.6.self_attn.q_proj,denoise,8,output,self,linear,1465,66,720,960,70320000,281280000,8,4,0.5254494844994312,45619200,linear_role_derived_v1,1459814400,328747563.1879182
,,expert.layers.6.self_attn.q_proj,denoise,9,activation,self,linear,1465,50,720,960,52740000,210960000,8,4,0.5352785362153963,34560000,linear_role_derived_v1,1105920000,238841161.7426156
,,expert.layers.6.self_attn.q_proj,denoise,9,output,self,linear,1465,66,720,960,70320000,281280000,8,4,0.5252990223265074,45619200,linear_role_derived_v1,1459814400,328956063.28510916
,,expert.layers.6.self_attn.k_proj,denoise,0,activation,self,linear,1465,50,720,320,52740000,210960000,8,4,0.5362170980280622,11520000,linear_role_derived_v1,368640000,79292466.03073981
,,expert.layers.6.self_attn.k_proj,denoise,0,output,self,linear,1465,22,720,320,23440000,93760000,8,4,0.5317516531569966,5068800,linear_role_derived_v1,162201600,35563757.43332247
,,expert.layers.6.self_attn.k_proj,denoise,1,activation,self,linear,1465,50,720,320,52740000,210960000,8,4,0.5362804654910883,11520000,linear_role_derived_v1,368640000,79270799.77641802
,,expert.layers.6.self_attn.k_proj,denoise,1,output,self,linear,1465,22,720,320,23440000,93760000,8,4,0.531907199232082,5068800,linear_role_derived_v1,162201600,35540133.71260048
,,expert.layers.6.self_attn.k_proj,denoise,2,activation,self,linear,1465,50,720,320,52740000,210960000,8,4,0.5359489050056883,11520000,linear_role_derived_v1,368640000,79384197.89368434
,,expert.layers.6.self_attn.k_proj,denoise,2,output,self,linear,1465,22,720,320,23440000,93760000,8,4,0.5317973549488054,5068800,linear_role_derived_v1,162201600,35556815.61224897
,,expert.layers.6.self_attn.k_proj,denoise,3,activation,self,linear,1465,50,720,320,52740000,210960000,8,4,0.5356075654152446,11520000,linear_role_derived_v1,368640000,79501025.26754844
,,expert.layers.6.self_attn.k_proj,denoise,3,output,self,linear,1465,22,720,320,23440000,93760000,8,4,0.5314790955631399,5068800,linear_role_derived_v1,162201600,35605171.325401515
,,expert.layers.6.self_attn.k_proj,denoise,4,activation,self,linear,1465,50,720,320,52740000,210960000,8,4,0.5354408750474023,11520000,linear_role_derived_v1,368640000,79558108.16780326
,,expert.layers.6.self_attn.k_proj,denoise,4,output,self,linear,1465,22,720,320,23440000,93760000,8,4,0.5311560900170649,5068800,linear_role_derived_v1,162201600,35654281.758114725
,,expert.layers.6.self_attn.k_proj,denoise,5,activation,self,linear,1465,50,720,320,52740000,210960000,8,4,0.5352953308684111,11520000,linear_role_derived_v1,368640000,79607966.33556154
,,expert.layers.6.self_attn.k_proj,denoise,5,output,self,linear,1465,22,720,320,23440000,93760000,8,4,0.5305501173208191,5068800,linear_role_derived_v1,162201600,35746506.41187172
,,expert.layers.6.self_attn.k_proj,denoise,6,activation,self,linear,1465,50,720,320,52740000,210960000,8,4,0.5348032897231703,11520000,linear_role_derived_v1,368640000,79776637.47159909
,,expert.layers.6.self_attn.k_proj,denoise,6,output,self,linear,1465,22,720,320,23440000,93760000,8,4,0.5296809087030717,5068800,linear_role_derived_v1,162201600,35879001.647019565
,,expert.layers.6.self_attn.k_proj,denoise,7,activation,self,linear,1465,50,720,320,52740000,210960000,8,4,0.5346899744027304,11520000,linear_role_derived_v1,368640000,79815507.11979972
,,expert.layers.6.self_attn.k_proj,denoise,7,output,self,linear,1465,22,720,320,23440000,93760000,8,4,0.5289086604095563,5068800,linear_role_derived_v1,162201600,35996922.63174104
,,expert.layers.6.self_attn.k_proj,denoise,8,activation,self,linear,1465,50,720,320,52740000,210960000,8,4,0.534643482176716,11520000,linear_role_derived_v1,368640000,79831457.71522097
,,expert.layers.6.self_attn.k_proj,denoise,8,output,self,linear,1465,22,720,320,23440000,93760000,8,4,0.5278744027303754,5068800,linear_role_derived_v1,162201600,36155155.05479315
,,expert.layers.6.self_attn.k_proj,denoise,9,activation,self,linear,1465,50,720,320,52740000,210960000,8,4,0.5352785362153963,11520000,linear_role_derived_v1,368640000,79613720.58087188
,,expert.layers.6.self_attn.k_proj,denoise,9,output,self,linear,1465,22,720,320,23440000,93760000,8,4,0.5267317619453925,5068800,linear_role_derived_v1,162201600,36330372.61206315
,,expert.layers.6.self_attn.v_proj,denoise,0,activation,self,linear,1465,50,720,320,52740000,210960000,8,4,0.5362170980280622,11520000,linear_role_derived_v1,368640000,79292466.03073981
,,expert.layers.6.self_attn.v_proj,denoise,0,output,self,linear,1465,22,720,320,23440000,93760000,8,4,0.5333463523890785,5068800,linear_role_derived_v1,162201600,35321933.0965983
,,expert.layers.6.self_attn.v_proj,denoise,1,activation,self,linear,1465,50,720,320,52740000,210960000,8,4,0.5362804654910883,11520000,linear_role_derived_v1,368640000,79270799.77641802
,,expert.layers.6.self_attn.v_proj,denoise,1,output,self,linear,1465,22,720,320,23440000,93760000,8,4,0.5329945179180887,5068800,linear_role_derived_v1,162201600,35375215.262369834
,,expert.layers.6.self_attn.v_proj,denoise,2,activation,self,linear,1465,50,720,320,52740000,210960000,8,4,0.5359489050056883,11520000,linear_role_derived_v1,368640000,79384197.89368434
,,expert.layers.6.self_attn.v_proj,denoise,2,output,self,linear,1465,22,720,320,23440000,93760000,8,4,0.532719784556314,5068800,linear_role_derived_v1,162201600,35416849.079934426
,,expert.layers.6.self_attn.v_proj,denoise,3,activation,self,linear,1465,50,720,320,52740000,210960000,8,4,0.5356075654152446,11520000,linear_role_derived_v1,368640000,79501025.26754844
,,expert.layers.6.self_attn.v_proj,denoise,3,output,self,linear,1465,22,720,320,23440000,93760000,8,4,0.5325992214163823,5068800,linear_role_derived_v1,162201600,35435127.2660773
,,expert.layers.6.self_attn.v_proj,denoise,4,activation,self,linear,1465,50,720,320,52740000,210960000,8,4,0.5354408750474023,11520000,linear_role_derived_v1,368640000,79558108.16780326
,,expert.layers.6.self_attn.v_proj,denoise,4,output,self,linear,1465,22,720,320,23440000,93760000,8,4,0.5324131825938566,5068800,linear_role_derived_v1,162201600,35463341.25979828
,,expert.layers.6.self_attn.v_proj,denoise,5,activation,self,linear,1465,50,720,320,52740000,210960000,8,4,0.5352953308684111,11520000,linear_role_derived_v1,368640000,79607966.33556154
,,expert.layers.6.self_attn.v_proj,denoise,5,output,self,linear,1465,22,720,320,23440000,93760000,8,4,0.5322627666382252,5068800,linear_role_derived_v1,162201600,35486161.02349997
,,expert.layers.6.self_attn.v_proj,denoise,6,activation,self,linear,1465,50,720,320,52740000,210960000,8,4,0.5348032897231703,11520000,linear_role_derived_v1,368640000,79776637.47159909
,,expert.layers.6.self_attn.v_proj,denoise,6,output,self,linear,1465,22,720,320,23440000,93760000,8,4,0.532236465443686,5068800,linear_role_derived_v1,162201600,35490151.95943073
,,expert.layers.6.self_attn.v_proj,denoise,7,activation,self,linear,1465,50,720,320,52740000,210960000,8,4,0.5346899744027304,11520000,linear_role_derived_v1,368640000,79815507.11979972
,,expert.layers.6.self_attn.v_proj,denoise,7,output,self,linear,1465,22,720,320,23440000,93760000,8,4,0.5322954671501706,5068800,linear_role_derived_v1,162201600,35481199.36987863
,,expert.layers.6.self_attn.v_proj,denoise,8,activation,self,linear,1465,50,720,320,52740000,210960000,8,4,0.534643482176716,11520000,linear_role_derived_v1,368640000,79831457.71522097
,,expert.layers.6.self_attn.v_proj,denoise,8,output,self,linear,1465,22,720,320,23440000,93760000,8,4,0.5324084257679181,5068800,linear_role_derived_v1,162201600,35464062.81050655
,,expert.layers.6.self_attn.v_proj,denoise,9,activation,self,linear,1465,50,720,320,52740000,210960000,8,4,0.5352785362153963,11520000,linear_role_derived_v1,368640000,79613720.58087188
,,expert.layers.6.self_attn.v_proj,denoise,9,output,self,linear,1465,22,720,320,23440000,93760000,8,4,0.5327115827645051,5068800,linear_role_derived_v1,162201600,35418092.37747784
,,expert.layers.6.self_attn.o_proj,denoise,0,activation,unknown,linear,1465,50,960,720,70320000,281280000,8,4,0.5272015287258248,34560000,linear_role_derived_v1,1105920000,247215581.1781968
,,expert.layers.6.self_attn.o_proj,denoise,0,output,unknown,linear,1465,37,960,720,52740000,210960000,8,4,0.5267847222222222,25574400,linear_role_derived_v1,818380800,183262221.4538667
,,expert.layers.6.self_attn.o_proj,denoise,1,activation,unknown,linear,1465,50,960,720,70320000,281280000,8,4,0.5270388687428896,34560000,linear_role_derived_v1,1105920000,247385712.85955176
,,expert.layers.6.self_attn.o_proj,denoise,1,output,unknown,linear,1465,37,960,720,52740000,210960000,8,4,0.5269302711414486,25574400,linear_role_derived_v1,818380800,183149505.24431646
,,expert.layers.6.self_attn.o_proj,denoise,2,activation,unknown,linear,1465,50,960,720,70320000,281280000,8,4,0.5268052616609784,34560000,linear_role_derived_v1,1105920000,247630152.93242767
,,expert.layers.6.self_attn.o_proj,denoise,2,output,unknown,linear,1465,37,960,720,52740000,210960000,8,4,0.526907911452408,25574400,linear_role_derived_v1,818380800,183166818.81360492
,,expert.layers.6.self_attn.o_proj,denoise,3,activation,unknown,linear,1465,50,960,720,70320000,281280000,8,4,0.5267318010523322,34560000,linear_role_derived_v1,1105920000,247707045.0544464
,,expert.layers.6.self_attn.o_proj,denoise,3,output,unknown,linear,1465,37,960,720,52740000,210960000,8,4,0.5270359072810011,25574400,linear_role_derived_v1,818380800,183067720.0637987
,,expert.layers.6.self_attn.o_proj,denoise,4,activation,unknown,linear,1465,50,960,720,70320000,281280000,8,4,0.526442999857793,34560000,linear_role_derived_v1,1105920000,248009452.51776633
,,expert.layers.6.self_attn.o_proj,denoise,4,output,unknown,linear,1465,37,960,720,52740000,210960000,8,4,0.5270096937808115,25574400,linear_role_derived_v1,818380800,183088013.26902834
,,expert.layers.6.self_attn.o_proj,denoise,5,activation,unknown,linear,1465,50,960,720,70320000,281280000,8,4,0.5262696387940842,34560000,linear_role_derived_v1,1105920000,248191069.7354757
,,expert.layers.6.self_attn.o_proj,denoise,5,output,unknown,linear,1465,37,960,720,52740000,210960000,8,4,0.5268728242320819,25574400,linear_role_derived_v1,818380800,183193989.22295403
,,expert.layers.6.self_attn.o_proj,denoise,6,activation,unknown,linear,1465,50,960,720,70320000,281280000,8,4,0.5262547212741752,34560000,linear_role_derived_v1,1105920000,248206700.79407126
,,expert.layers.6.self_attn.o_proj,denoise,6,output,unknown,linear,1465,37,960,720,52740000,210960000,8,4,0.5267762656427759,25574400,linear_role_derived_v1,818380800,183268771.47646984
,,expert.layers.6.self_attn.o_proj,denoise,7,activation,unknown,linear,1465,50,960,720,70320000,281280000,8,4,0.5261909058589306,34560000,linear_role_derived_v1,1105920000,248273574.2013883
,,expert.layers.6.self_attn.o_proj,denoise,7,output,unknown,linear,1465,37,960,720,52740000,210960000,8,4,0.5264445439893819,25574400,linear_role_derived_v1,818380800,183525798.00883776
,,expert.layers.6.self_attn.o_proj,denoise,8,activation,unknown,linear,1465,50,960,720,70320000,281280000,8,4,0.5261988907849829,34560000,linear_role_derived_v1,1105920000,248265206.1499914
,,expert.layers.6.self_attn.o_proj,denoise,8,output,unknown,linear,1465,37,960,720,52740000,210960000,8,4,0.5260915386803185,25574400,linear_role_derived_v1,818380800,183799513.4817711
,,expert.layers.6.self_attn.o_proj,denoise,9,activation,unknown,linear,1465,50,960,720,70320000,281280000,8,4,0.5264743209613196,34560000,linear_role_derived_v1,1105920000,247976646.8667052
,,expert.layers.6.self_attn.o_proj,denoise,9,output,unknown,linear,1465,37,960,720,52740000,210960000,8,4,0.5256018486916951,25574400,linear_role_derived_v1,818380800,184179550.0923065
,,expert.layers.6.mlp.gate_proj,denoise,0,activation,unknown,linear,1465,50,720,2048,52740000,210960000,8,4,0.5365818211983314,73728000,linear_role_derived_v1,2359296000,506673935.41595393
,,expert.layers.6.mlp.gate_proj,denoise,0,output,unknown,linear,1465,142,720,2048,150016000,600064000,8,4,0.5101807940486348,209387520,linear_role_derived_v1,6700400640,1607579247.968568
,,expert.layers.6.mlp.gate_proj,denoise,1,activation,unknown,linear,1465,50,720,2048,52740000,210960000,8,4,0.5365767728479333,73728000,linear_role_derived_v1,2359296000,506684974.60955036
,,expert.layers.6.mlp.gate_proj,denoise,1,output,unknown,linear,1465,142,720,2048,150016000,600064000,8,4,0.5082132789169155,209387520,linear_role_derived_v1,6700400640,1620519895.9837534
,,expert.layers.6.mlp.gate_proj,denoise,2,activation,unknown,linear,1465,50,720,2048,52740000,210960000,8,4,0.5362422354948806,73728000,linear_role_derived_v1,2359296000,507416773.1975807
,,expert.layers.6.mlp.gate_proj,denoise,2,output,unknown,linear,1465,142,720,2048,150016000,600064000,8,4,0.506320565806314,209387520,linear_role_derived_v1,6700400640,1633017514.83075
,,expert.layers.6.mlp.gate_proj,denoise,3,activation,unknown,linear,1465,50,720,2048,52740000,210960000,8,4,0.5359476393629125,73728000,linear_role_derived_v1,2359296000,508061637.8605718
,,expert.layers.6.mlp.gate_proj,denoise,3,output,unknown,linear,1465,142,720,2048,150016000,600064000,8,4,0.5043678091003626,209387520,linear_role_derived_v1,6700400640,1645961917.719304
,,expert.layers.6.mlp.gate_proj,denoise,4,activation,unknown,linear,1465,50,720,2048,52740000,210960000,8,4,0.5357504740235116,73728000,linear_role_derived_v1,2359296000,508493457.3456221
,,expert.layers.6.mlp.gate_proj,denoise,4,output,unknown,linear,1465,142,720,2048,150016000,600064000,8,4,0.5029564963070606,209387520,linear_role_derived_v1,6700400640,1655349017.5857272
,,expert.layers.6.mlp.gate_proj,denoise,5,activation,unknown,linear,1465,50,720,2048,52740000,210960000,8,4,0.5355300767918089,73728000,linear_role_derived_v1,2359296000,508976375.0275205
,,expert.layers.6.mlp.gate_proj,denoise,5,output,unknown,linear,1465,142,720,2048,150016000,600064000,8,4,0.5016353838923848,209387520,linear_role_derived_v1,6700400640,1664160352.8115087
,,expert.layers.6.mlp.gate_proj,denoise,6,activation,unknown,linear,1465,50,720,2048,52740000,210960000,8,4,0.5349884338263178,73728000,linear_role_derived_v1,2359296000,510164155.7810105
,,expert.layers.6.mlp.gate_proj,denoise,6,output,unknown,linear,1465,142,720,2048,150016000,600064000,8,4,0.5011331857935154,209387520,linear_role_derived_v1,6700400640,1667515965.235642
,,expert.layers.6.mlp.gate_proj,denoise,7,activation,unknown,linear,1465,50,720,2048,52740000,210960000,8,4,0.5347839827455442,73728000,linear_role_derived_v1,2359296000,510612860.9321637
,,expert.layers.6.mlp.gate_proj,denoise,7,output,unknown,linear,1465,142,720,2048,150016000,600064000,8,4,0.5013756449312073,209387520,linear_role_derived_v1,6700400640,1665895467.6538405
,,expert.layers.6.mlp.gate_proj,denoise,8,activation,unknown,linear,1465,50,720,2048,52740000,210960000,8,4,0.534693193022374,73728000,linear_role_derived_v1,2359296000,510812178.7635922
,,expert.layers.6.mlp.gate_proj,denoise,8,output,unknown,linear,1465,142,720,2048,150016000,600064000,8,4,0.5026914979068899,209387520,linear_role_derived_v1,6700400640,1657114584.4830015
,,expert.layers.6.mlp.gate_proj,denoise,9,activation,unknown,linear,1465,50,720,2048,52740000,210960000,8,4,0.5350041524459613,73728000,linear_role_derived_v1,2359296000,510129666.57097435
,,expert.layers.6.mlp.gate_proj,denoise,9,output,unknown,linear,1465,142,720,2048,150016000,600064000,8,4,0.505397767571459,209387520,linear_role_derived_v1,6700400640,1639128176.8774915
,,expert.layers.6.mlp.up_proj,denoise,0,activation,unknown,linear,1465,50,720,2048,52740000,210960000,8,4,0.5365818211983314,73728000,linear_role_derived_v1,2359296000,506673935.41595393
,,expert.layers.6.mlp.up_proj,denoise,0,output,unknown,linear,1465,142,720,2048,150016000,600064000,8,4,0.5263483345109855,209387520,linear_role_derived_v1,6700400640,1503207413.41893
,,expert.layers.6.mlp.up_proj,denoise,1,activation,unknown,linear,1465,50,720,2048,52740000,210960000,8,4,0.5365767728479333,73728000,linear_role_derived_v1,2359296000,506684974.60955036
,,expert.layers.6.mlp.up_proj,denoise,1,output,unknown,linear,1465,142,720,2048,150016000,600064000,8,4,0.5260057843829992,209387520,linear_role_derived_v1,6700400640,1505382472.1328242
,,expert.layers.6.mlp.up_proj,denoise,2,activation,unknown,linear,1465,50,720,2048,52740000,210960000,8,4,0.5362422354948806,73728000,linear_role_derived_v1,2359296000,507416773.1975807
,,expert.layers.6.mlp.up_proj,denoise,2,output,unknown,linear,1465,142,720,2048,150016000,600064000,8,4,0.5255761468776664,209387520,linear_role_derived_v1,6700400640,1508112724.4035382
,,expert.layers.6.mlp.up_proj,denoise,3,activation,unknown,linear,1465,50,720,2048,52740000,210960000,8,4,0.5359476393629125,73728000,linear_role_derived_v1,2359296000,508061637.8605718
,,expert.layers.6.mlp.up_proj,denoise,3,output,unknown,linear,1465,142,720,2048,150016000,600064000,8,4,0.525146032756506,209387520,linear_role_derived_v1,6700400640,1510848483.2134402
,,expert.layers.6.mlp.up_proj,denoise,4,activation,unknown,linear,1465,50,720,2048,52740000,210960000,8,4,0.5357504740235116,73728000,linear_role_derived_v1,2359296000,508493457.3456221
,,expert.layers.6.mlp.up_proj,denoise,4,output,unknown,linear,1465,142,720,2048,150016000,600064000,8,4,0.5249107778503627,209387520,linear_role_derived_v1,6700400640,1512345880.6802614
,,expert.layers.6.mlp.up_proj,denoise,5,activation,unknown,linear,1465,50,720,2048,52740000,210960000,8,4,0.5355300767918089,73728000,linear_role_derived_v1,2359296000,508976375.0275205
,,expert.layers.6.mlp.up_proj,denoise,5,output,unknown,linear,1465,142,720,2048,150016000,600064000,8,4,0.5247090443686007,209387520,linear_role_derived_v1,6700400640,1513630504.9575162
,,expert.layers.6.mlp.up_proj,denoise,6,activation,unknown,linear,1465,50,720,2048,52740000,210960000,8,4,0.5349884338263178,73728000,linear_role_derived_v1,2359296000,510164155.7810105
,,expert.layers.6.mlp.up_proj,denoise,6,output,unknown,linear,1465,142,720,2048,150016000,600064000,8,4,0.5246087117374146,209387520,linear_role_derived_v1,6700400640,1514269618.9937193
,,expert.layers.6.mlp.up_proj,denoise,7,activation,unknown,linear,1465,50,720,2048,52740000,210960000,8,4,0.5347839827455442,73728000,linear_role_derived_v1,2359296000,510612860.9321637
,,expert.layers.6.mlp.up_proj,denoise,7,output,unknown,linear,1465,142,720,2048,150016000,600064000,8,4,0.524700990227709,209387520,linear_role_derived_v1,6700400640,1513681804.4678178
,,expert.layers.6.mlp.up_proj,denoise,8,activation,unknown,linear,1465,50,720,2048,52740000,210960000,8,4,0.534693193022374,73728000,linear_role_derived_v1,2359296000,510812178.7635922
,,expert.layers.6.mlp.up_proj,denoise,8,output,unknown,linear,1465,142,720,2048,150016000,600064000,8,4,0.524898979108895,209387520,linear_role_derived_v1,6700400640,1512420999.2003078
,,expert.layers.6.mlp.up_proj,denoise,9,activation,unknown,linear,1465,50,720,2048,52740000,210960000,8,4,0.5350041524459613,73728000,linear_role_derived_v1,2359296000,510129666.57097435
,,expert.layers.6.mlp.up_proj,denoise,9,output,unknown,linear,1465,142,720,2048,150016000,600064000,8,4,0.5252426707817833,209387520,linear_role_derived_v1,6700400640,1510233597.0921273
,,expert.layers.6.mlp.down_proj,denoise,0,activation,unknown,linear,1465,50,2048,720,150016000,600064000,8,4,0.5367626886465444,73728000,linear_role_derived_v1,2359296000,506278513.1268814
,,expert.layers.6.mlp.down_proj,denoise,0,output,unknown,linear,1465,17,2048,720,52740000,210960000,8,4,0.5264277730375426,25067520,linear_role_derived_v1,802160640,179901091.46632802
,,expert.layers.6.mlp.down_proj,denoise,1,activation,unknown,linear,1465,50,2048,720,150016000,600064000,8,4,0.5370032329884812,73728000,linear_role_derived_v1,2359296000,505752861.11255074
,,expert.layers.6.mlp.down_proj,denoise,1,output,unknown,linear,1465,17,2048,720,52740000,210960000,8,4,0.5269812191884717,25067520,linear_role_derived_v1,802160640,179480849.81499147
,,expert.layers.6.mlp.down_proj,denoise,2,activation,unknown,linear,1465,50,2048,720,150016000,600064000,8,4,0.5374211117480802,73728000,linear_role_derived_v1,2359296000,504840336.36465096
,,expert.layers.6.mlp.down_proj,denoise,2,output,unknown,linear,1465,17,2048,720,52740000,210960000,8,4,0.5272147705726205,25067520,linear_role_derived_v1,802160640,179303657.4743545
,,expert.layers.6.mlp.down_proj,denoise,3,activation,unknown,linear,1465,50,2048,720,150016000,600064000,8,4,0.5378534889611775,73728000,linear_role_derived_v1,2359296000,503897018.59428495
,,expert.layers.6.mlp.down_proj,denoise,3,output,unknown,linear,1465,17,2048,720,52740000,210960000,8,4,0.5274650692074326,25067520,linear_role_derived_v1,802160640,179113856.36380538
,,expert.layers.6.mlp.down_proj,denoise,4,activation,unknown,linear,1465,50,2048,720,150016000,600064000,8,4,0.538227684047035,73728000,linear_role_derived_v1,2359296000,503081348.8971997
,,expert.layers.6.mlp.down_proj,denoise,4,output,unknown,linear,1465,17,2048,720,52740000,210960000,8,4,0.5277830915813424,25067520,linear_role_derived_v1,802160640,178872845.41658577
,,expert.layers.6.mlp.down_proj,denoise,5,activation,unknown,linear,1465,50,2048,720,150016000,600064000,8,4,0.5386591463577218,73728000,linear_role_derived_v1,2359296000,502141668.3351503
,,expert.layers.6.mlp.down_proj,denoise,5,output,unknown,linear,1465,17,2048,720,52740000,210960000,8,4,0.5280923777019341,25067520,linear_role_derived_v1,802160640,178638610.8089691
,,expert.layers.6.mlp.down_proj,denoise,6,activation,unknown,linear,1465,50,2048,720,150016000,600064000,8,4,0.5391565483015145,73728000,linear_role_derived_v1,2359296000,501059468.0695342
,,expert.layers.6.mlp.down_proj,denoise,6,output,unknown,linear,1465,17,2048,720,52740000,210960000,8,4,0.5282897279105043,25067520,linear_role_derived_v1,802160640,178489229.8970852
,,expert.layers.6.mlp.down_proj,denoise,7,activation,unknown,linear,1465,50,2048,720,150016000,600064000,8,4,0.5393724019437927,73728000,linear_role_derived_v1,2359296000,500590197.2948328
,,expert.layers.6.mlp.down_proj,denoise,7,output,unknown,linear,1465,17,2048,720,52740000,210960000,8,4,0.5282887609025407,25067520,linear_role_derived_v1,802160640,178489961.70512015
,,expert.layers.6.mlp.down_proj,denoise,8,activation,unknown,linear,1465,50,2048,720,150016000,600064000,8,4,0.5393962044048635,73728000,linear_role_derived_v1,2359296000,500538463.6562976
,,expert.layers.6.mlp.down_proj,denoise,8,output,unknown,linear,1465,17,2048,720,52740000,210960000,8,4,0.5281989571482746,25067520,linear_role_derived_v1,802160640,178557929.5342816
,,expert.layers.6.mlp.down_proj,denoise,9,activation,unknown,linear,1465,50,2048,720,150016000,600064000,8,4,0.5388091836870734,73728000,linear_role_derived_v1,2359296000,501815108.29505306
,,expert.layers.6.mlp.down_proj,denoise,9,output,unknown,linear,1465,17,2048,720,52740000,210960000,8,4,0.5276227389078498,25067520,linear_role_derived_v1,802160640,178994347.24519563
,,expert.layers.7.self_attn.q_proj,denoise,0,activation,cross,linear,1465,50,720,960,52740000,210960000,8,4,0.5366039960182025,34560000,linear_role_derived_v1,1105920000,237480678.42744517
,,expert.layers.7.self_attn.q_proj,denoise,0,output,cross,linear,1465,66,720,960,70320000,281280000,8,4,0.5304233681740614,45619200,linear_role_derived_v1,1459814400,321892305.99844795
,,expert.layers.7.self_attn.q_proj,denoise,1,activation,cross,linear,1465,50,720,960,52740000,210960000,8,4,0.5366771378460372,34560000,linear_role_derived_v1,1105920000,237405717.0555937
,,expert.layers.7.self_attn.q_proj,denoise,1,output,cross,linear,1465,66,720,960,70320000,281280000,8,4,0.5307899886234357,45619200,linear_role_derived_v1,1459814400,321389869.4416991
,,expert.layers.7.self_attn.q_proj,denoise,2,activation,cross,linear,1465,50,720,960,52740000,210960000,8,4,0.5362901071293136,34560000,linear_role_derived_v1,1105920000,237802510.260055
,,expert.layers.7.self_attn.q_proj,denoise,2,output,cross,linear,1465,66,720,960,70320000,281280000,8,4,0.5307723976109215,45619200,linear_role_derived_v1,1459814400,321413968.15680075
,,expert.layers.7.self_attn.q_proj,denoise,3,activation,cross,linear,1465,50,720,960,52740000,210960000,8,4,0.536022990140311,34560000,linear_role_derived_v1,1105920000,238076558.26698753
,,expert.layers.7.self_attn.q_proj,denoise,3,output,cross,linear,1465,66,720,960,70320000,281280000,8,4,0.5308137834186576,45619200,linear_role_derived_v1,1459814400,321357273.32467294
,,expert.layers.7.self_attn.q_proj,denoise,4,activation,cross,linear,1465,50,720,960,52740000,210960000,8,4,0.5358366135760334,34560000,linear_role_derived_v1,1105920000,238267864.31005666
,,expert.layers.7.self_attn.q_proj,denoise,4,output,cross,linear,1465,66,720,960,70320000,281280000,8,4,0.5307476144766781,45619200,linear_role_derived_v1,1459814400,321447921.21429455
,,expert.layers.7.self_attn.q_proj,denoise,5,activation,cross,linear,1465,50,720,960,52740000,210960000,8,4,0.5356005403868032,34560000,linear_role_derived_v1,1105920000,238510291.69781923
,,expert.layers.7.self_attn.q_proj,denoise,5,output,cross,linear,1465,66,720,960,70320000,281280000,8,4,0.530571494596132,45619200,linear_role_derived_v1,1459814400,321689258.26575077
,,expert.layers.7.self_attn.q_proj,denoise,6,activation,cross,linear,1465,50,720,960,52740000,210960000,8,4,0.5351046406901783,34560000,linear_role_derived_v1,1105920000,239019940.5736273
,,expert.layers.7.self_attn.q_proj,denoise,6,output,cross,linear,1465,66,720,960,70320000,281280000,8,4,0.5301782600967008,45619200,linear_role_derived_v1,1459814400,322228434.29128623
,,expert.layers.7.self_attn.q_proj,denoise,7,activation,cross,linear,1465,50,720,960,52740000,210960000,8,4,0.5348497582480091,34560000,linear_role_derived_v1,1105920000,239282101.44674864
,,expert.layers.7.self_attn.q_proj,denoise,7,output,cross,linear,1465,66,720,960,70320000,281280000,8,4,0.5295969318828214,45619200,linear_role_derived_v1,1459814400,323026338.49029094
,,expert.layers.7.self_attn.q_proj,denoise,8,activation,cross,linear,1465,50,720,960,52740000,210960000,8,4,0.534679963026166,34560000,linear_role_derived_v1,1105920000,239456825.09217444
,,expert.layers.7.self_attn.q_proj,denoise,8,output,cross,linear,1465,66,720,960,70320000,281280000,8,4,0.5287486099260523,45619200,linear_role_derived_v1,1459814400,324192476.41091365
,,expert.layers.7.self_attn.q_proj,denoise,9,activation,cross,linear,1465,50,720,960,52740000,210960000,8,4,0.5349182641259006,34560000,linear_role_derived_v1,1105920000,239211625.19261062
,,expert.layers.7.self_attn.q_proj,denoise,9,output,cross,linear,1465,66,720,960,70320000,281280000,8,4,0.527337044937429,45619200,linear_role_derived_v1,1459814400,326137527.92324096
,,expert.layers.7.self_attn.k_proj,denoise,0,activation,cross,linear,1465,177,320,320,82977600,331910400,8,4,0.5319049418156225,18124800,linear_role_derived_v1,579993600,127084128.10495435
,,expert.layers.7.self_attn.k_proj,denoise,0,output,cross,linear,1465,177,320,320,82977600,331910400,8,4,0.5302248890061896,18124800,linear_role_derived_v1,579993600,127998007.43997179
,,expert.layers.7.self_attn.k_proj,denoise,1,activation,cross,linear,1465,177,320,320,82977600,331910400,8,4,0.5319049418156225,18124800,linear_role_derived_v1,579993600,127084128.10495435
,,expert.layers.7.self_attn.k_proj,denoise,1,output,cross,linear,1465,177,320,320,82977600,331910400,8,4,0.5302248890061896,18124800,linear_role_derived_v1,579993600,127998007.43997179
,,expert.layers.7.self_attn.k_proj,denoise,2,activation,cross,linear,1465,177,320,320,82977600,331910400,8,4,0.5319049418156225,18124800,linear_role_derived_v1,579993600,127084128.10495435
,,expert.layers.7.self_attn.k_proj,denoise,2,output,cross,linear,1465,177,320,320,82977600,331910400,8,4,0.5302248890061896,18124800,linear_role_derived_v1,579993600,127998007.43997179
,,expert.layers.7.self_attn.k_proj,denoise,3,activation,cross,linear,1465,177,320,320,82977600,331910400,8,4,0.5319049418156225,18124800,linear_role_derived_v1,579993600,127084128.10495435
,,expert.layers.7.self_attn.k_proj,denoise,3,output,cross,linear,1465,177,320,320,82977600,331910400,8,4,0.5302248890061896,18124800,linear_role_derived_v1,579993600,127998007.43997179
,,expert.layers.7.self_attn.k_proj,denoise,4,activation,cross,linear,1465,177,320,320,82977600,331910400,8,4,0.5319049418156225,18124800,linear_role_derived_v1,579993600,127084128.10495435
,,expert.layers.7.self_attn.k_proj,denoise,4,output,cross,linear,1465,177,320,320,82977600,331910400,8,4,0.5302248890061896,18124800,linear_role_derived_v1,579993600,127998007.43997179
,,expert.layers.7.self_attn.k_proj,denoise,5,activation,cross,linear,1465,177,320,320,82977600,331910400,8,4,0.5319049418156225,18124800,linear_role_derived_v1,579993600,127084128.10495435
,,expert.layers.7.self_attn.k_proj,denoise,5,output,cross,linear,1465,177,320,320,82977600,331910400,8,4,0.5302248890061896,18124800,linear_role_derived_v1,579993600,127998007.43997179
,,expert.layers.7.self_attn.k_proj,denoise,6,activation,cross,linear,1465,177,320,320,82977600,331910400,8,4,0.5319049418156225,18124800,linear_role_derived_v1,579993600,127084128.10495435
,,expert.layers.7.self_attn.k_proj,denoise,6,output,cross,linear,1465,177,320,320,82977600,331910400,8,4,0.5302248890061896,18124800,linear_role_derived_v1,579993600,127998007.43997179
,,expert.layers.7.self_attn.k_proj,denoise,7,activation,cross,linear,1465,177,320,320,82977600,331910400,8,4,0.5319049418156225,18124800,linear_role_derived_v1,579993600,127084128.10495435
,,expert.layers.7.self_attn.k_proj,denoise,7,output,cross,linear,1465,177,320,320,82977600,331910400,8,4,0.5302248890061896,18124800,linear_role_derived_v1,579993600,127998007.43997179
,,expert.layers.7.self_attn.k_proj,denoise,8,activation,cross,linear,1465,177,320,320,82977600,331910400,8,4,0.5319049418156225,18124800,linear_role_derived_v1,579993600,127084128.10495435
,,expert.layers.7.self_attn.k_proj,denoise,8,output,cross,linear,1465,177,320,320,82977600,331910400,8,4,0.5302248890061896,18124800,linear_role_derived_v1,579993600,127998007.43997179
,,expert.layers.7.self_attn.k_proj,denoise,9,activation,cross,linear,1465,177,320,320,82977600,331910400,8,4,0.5319049418156225,18124800,linear_role_derived_v1,579993600,127084128.10495435
,,expert.layers.7.self_attn.k_proj,denoise,9,output,cross,linear,1465,177,320,320,82977600,331910400,8,4,0.5302248890061896,18124800,linear_role_derived_v1,579993600,127998007.43997179
,,expert.layers.7.self_attn.v_proj,denoise,0,activation,cross,linear,1465,177,320,320,82977600,331910400,8,4,0.5273576302520199,18124800,linear_role_derived_v1,579993600,129565239.91379014
,,expert.layers.7.self_attn.v_proj,denoise,0,output,cross,linear,1465,177,320,320,82977600,331910400,8,4,0.5253855588737202,18124800,linear_role_derived_v1,579993600,130648701.6241009
,,expert.layers.7.self_attn.v_proj,denoise,1,activation,cross,linear,1465,177,320,320,82977600,331910400,8,4,0.5273576302520199,18124800,linear_role_derived_v1,579993600,129565239.91379014
,,expert.layers.7.self_attn.v_proj,denoise,1,output,cross,linear,1465,177,320,320,82977600,331910400,8,4,0.5253855588737202,18124800,linear_role_derived_v1,579993600,130648701.6241009
,,expert.layers.7.self_attn.v_proj,denoise,2,activation,cross,linear,1465,177,320,320,82977600,331910400,8,4,0.5273576302520199,18124800,linear_role_derived_v1,579993600,129565239.91379014
,,expert.layers.7.self_attn.v_proj,denoise,2,output,cross,linear,1465,177,320,320,82977600,331910400,8,4,0.5253855588737202,18124800,linear_role_derived_v1,579993600,130648701.6241009
,,expert.layers.7.self_attn.v_proj,denoise,3,activation,cross,linear,1465,177,320,320,82977600,331910400,8,4,0.5273576302520199,18124800,linear_role_derived_v1,579993600,129565239.91379014
,,expert.layers.7.self_attn.v_proj,denoise,3,output,cross,linear,1465,177,320,320,82977600,331910400,8,4,0.5253855588737202,18124800,linear_role_derived_v1,579993600,130648701.6241009
,,expert.layers.7.self_attn.v_proj,denoise,4,activation,cross,linear,1465,177,320,320,82977600,331910400,8,4,0.5273576302520199,18124800,linear_role_derived_v1,579993600,129565239.91379014
,,expert.layers.7.self_attn.v_proj,denoise,4,output,cross,linear,1465,177,320,320,82977600,331910400,8,4,0.5253855588737202,18124800,linear_role_derived_v1,579993600,130648701.6241009
,,expert.layers.7.self_attn.v_proj,denoise,5,activation,cross,linear,1465,177,320,320,82977600,331910400,8,4,0.5273576302520199,18124800,linear_role_derived_v1,579993600,129565239.91379014
,,expert.layers.7.self_attn.v_proj,denoise,5,output,cross,linear,1465,177,320,320,82977600,331910400,8,4,0.5253855588737202,18124800,linear_role_derived_v1,579993600,130648701.6241009
,,expert.layers.7.self_attn.v_proj,denoise,6,activation,cross,linear,1465,177,320,320,82977600,331910400,8,4,0.5273576302520199,18124800,linear_role_derived_v1,579993600,129565239.91379014
,,expert.layers.7.self_attn.v_proj,denoise,6,output,cross,linear,1465,177,320,320,82977600,331910400,8,4,0.5253855588737202,18124800,linear_role_derived_v1,579993600,130648701.6241009
,,expert.layers.7.self_attn.v_proj,denoise,7,activation,cross,linear,1465,177,320,320,82977600,331910400,8,4,0.5273576302520199,18124800,linear_role_derived_v1,579993600,129565239.91379014
,,expert.layers.7.self_attn.v_proj,denoise,7,output,cross,linear,1465,177,320,320,82977600,331910400,8,4,0.5253855588737202,18124800,linear_role_derived_v1,579993600,130648701.6241009
,,expert.layers.7.self_attn.v_proj,denoise,8,activation,cross,linear,1465,177,320,320,82977600,331910400,8,4,0.5273576302520199,18124800,linear_role_derived_v1,579993600,129565239.91379014
,,expert.layers.7.self_attn.v_proj,denoise,8,output,cross,linear,1465,177,320,320,82977600,331910400,8,4,0.5253855588737202,18124800,linear_role_derived_v1,579993600,130648701.6241009
,,expert.layers.7.self_attn.v_proj,denoise,9,activation,cross,linear,1465,177,320,320,82977600,331910400,8,4,0.5273576302520199,18124800,linear_role_derived_v1,579993600,129565239.91379014
,,expert.layers.7.self_attn.v_proj,denoise,9,output,cross,linear,1465,177,320,320,82977600,331910400,8,4,0.5253855588737202,18124800,linear_role_derived_v1,579993600,130648701.6241009
,,expert.layers.7.self_attn.o_proj,denoise,0,activation,unknown,linear,1465,50,960,720,70320000,281280000,8,4,0.5259545684015927,34560000,linear_role_derived_v1,1105920000,248521315.24287066
,,expert.layers.7.self_attn.o_proj,denoise,0,output,unknown,linear,1465,37,960,720,52740000,210960000,8,4,0.5270851251422071,25574400,linear_role_derived_v1,818380800,183029621.04967183
,,expert.layers.7.self_attn.o_proj,denoise,1,activation,unknown,linear,1465,50,960,720,70320000,281280000,8,4,0.5258591723549488,34560000,linear_role_derived_v1,1105920000,248621349.26861194
,,expert.layers.7.self_attn.o_proj,denoise,1,output,unknown,linear,1465,37,960,720,52740000,210960000,8,4,0.5270660030337505,25574400,linear_role_derived_v1,818380800,183044422.79607174
,,expert.layers.7.self_attn.o_proj,denoise,2,activation,unknown,linear,1465,50,960,720,70320000,281280000,8,4,0.5257331306882821,34560000,linear_role_derived_v1,1105920000,248753549.71430624
,,expert.layers.7.self_attn.o_proj,denoise,2,output,unknown,linear,1465,37,960,720,52740000,210960000,8,4,0.5270193638604475,25574400,linear_role_derived_v1,818380800,183080527.03708187
,,expert.layers.7.self_attn.o_proj,denoise,3,activation,unknown,linear,1465,50,960,720,70320000,281280000,8,4,0.5257303078782708,34560000,linear_role_derived_v1,1105920000,248756510.857686
,,expert.layers.7.self_attn.o_proj,denoise,3,output,unknown,linear,1465,37,960,720,52740000,210960000,8,4,0.5270339211224877,25574400,linear_role_derived_v1,818380800,183069257.61085472
,,expert.layers.7.self_attn.o_proj,denoise,4,activation,unknown,linear,1465,50,960,720,70320000,281280000,8,4,0.5256413680318544,34560000,linear_role_derived_v1,1105920000,248849818.27635804
,,expert.layers.7.self_attn.o_proj,denoise,4,output,unknown,linear,1465,37,960,720,52740000,210960000,8,4,0.5270020951839212,25574400,linear_role_derived_v1,818380800,183093895.94004682
,,expert.layers.7.self_attn.o_proj,denoise,5,activation,unknown,linear,1465,50,960,720,70320000,281280000,8,4,0.5256448876564278,34560000,linear_role_derived_v1,1105920000,248846125.48096165
,,expert.layers.7.self_attn.o_proj,denoise,5,output,unknown,linear,1465,37,960,720,52740000,210960000,8,4,0.5269497724687144,25574400,linear_role_derived_v1,818380800,183134405.6316999
,,expert.layers.7.self_attn.o_proj,denoise,6,activation,unknown,linear,1465,50,960,720,70320000,281280000,8,4,0.5257374431171786,34560000,linear_role_derived_v1,1105920000,248749025.9864718
,,expert.layers.7.self_attn.o_proj,denoise,6,output,unknown,linear,1465,37,960,720,52740000,210960000,8,4,0.5269323284034888,25574400,linear_role_derived_v1,818380800,183147912.3049143
,,expert.layers.7.self_attn.o_proj,denoise,7,activation,unknown,linear,1465,50,960,720,70320000,281280000,8,4,0.5257129657281001,34560000,linear_role_derived_v1,1105920000,248774703.2562781
,,expert.layers.7.self_attn.o_proj,denoise,7,output,unknown,linear,1465,37,960,720,52740000,210960000,8,4,0.526854304133485,25574400,linear_role_derived_v1,818380800,183208331.4012092
,,expert.layers.7.self_attn.o_proj,denoise,8,activation,unknown,linear,1465,50,960,720,70320000,281280000,8,4,0.5256890073947668,34560000,linear_role_derived_v1,1105920000,248799837.30959824
,,expert.layers.7.self_attn.o_proj,denoise,8,output,unknown,linear,1465,37,960,720,52740000,210960000,8,4,0.5268656712172923,25574400,linear_role_derived_v1,818380800,183199528.53368068
,,expert.layers.7.self_attn.o_proj,denoise,9,activation,unknown,linear,1465,50,960,720,70320000,281280000,8,4,0.5257652694823663,34560000,linear_role_derived_v1,1105920000,248719837.18345034
,,expert.layers.7.self_attn.o_proj,denoise,9,output,unknown,linear,1465,37,960,720,52740000,210960000,8,4,0.5267302142586272,25574400,linear_role_derived_v1,818380800,183304442.5159387
,,expert.layers.7.mlp.gate_proj,denoise,0,activation,unknown,linear,1465,50,720,2048,52740000,210960000,8,4,0.5364965111869548,73728000,linear_role_derived_v1,2359296000,506860498.3939648
,,expert.layers.7.mlp.gate_proj,denoise,0,output,unknown,linear,1465,142,720,2048,150016000,600064000,8,4,0.5178124316739547,209387520,linear_role_derived_v1,6700400640,1557875652.7663605
,,expert.layers.7.mlp.gate_proj,denoise,1,activation,unknown,linear,1465,50,720,2048,52740000,210960000,8,4,0.5364517444065225,73728000,linear_role_derived_v1,2359296000,506958411.8248382
,,expert.layers.7.mlp.gate_proj,denoise,1,output,unknown,linear,1465,142,720,2048,150016000,600064000,8,4,0.5161462144037969,209387520,linear_role_derived_v1,6700400640,1568660850.7273076
,,expert.layers.7.mlp.gate_proj,denoise,2,activation,unknown,linear,1465,50,720,2048,52740000,210960000,8,4,0.5360741989002654,73728000,linear_role_derived_v1,2359296000,507784551.55258805
,,expert.layers.7.mlp.gate_proj,denoise,2,output,unknown,linear,1465,142,720,2048,150016000,600064000,8,4,0.5142109458324445,209387520,linear_role_derived_v1,6700400640,1581234281.9346573
,,expert.layers.7.mlp.gate_proj,denoise,3,activation,unknown,linear,1465,50,720,2048,52740000,210960000,8,4,0.5357062950322335,73728000,linear_role_derived_v1,2359296000,508590240.62985224
,,expert.layers.7.mlp.gate_proj,denoise,3,output,unknown,linear,1465,142,720,2048,150016000,600064000,8,4,0.512328921581698,209387520,linear_role_derived_v1,6700400640,1593509922.3010488
,,expert.layers.7.mlp.gate_proj,denoise,4,activation,unknown,linear,1465,50,720,2048,52740000,210960000,8,4,0.53547479616989,73728000,linear_role_derived_v1,2359296000,509097537.684281
,,expert.layers.7.mlp.gate_proj,denoise,4,output,unknown,linear,1465,142,720,2048,150016000,600064000,8,4,0.5106899464057167,209387520,linear_role_derived_v1,6700400640,1604238924.23754
,,expert.layers.7.mlp.gate_proj,denoise,5,activation,unknown,linear,1465,50,720,2048,52740000,210960000,8,4,0.5351908229048161,73728000,linear_role_derived_v1,2359296000,509720170.3340259
,,expert.layers.7.mlp.gate_proj,denoise,5,output,unknown,linear,1465,142,720,2048,150016000,600064000,8,4,0.5091833687739974,209387520,linear_role_derived_v1,6700400640,1614132983.3326933
,,expert.layers.7.mlp.gate_proj,denoise,6,activation,unknown,linear,1465,50,720,2048,52740000,210960000,8,4,0.5347769103147516,73728000,linear_role_derived_v1,2359296000,510628386.1997251
,,expert.layers.7.mlp.gate_proj,denoise,6,output,unknown,linear,1465,142,720,2048,150016000,600064000,8,4,0.5081721016424915,209387520,linear_role_derived_v1,6700400640,1620791279.4237542
,,expert.layers.7.mlp.gate_proj,denoise,7,activation,unknown,linear,1465,50,720,2048,52740000,210960000,8,4,0.5344191837315131,73728000,linear_role_derived_v1,2359296000,511413968.7767441
,,expert.layers.7.mlp.gate_proj,denoise,7,output,unknown,linear,1465,142,720,2048,150016000,600064000,8,4,0.5077004452858361,209387520,linear_role_derived_v1,6700400640,1623901404.1811125
,,expert.layers.7.mlp.gate_proj,denoise,8,activation,unknown,linear,1465,50,720,2048,52740000,210960000,8,4,0.5342763367463026,73728000,linear_role_derived_v1,2359296000,511727835.44860417
,,expert.layers.7.mlp.gate_proj,denoise,8,output,unknown,linear,1465,142,720,2048,150016000,600064000,8,4,0.5077929970803114,209387520,linear_role_derived_v1,6700400640,1623290878.0901604
,,expert.layers.7.mlp.gate_proj,denoise,9,activation,unknown,linear,1465,50,720,2048,52740000,210960000,8,4,0.5344824658703071,73728000,linear_role_derived_v1,2359296000,511274954.585462
,,expert.layers.7.mlp.gate_proj,denoise,9,output,unknown,linear,1465,142,720,2048,150016000,600064000,8,4,0.5089050501279864,209387520,linear_role_derived_v1,6700400640,1615964097.6430662
,,expert.layers.7.mlp.up_proj,denoise,0,activation,unknown,linear,1465,50,720,2048,52740000,210960000,8,4,0.5364965111869548,73728000,linear_role_derived_v1,2359296000,506860498.3939648
,,expert.layers.7.mlp.up_proj,denoise,0,output,unknown,linear,1465,142,720,2048,150016000,600064000,8,4,0.5287725059327005,209387520,linear_role_derived_v1,6700400640,1487859817.061034
,,expert.layers.7.mlp.up_proj,denoise,1,activation,unknown,linear,1465,50,720,2048,52740000,210960000,8,4,0.5364517444065225,73728000,linear_role_derived_v1,2359296000,506958411.8248382
,,expert.layers.7.mlp.up_proj,denoise,1,output,unknown,linear,1465,142,720,2048,150016000,600064000,8,4,0.5288862771304395,209387520,linear_role_derived_v1,6700400640,1487141458.4720745
,,expert.layers.7.mlp.up_proj,denoise,2,activation,unknown,linear,1465,50,720,2048,52740000,210960000,8,4,0.5360741989002654,73728000,linear_role_derived_v1,2359296000,507784551.55258805
,,expert.layers.7.mlp.up_proj,denoise,2,output,unknown,linear,1465,142,720,2048,150016000,600064000,8,4,0.5290171881665956,209387520,linear_role_derived_v1,6700400640,1486315092.476245
,,expert.layers.7.mlp.up_proj,denoise,3,activation,unknown,linear,1465,50,720,2048,52740000,210960000,8,4,0.5357062950322335,73728000,linear_role_derived_v1,2359296000,508590240.62985224
,,expert.layers.7.mlp.up_proj,denoise,3,output,unknown,linear,1465,142,720,2048,150016000,600064000,8,4,0.5291113847856229,209387520,linear_role_derived_v1,6700400640,1485720625.5343132
,,expert.layers.7.mlp.up_proj,denoise,4,activation,unknown,linear,1465,50,720,2048,52740000,210960000,8,4,0.53547479616989,73728000,linear_role_derived_v1,2359296000,509097537.684281
,,expert.layers.7.mlp.up_proj,denoise,4,output,unknown,linear,1465,142,720,2048,150016000,600064000,8,4,0.5292795885105589,209387520,linear_role_derived_v1,6700400640,1484659401.7037334
,,expert.layers.7.mlp.up_proj,denoise,5,activation,unknown,linear,1465,50,720,2048,52740000,210960000,8,4,0.5351908229048161,73728000,linear_role_derived_v1,2359296000,509720170.3340259
,,expert.layers.7.mlp.up_proj,denoise,5,output,unknown,linear,1465,142,720,2048,150016000,600064000,8,4,0.5293717736774745,209387520,linear_role_derived_v1,6700400640,1484077951.7821167
,,expert.layers.7.mlp.up_proj,denoise,6,activation,unknown,linear,1465,50,720,2048,52740000,210960000,8,4,0.5347769103147516,73728000,linear_role_derived_v1,2359296000,510628386.1997251
,,expert.layers.7.mlp.up_proj,denoise,6,output,unknown,linear,1465,142,720,2048,150016000,600064000,8,4,0.5295119503919582,209387520,linear_role_derived_v1,6700400640,1483194017.5923533
,,expert.layers.7.mlp.up_proj,denoise,7,activation,unknown,linear,1465,50,720,2048,52740000,210960000,8,4,0.5344191837315131,73728000,linear_role_derived_v1,2359296000,511413968.7767441
,,expert.layers.7.mlp.up_proj,denoise,7,output,unknown,linear,1465,142,720,2048,150016000,600064000,8,4,0.5296461294128626,209387520,linear_role_derived_v1,6700400640,1482348150.6556199
,,expert.layers.7.mlp.up_proj,denoise,8,activation,unknown,linear,1465,50,720,2048,52740000,210960000,8,4,0.5342763367463026,73728000,linear_role_derived_v1,2359296000,511727835.44860417
,,expert.layers.7.mlp.up_proj,denoise,8,output,unknown,linear,1465,142,720,2048,150016000,600064000,8,4,0.5298196359055034,209387520,linear_role_derived_v1,6700400640,1481254720.3406634
,,expert.layers.7.mlp.up_proj,denoise,9,activation,unknown,linear,1465,50,720,2048,52740000,210960000,8,4,0.5344824658703071,73728000,linear_role_derived_v1,2359296000,511274954.585462
,,expert.layers.7.mlp.up_proj,denoise,9,output,unknown,linear,1465,142,720,2048,150016000,600064000,8,4,0.5297593873320179,209387520,linear_role_derived_v1,6700400640,1481634358.490117
,,expert.layers.7.mlp.down_proj,denoise,0,activation,unknown,linear,1465,50,2048,720,150016000,600064000,8,4,0.5379284109694966,73728000,linear_role_derived_v1,2359296000,503733650.8504656
,,expert.layers.7.mlp.down_proj,denoise,0,output,unknown,linear,1465,17,2048,720,52740000,210960000,8,4,0.5261684158134243,25067520,linear_role_derived_v1,802160640,180098195.18825802
,,expert.layers.7.mlp.down_proj,denoise,1,activation,unknown,linear,1465,50,2048,720,150016000,600064000,8,4,0.5380210994160622,73728000,linear_role_derived_v1,2359296000,503531579.9687679
,,expert.layers.7.mlp.down_proj,denoise,1,output,unknown,linear,1465,17,2048,720,52740000,210960000,8,4,0.5263580536594615,25067520,linear_role_derived_v1,802160640,179954065.49968636
,,expert.layers.7.mlp.down_proj,denoise,2,activation,unknown,linear,1465,50,2048,720,150016000,600064000,8,4,0.5380822612254693,73728000,linear_role_derived_v1,2359296000,503398262.7810325
,,expert.layers.7.mlp.down_proj,denoise,2,output,unknown,linear,1465,17,2048,720,52740000,210960000,8,4,0.5263993126659082,25067520,linear_role_derived_v1,802160640,179922715.224984
,,expert.layers.7.mlp.down_proj,denoise,3,activation,unknown,linear,1465,50,2048,720,150016000,600064000,8,4,0.538141133279117,73728000,linear_role_derived_v1,2359296000,503269953.3507391
,,expert.layers.7.mlp.down_proj,denoise,3,output,unknown,linear,1465,17,2048,720,52740000,210960000,8,4,0.5264835608646189,25067520,linear_role_derived_v1,802160640,179858708.4917284
,,expert.layers.7.mlp.down_proj,denoise,4,activation,unknown,linear,1465,50,2048,720,150016000,600064000,8,4,0.5382096143078071,73728000,linear_role_derived_v1,2359296000,503120722.0962128
,,expert.layers.7.mlp.down_proj,denoise,4,output,unknown,linear,1465,17,2048,720,52740000,210960000,8,4,0.5263963879408419,25067520,linear_role_derived_v1,802160640,179924937.46035716
,,expert.layers.7.mlp.down_proj,denoise,5,activation,unknown,linear,1465,50,2048,720,150016000,600064000,8,4,0.53833476262532,73728000,linear_role_derived_v1,2359296000,502848060.81137264
,,expert.layers.7.mlp.down_proj,denoise,5,output,unknown,linear,1465,17,2048,720,52740000,210960000,8,4,0.5262644814182783,25067520,linear_role_derived_v1,802160640,180025175.62271515
,,expert.layers.7.mlp.down_proj,denoise,6,activation,unknown,linear,1465,50,2048,720,150016000,600064000,8,4,0.5384128526290529,73728000,linear_role_derived_v1,2359296000,502677963.1615832
,,expert.layers.7.mlp.down_proj,denoise,6,output,unknown,linear,1465,17,2048,720,52740000,210960000,8,4,0.5263401497914296,25067520,linear_role_derived_v1,802160640,179967670.43801376
,,expert.layers.7.mlp.down_proj,denoise,7,activation,unknown,linear,1465,50,2048,720,150016000,600064000,8,4,0.5383160146251067,73728000,linear_role_derived_v1,2359296000,502888902.46982586
,,expert.layers.7.mlp.down_proj,denoise,7,output,unknown,linear,1465,17,2048,720,52740000,210960000,8,4,0.5262322098976109,25067520,linear_role_derived_v1,802160640,180049703.58749643
,,expert.layers.7.mlp.down_proj,denoise,8,activation,unknown,linear,1465,50,2048,720,150016000,600064000,8,4,0.5380090523677474,73728000,linear_role_derived_v1,2359296000,503557841.5506576
,,expert.layers.7.mlp.down_proj,denoise,8,output,unknown,linear,1465,17,2048,720,52740000,210960000,8,4,0.5263558304891922,25067520,linear_role_derived_v1,802160640,179955754.83261085
,,expert.layers.7.mlp.down_proj,denoise,9,activation,unknown,linear,1465,50,2048,720,150016000,600064000,8,4,0.5374614207817833,73728000,linear_role_derived_v1,2359296000,504752356.8220527
,,expert.layers.7.mlp.down_proj,denoise,9,output,unknown,linear,1465,17,2048,720,52740000,210960000,8,4,0.5262680128934395,25067520,linear_role_derived_v1,802160640,180022491.62693465
,,expert.layers.8.self_attn.q_proj,denoise,0,activation,self,linear,1465,50,720,960,52740000,210960000,8,4,0.5363588168373151,34560000,linear_role_derived_v1,1105920000,237732043.22555274
,,expert.layers.8.self_attn.q_proj,denoise,0,output,self,linear,1465,66,720,960,70320000,281280000,8,4,0.5284082266780432,45619200,linear_role_derived_v1,1459814400,324660971.7534205
,,expert.layers.8.self_attn.q_proj,denoise,1,activation,self,linear,1465,50,720,960,52740000,210960000,8,4,0.5364369406522563,34560000,linear_role_derived_v1,1105920000,237651933.99417537
,,expert.layers.8.self_attn.q_proj,denoise,1,output,self,linear,1465,66,720,960,70320000,281280000,8,4,0.5282752204209329,45619200,linear_role_derived_v1,1459814400,324844130.29254305
,,expert.layers.8.self_attn.q_proj,denoise,2,activation,self,linear,1465,50,720,960,52740000,210960000,8,4,0.535959262419416,34560000,linear_role_derived_v1,1105920000,238141962.88008085
,,expert.layers.8.self_attn.q_proj,denoise,2,output,self,linear,1465,66,720,960,70320000,281280000,8,4,0.5280801976678043,45619200,linear_role_derived_v1,1459814400,325112783.09610856
,,expert.layers.8.self_attn.q_proj,denoise,3,activation,self,linear,1465,50,720,960,52740000,210960000,8,4,0.5356411120591581,34560000,linear_role_derived_v1,1105920000,238468619.21733406
,,expert.layers.8.self_attn.q_proj,denoise,3,output,self,linear,1465,66,720,960,70320000,281280000,8,4,0.5278808767064846,45619200,linear_role_derived_v1,1459814400,325387471.6217817
,,expert.layers.8.self_attn.q_proj,denoise,4,activation,self,linear,1465,50,720,960,52740000,210960000,8,4,0.5352966439135382,34560000,linear_role_derived_v1,1105920000,238822549.39203855
,,expert.layers.8.self_attn.q_proj,denoise,4,output,self,linear,1465,66,720,960,70320000,281280000,8,4,0.5276484961604095,45619200,linear_role_derived_v1,1459814400,325707866.7230489
,,expert.layers.8.self_attn.q_proj,denoise,5,activation,self,linear,1465,50,720,960,52740000,210960000,8,4,0.5350138083048919,34560000,linear_role_derived_v1,1105920000,239113350.29195717
,,expert.layers.8.self_attn.q_proj,denoise,5,output,self,linear,1465,66,720,960,70320000,281280000,8,4,0.5273387976393629,45619200,linear_role_derived_v1,1459814400,326135109.19839716
,,expert.layers.8.self_attn.q_proj,denoise,6,activation,self,linear,1465,50,720,960,52740000,210960000,8,4,0.5345639457717103,34560000,linear_role_derived_v1,1105920000,239576246.49896693
,,expert.layers.8.self_attn.q_proj,denoise,6,output,self,linear,1465,66,720,960,70320000,281280000,8,4,0.5270233041808874,45619200,linear_role_derived_v1,1459814400,326570633.9796208
,,expert.layers.8.self_attn.q_proj,denoise,7,activation,self,linear,1465,50,720,960,52740000,210960000,8,4,0.5342305365946151,34560000,linear_role_derived_v1,1105920000,239919604.20783663
,,expert.layers.8.self_attn.q_proj,denoise,7,output,self,linear,1465,66,720,960,70320000,281280000,8,4,0.5269314384243459,45619200,linear_role_derived_v1,1459814400,326697505.227688
,,expert.layers.8.self_attn.q_proj,denoise,8,activation,self,linear,1465,50,720,960,52740000,210960000,8,4,0.5339548397800531,34560000,linear_role_derived_v1,1105920000,240203713.20175704
,,expert.layers.8.self_attn.q_proj,denoise,8,output,self,linear,1465,66,720,960,70320000,281280000,8,4,0.5265196103526735,45619200,linear_role_derived_v1,1459814400,327266563.4047598
,,expert.layers.8.self_attn.q_proj,denoise,9,activation,self,linear,1465,50,720,960,52740000,210960000,8,4,0.534147212741752,34560000,linear_role_derived_v1,1105920000,240005452.74673226
,,expert.layers.8.self_attn.q_proj,denoise,9,output,self,linear,1465,66,720,960,70320000,281280000,8,4,0.526093042519909,45619200,linear_role_derived_v1,1459814400,327856510.8516467
,,expert.layers.8.self_attn.k_proj,denoise,0,activation,self,linear,1465,50,720,320,52740000,210960000,8,4,0.5363588168373151,11520000,linear_role_derived_v1,368640000,79244014.40851758
,,expert.layers.8.self_attn.k_proj,denoise,0,output,self,linear,1465,22,720,320,23440000,93760000,8,4,0.5231065593003413,5068800,linear_role_derived_v1,162201600,36889080.667264655
,,expert.layers.8.self_attn.k_proj,denoise,1,activation,self,linear,1465,50,720,320,52740000,210960000,8,4,0.5364369406522563,11520000,linear_role_derived_v1,368640000,79217311.33139178
,,expert.layers.8.self_attn.k_proj,denoise,1,output,self,linear,1465,22,720,320,23440000,93760000,8,4,0.5227005759385666,5068800,linear_role_derived_v1,162201600,36951915.36554513
,,expert.layers.8.self_attn.k_proj,denoise,2,activation,self,linear,1465,50,720,320,52740000,210960000,8,4,0.535959262419416,11520000,linear_role_derived_v1,368640000,79380654.2933603
,,expert.layers.8.self_attn.k_proj,denoise,2,output,self,linear,1465,22,720,320,23440000,93760000,8,4,0.5222971736348123,5068800,linear_role_derived_v1,162201600,37014403.54944873
,,expert.layers.8.self_attn.k_proj,denoise,3,activation,self,linear,1465,50,720,320,52740000,210960000,8,4,0.5356411120591581,11520000,linear_role_derived_v1,368640000,79489539.73911135
,,expert.layers.8.self_attn.k_proj,denoise,3,output,self,linear,1465,22,720,320,23440000,93760000,8,4,0.522039633105802,5068800,linear_role_derived_v1,162201600,37054324.93234912
,,expert.layers.8.self_attn.k_proj,denoise,4,activation,self,linear,1465,50,720,320,52740000,210960000,8,4,0.5352966439135382,11520000,linear_role_derived_v1,368640000,79607516.46401285
,,expert.layers.8.self_attn.k_proj,denoise,4,output,self,linear,1465,22,720,320,23440000,93760000,8,4,0.5216940806313993,5068800,linear_role_derived_v1,162201600,37107922.85847747
,,expert.layers.8.self_attn.k_proj,denoise,5,activation,self,linear,1465,50,720,320,52740000,210960000,8,4,0.5350138083048919,11520000,linear_role_derived_v1,368640000,79704450.09731907
,,expert.layers.8.self_attn.k_proj,denoise,5,output,self,linear,1465,22,720,320,23440000,93760000,8,4,0.5213277090443686,5068800,linear_role_derived_v1,162201600,37164792.30073659
,,expert.layers.8.self_attn.k_proj,denoise,6,activation,self,linear,1465,50,720,320,52740000,210960000,8,4,0.5345639457717103,11520000,linear_role_derived_v1,368640000,79858748.83298898
,,expert.layers.8.self_attn.k_proj,denoise,6,output,self,linear,1465,22,720,320,23440000,93760000,8,4,0.5209699445392492,5068800,linear_role_derived_v1,162201600,37220367.74410366
,,expert.layers.8.self_attn.k_proj,denoise,7,activation,self,linear,1465,50,720,320,52740000,210960000,8,4,0.5342305365946151,11520000,linear_role_derived_v1,368640000,79973201.40261221
,,expert.layers.8.self_attn.k_proj,denoise,7,output,self,linear,1465,22,720,320,23440000,93760000,8,4,0.5204860388225256,5068800,linear_role_derived_v1,162201600,37295604.13380137
,,expert.layers.8.self_attn.k_proj,denoise,8,activation,self,linear,1465,50,720,320,52740000,210960000,8,4,0.5339548397800531,11520000,linear_role_derived_v1,368640000,80067904.40058568
,,expert.layers.8.self_attn.k_proj,denoise,8,output,self,linear,1465,22,720,320,23440000,93760000,8,4,0.5199950085324232,5068800,linear_role_derived_v1,162201600,37372025.88310743
,,expert.layers.8.self_attn.k_proj,denoise,9,activation,self,linear,1465,50,720,320,52740000,210960000,8,4,0.534147212741752,11520000,linear_role_derived_v1,368640000,80001817.58224408
,,expert.layers.8.self_attn.k_proj,denoise,9,output,self,linear,1465,22,720,320,23440000,93760000,8,4,0.5188940273037542,5068800,linear_role_derived_v1,162201600,37543661.96029207
,,expert.layers.8.self_attn.v_proj,denoise,0,activation,self,linear,1465,50,720,320,52740000,210960000,8,4,0.5363588168373151,11520000,linear_role_derived_v1,368640000,79244014.40851758
,,expert.layers.8.self_attn.v_proj,denoise,0,output,self,linear,1465,22,720,320,23440000,93760000,8,4,0.5253393664675768,5068800,linear_role_derived_v1,162201600,36544461.18586734
,,expert.layers.8.self_attn.v_proj,denoise,1,activation,self,linear,1465,50,720,320,52740000,210960000,8,4,0.5364369406522563,11520000,linear_role_derived_v1,368640000,79217311.33139178
,,expert.layers.8.self_attn.v_proj,denoise,1,output,self,linear,1465,22,720,320,23440000,93760000,8,4,0.5251982935153584,5068800,linear_role_derived_v1,162201600,36566187.02863081
,,expert.layers.8.self_attn.v_proj,denoise,2,activation,self,linear,1465,50,720,320,52740000,210960000,8,4,0.535959262419416,11520000,linear_role_derived_v1,368640000,79380654.2933603
,,expert.layers.8.self_attn.v_proj,denoise,2,output,self,linear,1465,22,720,320,23440000,93760000,8,4,0.5251725255972697,5068800,linear_role_derived_v1,162201600,36570156.09642169
,,expert.layers.8.self_attn.v_proj,denoise,3,activation,self,linear,1465,50,720,320,52740000,210960000,8,4,0.5356411120591581,11520000,linear_role_derived_v1,368640000,79489539.73911135
,,expert.layers.8.self_attn.v_proj,denoise,3,output,self,linear,1465,22,720,320,23440000,93760000,8,4,0.524762574658703,5068800,linear_role_derived_v1,162201600,36633330.37515974
,,expert.layers.8.self_attn.v_proj,denoise,4,activation,self,linear,1465,50,720,320,52740000,210960000,8,4,0.5352966439135382,11520000,linear_role_derived_v1,368640000,79607516.46401285
,,expert.layers.8.self_attn.v_proj,denoise,4,output,self,linear,1465,22,720,320,23440000,93760000,8,4,0.5243064313139931,5068800,linear_role_derived_v1,162201600,36703687.07810696
,,expert.layers.8.self_attn.v_proj,denoise,5,activation,self,linear,1465,50,720,320,52740000,210960000,8,4,0.5350138083048919,11520000,linear_role_derived_v1,368640000,79704450.09731907
,,expert.layers.8.self_attn.v_proj,denoise,5,output,self,linear,1465,22,720,320,23440000,93760000,8,4,0.5238860814846417,5068800,linear_role_derived_v1,162201600,36768582.659278244
,,expert.layers.8.self_attn.v_proj,denoise,6,activation,self,linear,1465,50,720,320,52740000,210960000,8,4,0.5345639457717103,11520000,linear_role_derived_v1,368640000,79858748.83298898
,,expert.layers.8.self_attn.v_proj,denoise,6,output,self,linear,1465,22,720,320,23440000,93760000,8,4,0.5234980482081911,5068800,linear_role_derived_v1,162201600,36828539.93853572
,,expert.layers.8.self_attn.v_proj,denoise,7,activation,self,linear,1465,50,720,320,52740000,210960000,8,4,0.5342305365946151,11520000,linear_role_derived_v1,368640000,79973201.40261221
,,expert.layers.8.self_attn.v_proj,denoise,7,output,self,linear,1465,22,720,320,23440000,93760000,8,4,0.5228390678327645,5068800,linear_role_derived_v1,162201600,36930474.74337188
,,expert.layers.8.self_attn.v_proj,denoise,8,activation,self,linear,1465,50,720,320,52740000,210960000,8,4,0.5339548397800531,11520000,linear_role_derived_v1,368640000,80067904.40058568
,,expert.layers.8.self_attn.v_proj,denoise,8,output,self,linear,1465,22,720,320,23440000,93760000,8,4,0.5225661049488055,5068800,linear_role_derived_v1,162201600,36972739.44511569
,,expert.layers.8.self_attn.v_proj,denoise,9,activation,self,linear,1465,50,720,320,52740000,210960000,8,4,0.534147212741752,11520000,linear_role_derived_v1,368640000,80001817.58224408
,,expert.layers.8.self_attn.v_proj,denoise,9,output,self,linear,1465,22,720,320,23440000,93760000,8,4,0.522725010665529,5068800,linear_role_derived_v1,162201600,36948132.051317096
,,expert.layers.8.self_attn.o_proj,denoise,0,activation,unknown,linear,1465,50,960,720,70320000,281280000,8,4,0.5303661156143344,34560000,linear_role_derived_v1,1105920000,243917275.33283553
,,expert.layers.8.self_attn.o_proj,denoise,0,output,unknown,linear,1465,37,960,720,52740000,210960000,8,4,0.5276892491467576,25574400,linear_role_derived_v1,818380800,182562298.2051283
,,expert.layers.8.self_attn.o_proj,denoise,1,activation,unknown,linear,1465,50,960,720,70320000,281280000,8,4,0.5302088132821388,34560000,linear_role_derived_v1,1105920000,244080701.28353122
,,expert.layers.8.self_attn.o_proj,denoise,1,output,unknown,linear,1465,37,960,720,52740000,210960000,8,4,0.5277054986727342,25574400,linear_role_derived_v1,818380800,182549736.56103873
,,expert.layers.8.self_attn.o_proj,denoise,2,activation,unknown,linear,1465,50,960,720,70320000,281280000,8,4,0.5300526841581342,34560000,linear_role_derived_v1,1105920000,244242962.47330028
,,expert.layers.8.self_attn.o_proj,denoise,2,output,unknown,linear,1465,37,960,720,52740000,210960000,8,4,0.5276411831626848,25574400,linear_role_derived_v1,818380800,182599457.99033186
,,expert.layers.8.self_attn.o_proj,denoise,3,activation,unknown,linear,1465,50,960,720,70320000,281280000,8,4,0.5296012407565415,34560000,linear_role_derived_v1,1105920000,244712439.92433468
,,expert.layers.8.self_attn.o_proj,denoise,3,output,unknown,linear,1465,37,960,720,52740000,210960000,8,4,0.527715533750474,25574400,linear_role_derived_v1,818380800,182541979.1921472
,,expert.layers.8.self_attn.o_proj,denoise,4,activation,unknown,linear,1465,50,960,720,70320000,281280000,8,4,0.5291757750284414,34560000,linear_role_derived_v1,1105920000,245155314.57093054
,,expert.layers.8.self_attn.o_proj,denoise,4,output,unknown,linear,1465,37,960,720,52740000,210960000,8,4,0.5276299867273416,25574400,linear_role_derived_v1,818380800,182608114.49120542
,,expert.layers.8.self_attn.o_proj,denoise,5,activation,unknown,linear,1465,50,960,720,70320000,281280000,8,4,0.5287001848691695,34560000,linear_role_derived_v1,1105920000,245650838.52978528
,,expert.layers.8.self_attn.o_proj,denoise,5,output,unknown,linear,1465,37,960,720,52740000,210960000,8,4,0.5274458285930982,25574400,linear_role_derived_v1,818380800,182750525.41472724
,,expert.layers.8.self_attn.o_proj,denoise,6,activation,unknown,linear,1465,50,960,720,70320000,281280000,8,4,0.5284837137372014,34560000,linear_role_derived_v1,1105920000,245876548.4727771
,,expert.layers.8.self_attn.o_proj,denoise,6,output,unknown,linear,1465,37,960,720,52740000,210960000,8,4,0.5273721368979901,25574400,linear_role_derived_v1,818380800,182807527.32847458
,,expert.layers.8.self_attn.o_proj,denoise,7,activation,unknown,linear,1465,50,960,720,70320000,281280000,8,4,0.5280857721843003,34560000,linear_role_derived_v1,1105920000,246291744.24379304
,,expert.layers.8.self_attn.o_proj,denoise,7,output,unknown,linear,1465,37,960,720,52740000,210960000,8,4,0.5273730612438376,25574400,linear_role_derived_v1,818380800,182806812.2745104
,,expert.layers.8.self_attn.o_proj,denoise,8,activation,unknown,linear,1465,50,960,720,70320000,281280000,8,4,0.5279719141069397,34560000,linear_role_derived_v1,1105920000,246410603.50117442
,,expert.layers.8.self_attn.o_proj,denoise,8,output,unknown,linear,1465,37,960,720,52740000,210960000,8,4,0.5273934347743648,25574400,linear_role_derived_v1,818380800,182791052.106857
,,expert.layers.8.self_attn.o_proj,denoise,9,activation,unknown,linear,1465,50,960,720,70320000,281280000,8,4,0.5280123151308305,34560000,linear_role_derived_v1,1105920000,246368424.59300983
,,expert.layers.8.self_attn.o_proj,denoise,9,output,unknown,linear,1465,37,960,720,52740000,210960000,8,4,0.5274495686386045,25574400,linear_role_derived_v1,818380800,182747632.6561064
,,expert.layers.8.mlp.gate_proj,denoise,0,activation,unknown,linear,1465,50,720,2048,52740000,210960000,8,4,0.5366897800530906,73728000,linear_role_derived_v1,2359296000,506437891.3037436
,,expert.layers.8.mlp.gate_proj,denoise,0,output,unknown,linear,1465,142,720,2048,150016000,600064000,8,4,0.5196181907263225,209387520,linear_role_derived_v1,6700400640,1546229228.3267965
,,expert.layers.8.mlp.gate_proj,denoise,1,activation,unknown,linear,1465,50,720,2048,52740000,210960000,8,4,0.5367534129692833,73728000,linear_role_derived_v1,2359296000,506298788.363755
,,expert.layers.8.mlp.gate_proj,denoise,1,output,unknown,linear,1465,142,720,2048,150016000,600064000,8,4,0.5175161099482721,209387520,linear_role_derived_v1,6700400640,1559790983.136015
,,expert.layers.8.mlp.gate_proj,denoise,2,activation,unknown,linear,1465,50,720,2048,52740000,210960000,8,4,0.5362734309821767,73728000,linear_role_derived_v1,2359296000,507348510.91788673
,,expert.layers.8.mlp.gate_proj,denoise,2,output,unknown,linear,1465,142,720,2048,150016000,600064000,8,4,0.5152921321725683,209387520,linear_role_derived_v1,6700400640,1574203631.846113
,,expert.layers.8.mlp.gate_proj,denoise,3,activation,unknown,linear,1465,50,720,2048,52740000,210960000,8,4,0.5358184205536595,73728000,linear_role_derived_v1,2359296000,508344624.2903836
,,expert.layers.8.mlp.gate_proj,denoise,3,output,unknown,linear,1465,142,720,2048,150016000,600064000,8,4,0.5132006785942833,209387520,linear_role_derived_v1,6700400640,1587817922.545963
,,expert.layers.8.mlp.gate_proj,denoise,4,activation,unknown,linear,1465,50,720,2048,52740000,210960000,8,4,0.535514102199469,73728000,linear_role_derived_v1,2359296000,509011386.2500582
,,expert.layers.8.mlp.gate_proj,denoise,4,output,unknown,linear,1465,142,720,2048,150016000,600064000,8,4,0.51142900090657,209387520,linear_role_derived_v1,6700400640,1599396495.157021
,,expert.layers.8.mlp.gate_proj,denoise,5,activation,unknown,linear,1465,50,720,2048,52740000,210960000,8,4,0.5352135191505498,73728000,linear_role_derived_v1,2359296000,509670393.12494516
,,expert.layers.8.mlp.gate_proj,denoise,5,output,unknown,linear,1465,142,720,2048,150016000,600064000,8,4,0.5098661059486989,209387520,linear_role_derived_v1,6700400640,1609645514.6975062
,,expert.layers.8.mlp.gate_proj,denoise,6,activation,unknown,linear,1465,50,720,2048,52740000,210960000,8,4,0.5346558778915435,73728000,linear_role_derived_v1,2359296000,510894110.88790613
,,expert.layers.8.mlp.gate_proj,denoise,6,output,unknown,linear,1465,142,720,2048,150016000,600064000,8,4,0.5087097526263865,209387520,linear_role_derived_v1,6700400640,1617249618.9188306
,,expert.layers.8.mlp.gate_proj,denoise,7,activation,unknown,linear,1465,50,720,2048,52740000,210960000,8,4,0.5343819065225636,73728000,linear_role_derived_v1,2359296000,511495865.8304907
,,expert.layers.8.mlp.gate_proj,denoise,7,output,unknown,linear,1465,142,720,2048,150016000,600064000,8,4,0.508140551674488,209387520,linear_role_derived_v1,6700400640,1620999228.3966374
,,expert.layers.8.mlp.gate_proj,denoise,8,activation,unknown,linear,1465,50,720,2048,52740000,210960000,8,4,0.5340391259006446,73728000,linear_role_derived_v1,2359296000,512249253.25830853
,,expert.layers.8.mlp.gate_proj,denoise,8,output,unknown,linear,1465,142,720,2048,150016000,600064000,8,4,0.5084692132839164,209387520,linear_role_derived_v1,6700400640,1618833641.3725302
,,expert.layers.8.mlp.gate_proj,denoise,9,activation,unknown,linear,1465,50,720,2048,52740000,210960000,8,4,0.5340341296928328,73728000,linear_role_derived_v1,2359296000,512260238.37566024
,,expert.layers.8.mlp.gate_proj,denoise,9,output,unknown,linear,1465,142,720,2048,150016000,600064000,8,4,0.5093847972882892,209387520,linear_role_derived_v1,6700400640,1612808392.1443655
,,expert.layers.8.mlp.up_proj,denoise,0,activation,unknown,linear,1465,50,720,2048,52740000,210960000,8,4,0.5366897800530906,73728000,linear_role_derived_v1,2359296000,506437891.3037436
,,expert.layers.8.mlp.up_proj,denoise,0,output,unknown,linear,1465,142,720,2048,150016000,600064000,8,4,0.5264853715603669,209387520,linear_role_derived_v1,6700400640,1502337722.3600142
,,expert.layers.8.mlp.up_proj,denoise,1,activation,unknown,linear,1465,50,720,2048,52740000,210960000,8,4,0.5367534129692833,73728000,linear_role_derived_v1,2359296000,506298788.363755
,,expert.layers.8.mlp.up_proj,denoise,1,output,unknown,linear,1465,142,720,2048,150016000,600064000,8,4,0.5265414372466937,209387520,linear_role_derived_v1,6700400640,1501981979.9862423
,,expert.layers.8.mlp.up_proj,denoise,2,activation,unknown,linear,1465,50,720,2048,52740000,210960000,8,4,0.5362734309821767,73728000,linear_role_derived_v1,2359296000,507348510.91788673
,,expert.layers.8.mlp.up_proj,denoise,2,output,unknown,linear,1465,142,720,2048,150016000,600064000,8,4,0.5265636798741468,209387520,linear_role_derived_v1,6700400640,1501840859.966406
,,expert.layers.8.mlp.up_proj,denoise,3,activation,unknown,linear,1465,50,720,2048,52740000,210960000,8,4,0.5358184205536595,73728000,linear_role_derived_v1,2359296000,508344624.2903836
,,expert.layers.8.mlp.up_proj,denoise,3,output,unknown,linear,1465,142,720,2048,150016000,600064000,8,4,0.5264470289835751,209387520,linear_role_derived_v1,6700400640,1502581034.0899258
,,expert.layers.8.mlp.up_proj,denoise,4,activation,unknown,linear,1465,50,720,2048,52740000,210960000,8,4,0.535514102199469,73728000,linear_role_derived_v1,2359296000,509011386.2500582
,,expert.layers.8.mlp.up_proj,denoise,4,output,unknown,linear,1465,142,720,2048,150016000,600064000,8,4,0.5263573018877986,209387520,linear_role_derived_v1,6700400640,1503150495.2206695
,,expert.layers.8.mlp.up_proj,denoise,5,activation,unknown,linear,1465,50,720,2048,52740000,210960000,8,4,0.5352135191505498,73728000,linear_role_derived_v1,2359296000,509670393.12494516
,,expert.layers.8.mlp.up_proj,denoise,5,output,unknown,linear,1465,142,720,2048,150016000,600064000,8,4,0.526268628013012,209387520,linear_role_derived_v1,6700400640,1503713377.986142
,,expert.layers.8.mlp.up_proj,denoise,6,activation,unknown,linear,1465,50,720,2048,52740000,210960000,8,4,0.5346558778915435,73728000,linear_role_derived_v1,2359296000,510894110.88790613
,,expert.layers.8.mlp.up_proj,denoise,6,output,unknown,linear,1465,142,720,2048,150016000,600064000,8,4,0.5260875173314846,209387520,linear_role_derived_v1,6700400640,1504863357.1905785
,,expert.layers.8.mlp.up_proj,denoise,7,activation,unknown,linear,1465,50,720,2048,52740000,210960000,8,4,0.5343819065225636,73728000,linear_role_derived_v1,2359296000,511495865.8304907
,,expert.layers.8.mlp.up_proj,denoise,7,output,unknown,linear,1465,142,720,2048,150016000,600064000,8,4,0.5260959347669582,209387520,linear_role_derived_v1,6700400640,1504809900.1571596
,,expert.layers.8.mlp.up_proj,denoise,8,activation,unknown,linear,1465,50,720,2048,52740000,210960000,8,4,0.5340391259006446,73728000,linear_role_derived_v1,2359296000,512249253.25830853
,,expert.layers.8.mlp.up_proj,denoise,8,output,unknown,linear,1465,142,720,2048,150016000,600064000,8,4,0.5261461477442406,209387520,linear_role_derived_v1,6700400640,1504491029.7873764
,,expert.layers.8.mlp.up_proj,denoise,9,activation,unknown,linear,1465,50,720,2048,52740000,210960000,8,4,0.5340341296928328,73728000,linear_role_derived_v1,2359296000,512260238.37566024
,,expert.layers.8.mlp.up_proj,denoise,9,output,unknown,linear,1465,142,720,2048,150016000,600064000,8,4,0.5266226369187287,209387520,linear_role_derived_v1,6700400640,1501466834.6473842
,,expert.layers.8.mlp.down_proj,denoise,0,activation,unknown,linear,1465,50,2048,720,150016000,600064000,8,4,0.5372086244133959,73728000,linear_role_derived_v1,2359296000,505304243.46537393
,,expert.layers.8.mlp.down_proj,denoise,0,output,unknown,linear,1465,17,2048,720,52740000,210960000,8,4,0.5243014884338263,25067520,linear_role_derived_v1,802160640,181520188.34966335
,,expert.layers.8.mlp.down_proj,denoise,1,activation,unknown,linear,1465,50,2048,720,150016000,600064000,8,4,0.5375229892144838,73728000,linear_role_derived_v1,2359296000,504617990.76225555
,,expert.layers.8.mlp.down_proj,denoise,1,output,unknown,linear,1465,17,2048,720,52740000,210960000,8,4,0.5250338832006067,25067520,linear_role_derived_v1,802160640,180961674.53954786
,,expert.layers.8.mlp.down_proj,denoise,2,activation,unknown,linear,1465,50,2048,720,150016000,600064000,8,4,0.5378543322045648,73728000,linear_role_derived_v1,2359296000,503895179.7512729
,,expert.layers.8.mlp.down_proj,denoise,2,output,unknown,linear,1465,17,2048,720,52740000,210960000,8,4,0.5256788253697383,25067520,linear_role_derived_v1,802160640,180470563.39535174
,,expert.layers.8.mlp.down_proj,denoise,3,activation,unknown,linear,1465,50,2048,720,150016000,600064000,8,4,0.538108000146651,73728000,linear_role_derived_v1,2359296000,503342163.75677353
,,expert.layers.8.mlp.down_proj,denoise,3,output,unknown,linear,1465,17,2048,720,52740000,210960000,8,4,0.526293316268487,25067520,linear_role_derived_v1,802160640,180003261.1122381
,,expert.layers.8.mlp.down_proj,denoise,4,activation,unknown,linear,1465,50,2048,720,150016000,600064000,8,4,0.5382492750773251,73728000,linear_role_derived_v1,2359296000,503034304.97390866
,,expert.layers.8.mlp.down_proj,denoise,4,output,unknown,linear,1465,17,2048,720,52740000,210960000,8,4,0.5266418515358362,25067520,linear_role_derived_v1,802160640,179738479.52072617
,,expert.layers.8.mlp.down_proj,denoise,5,activation,unknown,linear,1465,50,2048,720,150016000,600064000,8,4,0.53840205378093,73728000,linear_role_derived_v1,2359296000,502701483.7752224
,,expert.layers.8.mlp.down_proj,denoise,5,output,unknown,linear,1465,17,2048,720,52740000,210960000,8,4,0.5269859878649981,25067520,linear_role_derived_v1,802160640,179477231.0081453
,,expert.layers.8.mlp.down_proj,denoise,6,activation,unknown,linear,1465,50,2048,720,150016000,600064000,8,4,0.5384324588710537,73728000,linear_role_derived_v1,2359296000,502635260.861322
,,expert.layers.8.mlp.down_proj,denoise,6,output,unknown,linear,1465,17,2048,720,52740000,210960000,8,4,0.5272913206295032,25067520,linear_role_derived_v1,802160640,179245599.0023892
,,expert.layers.8.mlp.down_proj,denoise,7,activation,unknown,linear,1465,50,2048,720,150016000,600064000,8,4,0.5383900917235495,73728000,linear_role_derived_v1,2359296000,502727538.57880074
,,expert.layers.8.mlp.down_proj,denoise,7,output,unknown,linear,1465,17,2048,720,52740000,210960000,8,4,0.5271856702692453,25067520,linear_role_derived_v1,802160640,179325730.7164254
,,expert.layers.8.mlp.down_proj,denoise,8,activation,unknown,linear,1465,50,2048,720,150016000,600064000,8,4,0.5381940009732296,73728000,linear_role_derived_v1,2359296000,503154744.1339489
,,expert.layers.8.mlp.down_proj,denoise,8,output,unknown,linear,1465,17,2048,720,52740000,210960000,8,4,0.5269497440273038,25067520,linear_role_derived_v1,802160640,179504736.29415515
,,expert.layers.8.mlp.down_proj,denoise,9,activation,unknown,linear,1465,50,2048,720,150016000,600064000,8,4,0.5376438579884812,73728000,linear_role_derived_v1,2359296000,504354260.5173834
,,expert.layers.8.mlp.down_proj,denoise,9,output,unknown,linear,1465,17,2048,720,52740000,210960000,8,4,0.5260753081152825,25067520,linear_role_derived_v1,802160640,180168980.5747008
,,expert.layers.9.self_attn.q_proj,denoise,0,activation,cross,linear,1465,50,720,960,52740000,210960000,8,4,0.5363707669700417,34560000,linear_role_derived_v1,1105920000,237719788.5210042
,,expert.layers.9.self_attn.q_proj,denoise,0,output,cross,linear,1465,66,720,960,70320000,281280000,8,4,0.5246205098122867,45619200,linear_role_derived_v1,1459814400,329897120.21061146
,,expert.layers.9.self_attn.q_proj,denoise,1,activation,cross,linear,1465,50,720,960,52740000,210960000,8,4,0.5365911689419796,34560000,linear_role_derived_v1,1105920000,237493825.82145616
,,expert.layers.9.self_attn.q_proj,denoise,1,output,cross,linear,1465,66,720,960,70320000,281280000,8,4,0.5248841510238907,45619200,linear_role_derived_v1,1459814400,329531305.6955196
,,expert.layers.9.self_attn.q_proj,denoise,2,activation,cross,linear,1465,50,720,960,52740000,210960000,8,4,0.5362612011755783,34560000,linear_role_derived_v1,1105920000,237832158.63595712
,,expert.layers.9.self_attn.q_proj,denoise,2,output,cross,linear,1465,66,720,960,70320000,281280000,8,4,0.5250259670079636,45619200,linear_role_derived_v1,1459814400,329334613.3227891
,,expert.layers.9.self_attn.q_proj,denoise,3,activation,cross,linear,1465,50,720,960,52740000,210960000,8,4,0.5358012940841865,34560000,linear_role_derived_v1,1105920000,238304126.62766504
,,expert.layers.9.self_attn.q_proj,denoise,3,output,cross,linear,1465,66,720,960,70320000,281280000,8,4,0.5251228384527873,45619200,linear_role_derived_v1,1459814400,329200290.75241625
,,expert.layers.9.self_attn.q_proj,denoise,4,activation,cross,linear,1465,50,720,960,52740000,210960000,8,4,0.5354166571861965,34560000,linear_role_derived_v1,1105920000,238699209.7419796
,,expert.layers.9.self_attn.q_proj,denoise,4,output,cross,linear,1465,66,720,960,70320000,281280000,8,4,0.5251748044653015,45619200,linear_role_derived_v1,1459814400,329128245.6351164
,,expert.layers.9.self_attn.q_proj,denoise,5,activation,cross,linear,1465,50,720,960,52740000,210960000,8,4,0.5351293467956011,34560000,linear_role_derived_v1,1105920000,238994536.59908023
,,expert.layers.9.self_attn.q_proj,denoise,5,output,cross,linear,1465,66,720,960,70320000,281280000,8,4,0.5252697881114903,45619200,linear_role_derived_v1,1459814400,328996581.71190643
,,expert.layers.9.self_attn.q_proj,denoise,6,activation,cross,linear,1465,50,720,960,52740000,210960000,8,4,0.534658442358741,34560000,linear_role_derived_v1,1105920000,239478974.96517894
,,expert.layers.9.self_attn.q_proj,denoise,6,output,cross,linear,1465,66,720,960,70320000,281280000,8,4,0.5252644411262799,45619200,linear_role_derived_v1,1459814400,329003992.8676299
,,expert.layers.9.self_attn.q_proj,denoise,7,activation,cross,linear,1465,50,720,960,52740000,210960000,8,4,0.534210613386424,34560000,linear_role_derived_v1,1105920000,239940129.68591312
,,expert.layers.9.self_attn.q_proj,denoise,7,output,cross,linear,1465,66,720,960,70320000,281280000,8,4,0.5254264007394767,45619200,linear_role_derived_v1,1459814400,328779546.77726126
,,expert.layers.9.self_attn.q_proj,denoise,8,activation,cross,linear,1465,50,720,960,52740000,210960000,8,4,0.5337959992415624,34560000,linear_role_derived_v1,1105920000,240367476.6838038
,,expert.layers.9.self_attn.q_proj,denoise,8,output,cross,linear,1465,66,720,960,70320000,281280000,8,4,0.5256663075938567,45619200,linear_role_derived_v1,1459814400,328447220.9583577
,,expert.layers.9.self_attn.q_proj,denoise,9,activation,cross,linear,1465,50,720,960,52740000,210960000,8,4,0.5338765879787637,34560000,linear_role_derived_v1,1105920000,240284383.28633833
,,expert.layers.9.self_attn.q_proj,denoise,9,output,cross,linear,1465,66,720,960,70320000,281280000,8,4,0.5259051230091013,45619200,linear_role_derived_v1,1459814400,328116573.92719907
,,expert.layers.9.self_attn.k_proj,denoise,0,activation,cross,linear,1465,177,320,320,82977600,331910400,8,4,0.5344432563728042,18124800,linear_role_derived_v1,579993600,125709600.13559811
,,expert.layers.9.self_attn.k_proj,denoise,0,output,cross,linear,1465,177,320,320,82977600,331910400,8,4,0.5309062385511271,18124800,linear_role_derived_v1,579993600,127626986.76422124
,,expert.layers.9.self_attn.k_proj,denoise,1,activation,cross,linear,1465,177,320,320,82977600,331910400,8,4,0.5344432563728042,18124800,linear_role_derived_v1,579993600,125709600.13559811
,,expert.layers.9.self_attn.k_proj,denoise,1,output,cross,linear,1465,177,320,320,82977600,331910400,8,4,0.5309062385511271,18124800,linear_role_derived_v1,579993600,127626986.76422124
,,expert.layers.9.self_attn.k_proj,denoise,2,activation,cross,linear,1465,177,320,320,82977600,331910400,8,4,0.5344432563728042,18124800,linear_role_derived_v1,579993600,125709600.13559811
,,expert.layers.9.self_attn.k_proj,denoise,2,output,cross,linear,1465,177,320,320,82977600,331910400,8,4,0.5309062385511271,18124800,linear_role_derived_v1,579993600,127626986.76422124
,,expert.layers.9.self_attn.k_proj,denoise,3,activation,cross,linear,1465,177,320,320,82977600,331910400,8,4,0.5344432563728042,18124800,linear_role_derived_v1,579993600,125709600.13559811
,,expert.layers.9.self_attn.k_proj,denoise,3,output,cross,linear,1465,177,320,320,82977600,331910400,8,4,0.5309062385511271,18124800,linear_role_derived_v1,579993600,127626986.76422124
,,expert.layers.9.self_attn.k_proj,denoise,4,activation,cross,linear,1465,177,320,320,82977600,331910400,8,4,0.5344432563728042,18124800,linear_role_derived_v1,579993600,125709600.13559811
,,expert.layers.9.self_attn.k_proj,denoise,4,output,cross,linear,1465,177,320,320,82977600,331910400,8,4,0.5309062385511271,18124800,linear_role_derived_v1,579993600,127626986.76422124
,,expert.layers.9.self_attn.k_proj,denoise,5,activation,cross,linear,1465,177,320,320,82977600,331910400,8,4,0.5344432563728042,18124800,linear_role_derived_v1,579993600,125709600.13559811
,,expert.layers.9.self_attn.k_proj,denoise,5,output,cross,linear,1465,177,320,320,82977600,331910400,8,4,0.5309062385511271,18124800,linear_role_derived_v1,579993600,127626986.76422124
,,expert.layers.9.self_attn.k_proj,denoise,6,activation,cross,linear,1465,177,320,320,82977600,331910400,8,4,0.5344432563728042,18124800,linear_role_derived_v1,579993600,125709600.13559811
,,expert.layers.9.self_attn.k_proj,denoise,6,output,cross,linear,1465,177,320,320,82977600,331910400,8,4,0.5309062385511271,18124800,linear_role_derived_v1,579993600,127626986.76422124
,,expert.layers.9.self_attn.k_proj,denoise,7,activation,cross,linear,1465,177,320,320,82977600,331910400,8,4,0.5344432563728042,18124800,linear_role_derived_v1,579993600,125709600.13559811
,,expert.layers.9.self_attn.k_proj,denoise,7,output,cross,linear,1465,177,320,320,82977600,331910400,8,4,0.5309062385511271,18124800,linear_role_derived_v1,579993600,127626986.76422124
,,expert.layers.9.self_attn.k_proj,denoise,8,activation,cross,linear,1465,177,320,320,82977600,331910400,8,4,0.5344432563728042,18124800,linear_role_derived_v1,579993600,125709600.13559811
,,expert.layers.9.self_attn.k_proj,denoise,8,output,cross,linear,1465,177,320,320,82977600,331910400,8,4,0.5309062385511271,18124800,linear_role_derived_v1,579993600,127626986.76422124
,,expert.layers.9.self_attn.k_proj,denoise,9,activation,cross,linear,1465,177,320,320,82977600,331910400,8,4,0.5344432563728042,18124800,linear_role_derived_v1,579993600,125709600.13559811
,,expert.layers.9.self_attn.k_proj,denoise,9,output,cross,linear,1465,177,320,320,82977600,331910400,8,4,0.5309062385511271,18124800,linear_role_derived_v1,579993600,127626986.76422124
,,expert.layers.9.self_attn.v_proj,denoise,0,activation,cross,linear,1465,177,320,320,82977600,331910400,8,4,0.5268706524411407,18124800,linear_role_derived_v1,579993600,129832367.47362474
,,expert.layers.9.self_attn.v_proj,denoise,0,output,cross,linear,1465,177,320,320,82977600,331910400,8,4,0.5244120340911282,18124800,linear_role_derived_v1,579993600,131185222.1470109
,,expert.layers.9.self_attn.v_proj,denoise,1,activation,cross,linear,1465,177,320,320,82977600,331910400,8,4,0.5268706524411407,18124800,linear_role_derived_v1,579993600,129832367.47362474
,,expert.layers.9.self_attn.v_proj,denoise,1,output,cross,linear,1465,177,320,320,82977600,331910400,8,4,0.5244120340911282,18124800,linear_role_derived_v1,579993600,131185222.1470109
,,expert.layers.9.self_attn.v_proj,denoise,2,activation,cross,linear,1465,177,320,320,82977600,331910400,8,4,0.5268706524411407,18124800,linear_role_derived_v1,579993600,129832367.47362474
,,expert.layers.9.self_attn.v_proj,denoise,2,output,cross,linear,1465,177,320,320,82977600,331910400,8,4,0.5244120340911282,18124800,linear_role_derived_v1,579993600,131185222.1470109
,,expert.layers.9.self_attn.v_proj,denoise,3,activation,cross,linear,1465,177,320,320,82977600,331910400,8,4,0.5268706524411407,18124800,linear_role_derived_v1,579993600,129832367.47362474
,,expert.layers.9.self_attn.v_proj,denoise,3,output,cross,linear,1465,177,320,320,82977600,331910400,8,4,0.5244120340911282,18124800,linear_role_derived_v1,579993600,131185222.1470109
,,expert.layers.9.self_attn.v_proj,denoise,4,activation,cross,linear,1465,177,320,320,82977600,331910400,8,4,0.5268706524411407,18124800,linear_role_derived_v1,579993600,129832367.47362474
,,expert.layers.9.self_attn.v_proj,denoise,4,output,cross,linear,1465,177,320,320,82977600,331910400,8,4,0.5244120340911282,18124800,linear_role_derived_v1,579993600,131185222.1470109
,,expert.layers.9.self_attn.v_proj,denoise,5,activation,cross,linear,1465,177,320,320,82977600,331910400,8,4,0.5268706524411407,18124800,linear_role_derived_v1,579993600,129832367.47362474
,,expert.layers.9.self_attn.v_proj,denoise,5,output,cross,linear,1465,177,320,320,82977600,331910400,8,4,0.5244120340911282,18124800,linear_role_derived_v1,579993600,131185222.1470109
,,expert.layers.9.self_attn.v_proj,denoise,6,activation,cross,linear,1465,177,320,320,82977600,331910400,8,4,0.5268706524411407,18124800,linear_role_derived_v1,579993600,129832367.47362474
,,expert.layers.9.self_attn.v_proj,denoise,6,output,cross,linear,1465,177,320,320,82977600,331910400,8,4,0.5244120340911282,18124800,linear_role_derived_v1,579993600,131185222.1470109
,,expert.layers.9.self_attn.v_proj,denoise,7,activation,cross,linear,1465,177,320,320,82977600,331910400,8,4,0.5268706524411407,18124800,linear_role_derived_v1,579993600,129832367.47362474
,,expert.layers.9.self_attn.v_proj,denoise,7,output,cross,linear,1465,177,320,320,82977600,331910400,8,4,0.5244120340911282,18124800,linear_role_derived_v1,579993600,131185222.1470109
,,expert.layers.9.self_attn.v_proj,denoise,8,activation,cross,linear,1465,177,320,320,82977600,331910400,8,4,0.5268706524411407,18124800,linear_role_derived_v1,579993600,129832367.47362474
,,expert.layers.9.self_attn.v_proj,denoise,8,output,cross,linear,1465,177,320,320,82977600,331910400,8,4,0.5244120340911282,18124800,linear_role_derived_v1,579993600,131185222.1470109
,,expert.layers.9.self_attn.v_proj,denoise,9,activation,cross,linear,1465,177,320,320,82977600,331910400,8,4,0.5268706524411407,18124800,linear_role_derived_v1,579993600,129832367.47362474
,,expert.layers.9.self_attn.v_proj,denoise,9,output,cross,linear,1465,177,320,320,82977600,331910400,8,4,0.5244120340911282,18124800,linear_role_derived_v1,579993600,131185222.1470109
,,expert.layers.9.self_attn.o_proj,denoise,0,activation,unknown,linear,1465,50,960,720,70320000,281280000,8,4,0.5266285018486917,34560000,linear_role_derived_v1,1105920000,247815189.7937666
,,expert.layers.9.self_attn.o_proj,denoise,0,output,unknown,linear,1465,37,960,720,52740000,210960000,8,4,0.5268069871065605,25574400,linear_role_derived_v1,818380800,183244976.80279112
,,expert.layers.9.self_attn.o_proj,denoise,1,activation,unknown,linear,1465,50,960,720,70320000,281280000,8,4,0.5266799594709898,34560000,linear_role_derived_v1,1105920000,247761315.45875928
,,expert.layers.9.self_attn.o_proj,denoise,1,output,unknown,linear,1465,37,960,720,52740000,210960000,8,4,0.5267969567690557,25574400,linear_role_derived_v1,818380800,183252745.42317888
,,expert.layers.9.self_attn.o_proj,denoise,2,activation,unknown,linear,1465,50,960,720,70320000,281280000,8,4,0.5266751422070535,34560000,linear_role_derived_v1,1105920000,247766358.71753225
,,expert.layers.9.self_attn.o_proj,denoise,2,output,unknown,linear,1465,37,960,720,52740000,210960000,8,4,0.5268696767159651,25574400,linear_role_derived_v1,818380800,183196426.6561901
,,expert.layers.9.self_attn.o_proj,denoise,3,activation,unknown,linear,1465,50,960,720,70320000,281280000,8,4,0.5266811077929465,34560000,linear_role_derived_v1,1105920000,247760113.27254662
,,expert.layers.9.self_attn.o_proj,denoise,3,output,unknown,linear,1465,37,960,720,52740000,210960000,8,4,0.526963974213121,25574400,linear_role_derived_v1,818380800,183123409.80576468
,,expert.layers.9.self_attn.o_proj,denoise,4,activation,unknown,linear,1465,50,960,720,70320000,281280000,8,4,0.526624555602958,34560000,linear_role_derived_v1,1105920000,247819321.61714667
,,expert.layers.9.self_attn.o_proj,denoise,4,output,unknown,linear,1465,37,960,720,52740000,210960000,8,4,0.5269502370117558,25574400,linear_role_derived_v1,818380800,183134045.94992805
,,expert.layers.9.self_attn.o_proj,denoise,5,activation,unknown,linear,1465,50,960,720,70320000,281280000,8,4,0.5265930816268487,34560000,linear_role_derived_v1,1105920000,247852276.93327218
,,expert.layers.9.self_attn.o_proj,denoise,5,output,unknown,linear,1465,37,960,720,52740000,210960000,8,4,0.526983238528631,25574400,linear_role_derived_v1,818380800,183108494.76708686
,,expert.layers.9.self_attn.o_proj,denoise,6,activation,unknown,linear,1465,50,960,720,70320000,281280000,8,4,0.5265890713879409,34560000,linear_role_derived_v1,1105920000,247856476.073655
,,expert.layers.9.self_attn.o_proj,denoise,6,output,unknown,linear,1465,37,960,720,52740000,210960000,8,4,0.5269460371634433,25574400,linear_role_derived_v1,818380800,183137297.77960137
,,expert.layers.9.self_attn.o_proj,denoise,7,activation,unknown,linear,1465,50,960,720,70320000,281280000,8,4,0.5265509385665529,34560000,linear_role_derived_v1,1105920000,247896406.91096467
,,expert.layers.9.self_attn.o_proj,denoise,7,output,unknown,linear,1465,37,960,720,52740000,210960000,8,4,0.5270644340159272,25574400,linear_role_derived_v1,818380800,183045637.34372565
,,expert.layers.9.self_attn.o_proj,denoise,8,activation,unknown,linear,1465,50,960,720,70320000,281280000,8,4,0.5264965337030717,34560000,linear_role_derived_v1,1105920000,247953382.60769057
,,expert.layers.9.self_attn.o_proj,denoise,8,output,unknown,linear,1465,37,960,720,52740000,210960000,8,4,0.5269866989002655,25574400,linear_role_derived_v1,818380800,183105815.70293826
,,expert.layers.9.self_attn.o_proj,denoise,9,activation,unknown,linear,1465,50,960,720,70320000,281280000,8,4,0.52635876350967,34560000,linear_role_derived_v1,1105920000,248097692.23824975
,,expert.layers.9.self_attn.o_proj,denoise,9,output,unknown,linear,1465,37,960,720,52740000,210960000,8,4,0.5270088689799014,25574400,linear_role_derived_v1,818380800,183088651.8076608
,,expert.layers.9.mlp.gate_proj,denoise,0,activation,unknown,linear,1465,50,720,2048,52740000,210960000,8,4,0.5361755166856276,73728000,linear_role_derived_v1,2359296000,507562783.3810226
,,expert.layers.9.mlp.gate_proj,denoise,0,output,unknown,linear,1465,142,720,2048,150016000,600064000,8,4,0.5286519421261732,209387520,linear_role_derived_v1,6700400640,1488621253.9163895
,,expert.layers.9.mlp.gate_proj,denoise,1,activation,unknown,linear,1465,50,720,2048,52740000,210960000,8,4,0.5364877654531665,73728000,linear_role_derived_v1,2359296000,506879626.22758466
,,expert.layers.9.mlp.gate_proj,denoise,1,output,unknown,linear,1465,142,720,2048,150016000,600064000,8,4,0.5269810186913396,209387520,linear_role_derived_v1,6700400640,1499194251.7252183
,,expert.layers.9.mlp.gate_proj,denoise,2,activation,unknown,linear,1465,50,720,2048,52740000,210960000,8,4,0.5363351156617369,73728000,linear_role_derived_v1,2359296000,507213545.39748144
,,expert.layers.9.mlp.gate_proj,denoise,2,output,unknown,linear,1465,142,720,2048,150016000,600064000,8,4,0.524737666315593,209387520,linear_role_derived_v1,6700400640,1513448209.262166
,,expert.layers.9.mlp.gate_proj,denoise,3,activation,unknown,linear,1465,50,720,2048,52740000,210960000,8,4,0.5359476298824422,73728000,linear_role_derived_v1,2359296000,508061658.619709
,,expert.layers.9.mlp.gate_proj,denoise,3,output,unknown,linear,1465,142,720,2048,150016000,600064000,8,4,0.5225751569832551,209387520,linear_role_derived_v1,6700400640,1527252340.5584352
,,expert.layers.9.mlp.gate_proj,denoise,4,activation,unknown,linear,1465,50,720,2048,52740000,210960000,8,4,0.5355756304512704,73728000,linear_role_derived_v1,2359296000,508876542.5160328
,,expert.layers.9.mlp.gate_proj,denoise,4,output,unknown,linear,1465,142,720,2048,150016000,600064000,8,4,0.5206253382972483,209387520,linear_role_derived_v1,6700400640,1539752511.1921604
,,expert.layers.9.mlp.gate_proj,denoise,5,activation,unknown,linear,1465,50,720,2048,52740000,210960000,8,4,0.5352049867273416,73728000,linear_role_derived_v1,2359296000,509689106.0763167
,,expert.layers.9.mlp.gate_proj,denoise,5,output,unknown,linear,1465,142,720,2048,150016000,600064000,8,4,0.5186979272210964,209387520,linear_role_derived_v1,6700400640,1552159100.1816852
,,expert.layers.9.mlp.gate_proj,denoise,6,activation,unknown,linear,1465,50,720,2048,52740000,210960000,8,4,0.5346820534698521,73728000,linear_role_derived_v1,2359296000,510836636.9796397
,,expert.layers.9.mlp.gate_proj,denoise,6,output,unknown,linear,1465,142,720,2048,150016000,600064000,8,4,0.5171645707791169,209387520,linear_role_derived_v1,6700400640,1562064747.687044
,,expert.layers.9.mlp.gate_proj,denoise,7,activation,unknown,linear,1465,50,720,2048,52740000,210960000,8,4,0.5342695060675009,73728000,linear_role_derived_v1,2359296000,511742846.38486165
,,expert.layers.9.mlp.gate_proj,denoise,7,output,unknown,linear,1465,142,720,2048,150016000,600064000,8,4,0.5158787729308874,209387520,linear_role_derived_v1,6700400640,1570395428.0866039
,,expert.layers.9.mlp.gate_proj,denoise,8,activation,unknown,linear,1465,50,720,2048,52740000,210960000,8,4,0.5338502512324611,73728000,linear_role_derived_v1,2359296000,512664612.2373072
,,expert.layers.9.mlp.gate_proj,denoise,8,output,unknown,linear,1465,142,720,2048,150016000,600064000,8,4,0.5149037069379266,209387520,linear_role_derived_v1,6700400640,1576727648.704387
,,expert.layers.9.mlp.gate_proj,denoise,9,activation,unknown,linear,1465,50,720,2048,52740000,210960000,8,4,0.5336065794463405,73728000,linear_role_derived_v1,2359296000,513200725.5891468
,,expert.layers.9.mlp.gate_proj,denoise,9,output,unknown,linear,1465,142,720,2048,150016000,600064000,8,4,0.5139848599482721,209387520,linear_role_derived_v1,6700400640,1582706435.0700567
,,expert.layers.9.mlp.up_proj,denoise,0,activation,unknown,linear,1465,50,720,2048,52740000,210960000,8,4,0.5361755166856276,73728000,linear_role_derived_v1,2359296000,507562783.3810226
,,expert.layers.9.mlp.up_proj,denoise,0,output,unknown,linear,1465,142,720,2048,150016000,600064000,8,4,0.5263146631026024,209387520,linear_role_derived_v1,6700400640,1503421143.9448743
,,expert.layers.9.mlp.up_proj,denoise,1,activation,unknown,linear,1465,50,720,2048,52740000,210960000,8,4,0.5364877654531665,73728000,linear_role_derived_v1,2359296000,506879626.22758466
,,expert.layers.9.mlp.up_proj,denoise,1,output,unknown,linear,1465,142,720,2048,150016000,600064000,8,4,0.5266336790742321,209387520,linear_role_derived_v1,6700400640,1501396788.0494864
,,expert.layers.9.mlp.up_proj,denoise,2,activation,unknown,linear,1465,50,720,2048,52740000,210960000,8,4,0.5363351156617369,73728000,linear_role_derived_v1,2359296000,507213545.39748144
,,expert.layers.9.mlp.up_proj,denoise,2,output,unknown,linear,1465,142,720,2048,150016000,600064000,8,4,0.5270137402010452,209387520,linear_role_derived_v1,6700400640,1498986842.701674
,,expert.layers.9.mlp.up_proj,denoise,3,activation,unknown,linear,1465,50,720,2048,52740000,210960000,8,4,0.5359476298824422,73728000,linear_role_derived_v1,2359296000,508061658.619709
,,expert.layers.9.mlp.up_proj,denoise,3,output,unknown,linear,1465,142,720,2048,150016000,600064000,8,4,0.5274322772237628,209387520,linear_role_derived_v1,6700400640,1496335163.5124598
,,expert.layers.9.mlp.up_proj,denoise,4,activation,unknown,linear,1465,50,720,2048,52740000,210960000,8,4,0.5355756304512704,73728000,linear_role_derived_v1,2359296000,508876542.5160328
,,expert.layers.9.mlp.up_proj,denoise,4,output,unknown,linear,1465,142,720,2048,150016000,600064000,8,4,0.5278108835057593,209387520,linear_role_derived_v1,6700400640,1493938491.3493314
,,expert.layers.9.mlp.up_proj,denoise,5,activation,unknown,linear,1465,50,720,2048,52740000,210960000,8,4,0.5352049867273416,73728000,linear_role_derived_v1,2359296000,509689106.0763167
,,expert.layers.9.mlp.up_proj,denoise,5,output,unknown,linear,1465,142,720,2048,150016000,600064000,8,4,0.5282263208591084,209387520,linear_role_derived_v1,6700400640,1491310879.6186817
,,expert.layers.9.mlp.up_proj,denoise,6,activation,unknown,linear,1465,50,720,2048,52740000,210960000,8,4,0.5346820534698521,73728000,linear_role_derived_v1,2359296000,510836636.9796397
,,expert.layers.9.mlp.up_proj,denoise,6,output,unknown,linear,1465,142,720,2048,150016000,600064000,8,4,0.5285792898757465,209387520,linear_role_derived_v1,6700400640,1489080192.984536
,,expert.layers.9.mlp.up_proj,denoise,7,activation,unknown,linear,1465,50,720,2048,52740000,210960000,8,4,0.5342695060675009,73728000,linear_role_derived_v1,2359296000,511742846.38486165
,,expert.layers.9.mlp.up_proj,denoise,7,output,unknown,linear,1465,142,720,2048,150016000,600064000,8,4,0.5288587800634599,209387520,linear_role_derived_v1,6700400640,1487315060.8090923
,,expert.layers.9.mlp.up_proj,denoise,8,activation,unknown,linear,1465,50,720,2048,52740000,210960000,8,4,0.5338502512324611,73728000,linear_role_derived_v1,2359296000,512664612.2373072
,,expert.layers.9.mlp.up_proj,denoise,8,output,unknown,linear,1465,142,720,2048,150016000,600064000,8,4,0.5290863457897824,209387520,linear_role_derived_v1,6700400640,1485878632.9289339
,,expert.layers.9.mlp.up_proj,denoise,9,activation,unknown,linear,1465,50,720,2048,52740000,210960000,8,4,0.5336065794463405,73728000,linear_role_derived_v1,2359296000,513200725.5891468
,,expert.layers.9.mlp.up_proj,denoise,9,output,unknown,linear,1465,142,720,2048,150016000,600064000,8,4,0.5293061590097057,209387520,linear_role_derived_v1,6700400640,1484491798.9100177
,,expert.layers.9.mlp.down_proj,denoise,0,activation,unknown,linear,1465,50,2048,720,150016000,600064000,8,4,0.5374022520931101,73728000,linear_role_derived_v1,2359296000,504881502.56955904
,,expert.layers.9.mlp.down_proj,denoise,0,output,unknown,linear,1465,17,2048,720,52740000,210960000,8,4,0.52566290766022,25067520,linear_role_derived_v1,802160640,180482676.39540482
,,expert.layers.9.mlp.down_proj,denoise,1,activation,unknown,linear,1465,50,2048,720,150016000,600064000,8,4,0.5375966996853669,73728000,linear_role_derived_v1,2359296000,504457149.6190529
,,expert.layers.9.mlp.down_proj,denoise,1,output,unknown,linear,1465,17,2048,720,52740000,210960000,8,4,0.5255601441031476,25067520,linear_role_derived_v1,802160640,180560886.81239906
,,expert.layers.9.mlp.down_proj,denoise,2,activation,unknown,linear,1465,50,2048,720,150016000,600064000,8,4,0.5376780126786476,73728000,linear_role_derived_v1,2359296000,504279749.00695246
,,expert.layers.9.mlp.down_proj,denoise,2,output,unknown,linear,1465,17,2048,720,52740000,210960000,8,4,0.5257033513462268,25067520,linear_role_derived_v1,802160640,180451900.50363585
,,expert.layers.9.mlp.down_proj,denoise,3,activation,unknown,linear,1465,50,2048,720,150016000,600064000,8,4,0.5377065962963951,73728000,linear_role_derived_v1,2359296000,504217395.52001977
,,expert.layers.9.mlp.down_proj,denoise,3,output,unknown,linear,1465,17,2048,720,52740000,210960000,8,4,0.5258941221084565,25067520,linear_role_derived_v1,802160640,180306767.60618913
,,expert.layers.9.mlp.down_proj,denoise,4,activation,unknown,linear,1465,50,2048,720,150016000,600064000,8,4,0.5377013868520691,73728000,linear_role_derived_v1,2359296000,504228759.3302267
,,expert.layers.9.mlp.down_proj,denoise,4,output,unknown,linear,1465,17,2048,720,52740000,210960000,8,4,0.5261562665908229,25067520,linear_role_derived_v1,802160640,180107430.87953627
,,expert.layers.9.mlp.down_proj,denoise,5,activation,unknown,linear,1465,50,2048,720,150016000,600064000,8,4,0.5376730265438353,73728000,linear_role_derived_v1,2359296000,504290626.3627327
,,expert.layers.9.mlp.down_proj,denoise,5,output,unknown,linear,1465,17,2048,720,52740000,210960000,8,4,0.5264745401971938,25067520,linear_role_derived_v1,802160640,179865561.3099743
,,expert.layers.9.mlp.down_proj,denoise,6,activation,unknown,linear,1465,50,2048,720,150016000,600064000,8,4,0.5375969279943472,73728000,linear_role_derived_v1,2359296000,504456651.473521
,,expert.layers.9.mlp.down_proj,denoise,6,output,unknown,linear,1465,17,2048,720,52740000,210960000,8,4,0.5267982129313614,25067520,linear_role_derived_v1,802160640,179619755.38829407
,,expert.layers.9.mlp.down_proj,denoise,7,activation,unknown,linear,1465,50,2048,720,150016000,600064000,8,4,0.5374855082124573,73728000,linear_role_derived_v1,2359296000,504699786.6306339
,,expert.layers.9.mlp.down_proj,denoise,7,output,unknown,linear,1465,17,2048,720,52740000,210960000,8,4,0.5272685106181266,25067520,linear_role_derived_v1,802160640,179262897.9984774
,,expert.layers.9.mlp.down_proj,denoise,8,activation,unknown,linear,1465,50,2048,720,150016000,600064000,8,4,0.5373453814926408,73728000,linear_role_derived_v1,2359296000,505005647.91740626
,,expert.layers.9.mlp.down_proj,denoise,8,output,unknown,linear,1465,17,2048,720,52740000,210960000,8,4,0.527488320060675,25067520,linear_role_derived_v1,802160640,179096230.3757174
,,expert.layers.9.mlp.down_proj,denoise,9,activation,unknown,linear,1465,50,2048,720,150016000,600064000,8,4,0.5372862927954352,73728000,linear_role_derived_v1,2359296000,505134651.4122967
,,expert.layers.9.mlp.down_proj,denoise,9,output,unknown,linear,1465,17,2048,720,52740000,210960000,8,4,0.527646601251422,25067520,linear_role_derived_v1,802160640,178976263.74676394
,,expert.layers.10.self_attn.q_proj,denoise,0,activation,self,linear,1465,50,720,960,52740000,210960000,8,4,0.5359867984452029,34560000,linear_role_derived_v1,1105920000,238113701.18605143
,,expert.layers.10.self_attn.q_proj,denoise,0,output,self,linear,1465,66,720,960,70320000,281280000,8,4,0.5220106655290102,45619200,linear_role_derived_v1,1459814400,333529348.9093109
,,expert.layers.10.self_attn.q_proj,denoise,1,activation,self,linear,1465,50,720,960,52740000,210960000,8,4,0.5362077929465301,34560000,linear_role_derived_v1,1105920000,237886943.4669169
,,expert.layers.10.self_attn.q_proj,denoise,1,output,self,linear,1465,66,720,960,70320000,281280000,8,4,0.522107252559727,45619200,linear_role_derived_v1,1459814400,333394570.3594511
,,expert.layers.10.self_attn.q_proj,denoise,2,activation,self,linear,1465,50,720,960,52740000,210960000,8,4,0.5361521899886235,34560000,linear_role_derived_v1,1105920000,237943986.29943097
,,expert.layers.10.self_attn.q_proj,denoise,2,output,self,linear,1465,66,720,960,70320000,281280000,8,4,0.5223551123435722,45619200,linear_role_derived_v1,1459814400,333048828.8633658
,,expert.layers.10.self_attn.q_proj,denoise,3,activation,self,linear,1465,50,720,960,52740000,210960000,8,4,0.5359040813424346,34560000,linear_role_derived_v1,1105920000,238198603.214621
,,expert.layers.10.self_attn.q_proj,denoise,3,output,self,linear,1465,66,720,960,70320000,281280000,8,4,0.5225994667235495,45619200,linear_role_derived_v1,1459814400,332708152.660495
,,expert.layers.10.self_attn.q_proj,denoise,4,activation,self,linear,1465,50,720,960,52740000,210960000,8,4,0.5355076270383011,34560000,linear_role_derived_v1,1105920000,238605739.7276233
,,expert.layers.10.self_attn.q_proj,denoise,4,output,self,linear,1465,66,720,960,70320000,281280000,8,4,0.5229077573947668,45619200,linear_role_derived_v1,1459814400,332278585.89629614
,,expert.layers.10.self_attn.q_proj,denoise,5,activation,self,linear,1465,50,720,960,52740000,210960000,8,4,0.5351379171406901,34560000,linear_role_derived_v1,1105920000,238985724.4843208
,,expert.layers.10.self_attn.q_proj,denoise,5,output,self,linear,1465,66,720,960,70320000,281280000,8,4,0.52326526592719,45619200,linear_role_derived_v1,1459814400,331780787.31351215
,,expert.layers.10.self_attn.q_proj,denoise,6,activation,self,linear,1465,50,720,960,52740000,210960000,8,4,0.5345985163064088,34560000,linear_role_derived_v1,1105920000,239540658.48947892
,,expert.layers.10.self_attn.q_proj,denoise,6,output,self,linear,1465,66,720,960,70320000,281280000,8,4,0.5235789213594995,45619200,linear_role_derived_v1,1459814400,331344357.5531494
,,expert.layers.10.self_attn.q_proj,denoise,7,activation,self,linear,1465,50,720,960,52740000,210960000,8,4,0.5342246255214259,34560000,linear_role_derived_v1,1105920000,239925693.87858778
,,expert.layers.10.self_attn.q_proj,denoise,7,output,self,linear,1465,66,720,960,70320000,281280000,8,4,0.5241053612059158,45619200,linear_role_derived_v1,1459814400,330612498.6688473
,,expert.layers.10.self_attn.q_proj,denoise,8,activation,self,linear,1465,50,720,960,52740000,210960000,8,4,0.5338307878270763,34560000,linear_role_derived_v1,1105920000,240331605.12323415
,,expert.layers.10.self_attn.q_proj,denoise,8,output,self,linear,1465,66,720,960,70320000,281280000,8,4,0.5246925874573379,45619200,linear_role_derived_v1,1459814400,329797088.94976133
,,expert.layers.10.self_attn.q_proj,denoise,9,activation,self,linear,1465,50,720,960,52740000,210960000,8,4,0.5337147847933258,34560000,linear_role_derived_v1,1105920000,240451229.7717363
,,expert.layers.10.self_attn.q_proj,denoise,9,output,self,linear,1465,66,720,960,70320000,281280000,8,4,0.526123300625711,45619200,linear_role_derived_v1,1459814400,327814646.09258604
,,expert.layers.10.self_attn.k_proj,denoise,0,activation,self,linear,1465,50,720,320,52740000,210960000,8,4,0.5359867984452029,11520000,linear_role_derived_v1,368640000,79371233.72868381
,,expert.layers.10.self_attn.k_proj,denoise,0,output,self,linear,1465,22,720,320,23440000,93760000,8,4,0.525129170221843,5068800,linear_role_derived_v1,162201600,36576834.67050245
,,expert.layers.10.self_attn.k_proj,denoise,1,activation,self,linear,1465,50,720,320,52740000,210960000,8,4,0.5362077929465301,11520000,linear_role_derived_v1,368640000,79295647.82230562
,,expert.layers.10.self_attn.k_proj,denoise,1,output,self,linear,1465,22,720,320,23440000,93760000,8,4,0.5256597376279863,5068800,linear_role_derived_v1,162201600,36495146.624955066
,,expert.layers.10.self_attn.k_proj,denoise,2,activation,self,linear,1465,50,720,320,52740000,210960000,8,4,0.5361521899886235,11520000,linear_role_derived_v1,368640000,79314662.09981033
,,expert.layers.10.self_attn.k_proj,denoise,2,output,self,linear,1465,22,720,320,23440000,93760000,8,4,0.5262139931740615,5068800,linear_role_derived_v1,162201600,36409908.99592029
,,expert.layers.10.self_attn.k_proj,denoise,3,activation,self,linear,1465,50,720,320,52740000,210960000,8,4,0.5359040813424346,11520000,linear_role_derived_v1,368640000,79399534.40487365
,,expert.layers.10.self_attn.k_proj,denoise,3,output,self,linear,1465,22,720,320,23440000,93760000,8,4,0.5269498506825938,5068800,linear_role_derived_v1,162201600,36296897.22167756
,,expert.layers.10.self_attn.k_proj,denoise,4,activation,self,linear,1465,50,720,320,52740000,210960000,8,4,0.5355076270383011,11520000,linear_role_derived_v1,368640000,79535246.57587445
,,expert.layers.10.self_attn.k_proj,denoise,4,output,self,linear,1465,22,720,320,23440000,93760000,8,4,0.5275860601535837,5068800,linear_role_derived_v1,162201600,36199330.816917725
,,expert.layers.10.self_attn.k_proj,denoise,5,activation,self,linear,1465,50,720,320,52740000,210960000,8,4,0.5351379171406901,11520000,linear_role_derived_v1,368640000,79661908.16144027
,,expert.layers.10.self_attn.k_proj,denoise,5,output,self,linear,1465,22,720,320,23440000,93760000,8,4,0.5282152090443686,5068800,linear_role_derived_v1,162201600,36102976.32149968
,,expert.layers.10.self_attn.k_proj,denoise,6,activation,self,linear,1465,50,720,320,52740000,210960000,8,4,0.5345985163064088,11520000,linear_role_derived_v1,368640000,79846886.16315964
,,expert.layers.10.self_attn.k_proj,denoise,6,output,self,linear,1465,22,720,320,23440000,93760000,8,4,0.5288569859215017,5068800,linear_role_derived_v1,162201600,36004820.14295202
,,expert.layers.10.self_attn.k_proj,denoise,7,activation,self,linear,1465,50,720,320,52740000,210960000,8,4,0.5342246255214259,11520000,linear_role_derived_v1,368640000,79975231.29286261
,,expert.layers.10.self_attn.k_proj,denoise,7,output,self,linear,1465,22,720,320,23440000,93760000,8,4,0.5300213843856655,5068800,linear_role_derived_v1,162201600,35827073.04749773
,,expert.layers.10.self_attn.k_proj,denoise,8,activation,self,linear,1465,50,720,320,52740000,210960000,8,4,0.5338307878270763,11520000,linear_role_derived_v1,368640000,80110535.04107803
,,expert.layers.10.self_attn.k_proj,denoise,8,output,self,linear,1465,22,720,320,23440000,93760000,8,4,0.5313327005119454,5068800,linear_role_derived_v1,162201600,35627425.33870906
,,expert.layers.10.self_attn.k_proj,denoise,9,activation,self,linear,1465,50,720,320,52740000,210960000,8,4,0.5337147847933258,11520000,linear_role_derived_v1,368640000,80150409.9239121
,,expert.layers.10.self_attn.k_proj,denoise,9,output,self,linear,1465,22,720,320,23440000,93760000,8,4,0.5336983681740615,5068800,linear_role_derived_v1,162201600,35268663.66056003
,,expert.layers.10.self_attn.v_proj,denoise,0,activation,self,linear,1465,50,720,320,52740000,210960000,8,4,0.5359867984452029,11520000,linear_role_derived_v1,368640000,79371233.72868381
,,expert.layers.10.self_attn.v_proj,denoise,0,output,self,linear,1465,22,720,320,23440000,93760000,8,4,0.530486401450512,5068800,linear_role_derived_v1,162201600,35756210.42678348
,,expert.layers.10.self_attn.v_proj,denoise,1,activation,self,linear,1465,50,720,320,52740000,210960000,8,4,0.5362077929465301,11520000,linear_role_derived_v1,368640000,79295647.82230562
,,expert.layers.10.self_attn.v_proj,denoise,1,output,self,linear,1465,22,720,320,23440000,93760000,8,4,0.531034353668942,5068800,linear_role_derived_v1,162201600,35672799.58660217
,,expert.layers.10.self_attn.v_proj,denoise,2,activation,self,linear,1465,50,720,320,52740000,210960000,8,4,0.5361521899886235,11520000,linear_role_derived_v1,368640000,79314662.09981033
,,expert.layers.10.self_attn.v_proj,denoise,2,output,self,linear,1465,22,720,320,23440000,93760000,8,4,0.5310338950511946,5068800,linear_role_derived_v1,162201600,35672869.357968666
,,expert.layers.10.self_attn.v_proj,denoise,3,activation,self,linear,1465,50,720,320,52740000,210960000,8,4,0.5359040813424346,11520000,linear_role_derived_v1,368640000,79399534.40487365
,,expert.layers.10.self_attn.v_proj,denoise,3,output,self,linear,1465,22,720,320,23440000,93760000,8,4,0.5310515038395904,5068800,linear_role_derived_v1,162201600,35670190.510997266
,,expert.layers.10.self_attn.v_proj,denoise,4,activation,self,linear,1465,50,720,320,52740000,210960000,8,4,0.5355076270383011,11520000,linear_role_derived_v1,368640000,79535246.57587445
,,expert.layers.10.self_attn.v_proj,denoise,4,output,self,linear,1465,22,720,320,23440000,93760000,8,4,0.5309365081058021,5068800,linear_role_derived_v1,162201600,35687686.77211317
,,expert.layers.10.self_attn.v_proj,denoise,5,activation,self,linear,1465,50,720,320,52740000,210960000,8,4,0.5351379171406901,11520000,linear_role_derived_v1,368640000,79661908.16144027
,,expert.layers.10.self_attn.v_proj,denoise,5,output,self,linear,1465,22,720,320,23440000,93760000,8,4,0.5308632679180887,5068800,linear_role_derived_v1,162201600,35698832.28645132
,,expert.layers.10.self_attn.v_proj,denoise,6,activation,self,linear,1465,50,720,320,52740000,210960000,8,4,0.5345985163064088,11520000,linear_role_derived_v1,368640000,79846886.16315964
,,expert.layers.10.self_attn.v_proj,denoise,6,output,self,linear,1465,22,720,320,23440000,93760000,8,4,0.5307796395051194,5068800,linear_role_derived_v1,162201600,35711560.78361252
,,expert.layers.10.self_attn.v_proj,denoise,7,activation,self,linear,1465,50,720,320,52740000,210960000,8,4,0.5342246255214259,11520000,linear_role_derived_v1,368640000,79975231.29286261
,,expert.layers.10.self_attn.v_proj,denoise,7,output,self,linear,1465,22,720,320,23440000,93760000,8,4,0.5305591936860068,5068800,linear_role_derived_v1,162201600,35745124.176102154
,,expert.layers.10.self_attn.v_proj,denoise,8,activation,self,linear,1465,50,720,320,52740000,210960000,8,4,0.5338307878270763,11520000,linear_role_derived_v1,368640000,80110535.04107803
,,expert.layers.10.self_attn.v_proj,denoise,8,output,self,linear,1465,22,720,320,23440000,93760000,8,4,0.530072994880546,5068800,linear_role_derived_v1,162201600,35819204.811019704
,,expert.layers.10.self_attn.v_proj,denoise,9,activation,self,linear,1465,50,720,320,52740000,210960000,8,4,0.5337147847933258,11520000,linear_role_derived_v1,368640000,80150409.9239121
,,expert.layers.10.self_attn.v_proj,denoise,9,output,self,linear,1465,22,720,320,23440000,93760000,8,4,0.5291830524744028,5068800,linear_role_derived_v1,162201600,35955001.277898386
,,expert.layers.10.self_attn.o_proj,denoise,0,activation,unknown,linear,1465,50,960,720,70320000,281280000,8,4,0.5304660374004551,34560000,linear_role_derived_v1,1105920000,243813492.1187178
,,expert.layers.10.self_attn.o_proj,denoise,0,output,unknown,linear,1465,37,960,720,52740000,210960000,8,4,0.5256711841107319,25574400,linear_role_derived_v1,818380800,184125716.69080663
,,expert.layers.10.self_attn.o_proj,denoise,1,activation,unknown,linear,1465,50,960,720,70320000,281280000,8,4,0.5314248329067122,34560000,linear_role_derived_v1,1105920000,242818767.04647458
,,expert.layers.10.self_attn.o_proj,denoise,1,output,unknown,linear,1465,37,960,720,52740000,210960000,8,4,0.525371966249526,25574400,linear_role_derived_v1,818380800,184358091.69524267
,,expert.layers.10.self_attn.o_proj,denoise,2,activation,unknown,linear,1465,50,960,720,70320000,281280000,8,4,0.5314856584186576,34560000,linear_role_derived_v1,1105920000,242755730.76868168
,,expert.layers.10.self_attn.o_proj,denoise,2,output,unknown,linear,1465,37,960,720,52740000,210960000,8,4,0.525229669131589,25574400,linear_role_derived_v1,818380800,184468652.20061395
,,expert.layers.10.self_attn.o_proj,denoise,3,activation,unknown,linear,1465,50,960,720,70320000,281280000,8,4,0.5315213417235495,34560000,linear_role_derived_v1,1105920000,242718754.32585582
,,expert.layers.10.self_attn.o_proj,denoise,3,output,unknown,linear,1465,37,960,720,52740000,210960000,8,4,0.5250743553280243,25574400,linear_role_derived_v1,818380800,184589364.10040292
,,expert.layers.10.self_attn.o_proj,denoise,4,activation,unknown,linear,1465,50,960,720,70320000,281280000,8,4,0.531428093003413,34560000,linear_role_derived_v1,1105920000,242815388.25065643
,,expert.layers.10.self_attn.o_proj,denoise,4,output,unknown,linear,1465,37,960,720,52740000,210960000,8,4,0.5249101535836177,25574400,linear_role_derived_v1,818380800,184717026.75928986
,,expert.layers.10.self_attn.o_proj,denoise,5,activation,unknown,linear,1465,50,960,720,70320000,281280000,8,4,0.5313561362343572,34560000,linear_role_derived_v1,1105920000,242889970.41029695
,,expert.layers.10.self_attn.o_proj,denoise,5,output,unknown,linear,1465,37,960,720,52740000,210960000,8,4,0.5247255925293894,25574400,linear_role_derived_v1,818380800,184860570.9386903
,,expert.layers.10.self_attn.o_proj,denoise,6,activation,unknown,linear,1465,50,960,720,70320000,281280000,8,4,0.5310568223833902,34560000,linear_role_derived_v1,1105920000,243200327.82317185
,,expert.layers.10.self_attn.o_proj,denoise,6,output,unknown,linear,1465,37,960,720,52740000,210960000,8,4,0.5245157281001138,25574400,linear_role_derived_v1,818380800,185023862.80967432
,,expert.layers.10.self_attn.o_proj,denoise,7,activation,unknown,linear,1465,50,960,720,70320000,281280000,8,4,0.5307273499715586,34560000,linear_role_derived_v1,1105920000,243542185.6459708
,,expert.layers.10.self_attn.o_proj,denoise,7,output,unknown,linear,1465,37,960,720,52740000,210960000,8,4,0.524279427379598,25574400,linear_role_derived_v1,818380800,185207810.58135563
,,expert.layers.10.self_attn.o_proj,denoise,8,activation,unknown,linear,1465,50,960,720,70320000,281280000,8,4,0.5300548919226393,34560000,linear_role_derived_v1,1105920000,244240667.62169302
,,expert.layers.10.self_attn.o_proj,denoise,8,output,unknown,linear,1465,37,960,720,52740000,210960000,8,4,0.5243297923777019,25574400,linear_role_derived_v1,818380800,185168596.39645854
,,expert.layers.10.self_attn.o_proj,denoise,9,activation,unknown,linear,1465,50,960,720,70320000,281280000,8,4,0.5292198414391354,34560000,linear_role_derived_v1,1105920000,245109426.49360412
,,expert.layers.10.self_attn.o_proj,denoise,9,output,unknown,linear,1465,37,960,720,52740000,210960000,8,4,0.5246532992036405,25574400,linear_role_derived_v1,818380800,184916812.98188353
,,expert.layers.10.mlp.gate_proj,denoise,0,activation,unknown,linear,1465,50,720,2048,52740000,210960000,8,4,0.5356751706484641,73728000,linear_role_derived_v1,2359296000,508658430.6063103
,,expert.layers.10.mlp.gate_proj,denoise,0,output,unknown,linear,1465,142,720,2048,150016000,600064000,8,4,0.5317989914409129,209387520,linear_role_derived_v1,6700400640,1468809460.7550647
,,expert.layers.10.mlp.gate_proj,denoise,1,activation,unknown,linear,1465,50,720,2048,52740000,210960000,8,4,0.5359914912779674,73728000,linear_role_derived_v1,2359296000,507965621.009908
,,expert.layers.10.mlp.gate_proj,denoise,1,output,unknown,linear,1465,142,720,2048,150016000,600064000,8,4,0.5304247430274104,209387520,linear_role_derived_v1,6700400640,1477444518.6272273
,,expert.layers.10.mlp.gate_proj,denoise,2,activation,unknown,linear,1465,50,720,2048,52740000,210960000,8,4,0.5359236395525218,73728000,linear_role_derived_v1,2359296000,508114190.9744779
,,expert.layers.10.mlp.gate_proj,denoise,2,output,unknown,linear,1465,142,720,2048,150016000,600064000,8,4,0.5284208534422995,209387520,linear_role_derived_v1,6700400640,1490081269.9203954
,,expert.layers.10.mlp.gate_proj,denoise,3,activation,unknown,linear,1465,50,720,2048,52740000,210960000,8,4,0.535645288206295,73728000,linear_role_derived_v1,2359296000,508723903.9313861
,,expert.layers.10.mlp.gate_proj,denoise,3,output,unknown,linear,1465,142,720,2048,150016000,600064000,8,4,0.5264120043861988,209387520,linear_role_derived_v1,6700400640,1502803308.028248
,,expert.layers.10.mlp.gate_proj,denoise,4,activation,unknown,linear,1465,50,720,2048,52740000,210960000,8,4,0.5351803375047403,73728000,linear_role_derived_v1,2359296000,509743167.64328486
,,expert.layers.10.mlp.gate_proj,denoise,4,output,unknown,linear,1465,142,720,2048,150016000,600064000,8,4,0.5245873990107722,209387520,linear_role_derived_v1,6700400640,1514405397.409038
,,expert.layers.10.mlp.gate_proj,denoise,5,activation,unknown,linear,1465,50,720,2048,52740000,210960000,8,4,0.534778318164581,73728000,linear_role_derived_v1,2359296000,510625295.6953431
,,expert.layers.10.mlp.gate_proj,denoise,5,output,unknown,linear,1465,142,720,2048,150016000,600064000,8,4,0.5226986671421715,209387520,linear_role_derived_v1,6700400640,1526462240.1581984
,,expert.layers.10.mlp.gate_proj,denoise,6,activation,unknown,linear,1465,50,720,2048,52740000,210960000,8,4,0.5342818069776261,73728000,linear_role_derived_v1,2359296000,511715814.35791975
,,expert.layers.10.mlp.gate_proj,denoise,6,output,unknown,linear,1465,142,720,2048,150016000,600064000,8,4,0.521048973109535,209387520,linear_role_derived_v1,6700400640,1537032281.714866
,,expert.layers.10.mlp.gate_proj,denoise,7,activation,unknown,linear,1465,50,720,2048,52740000,210960000,8,4,0.5339131825938567,73728000,linear_role_derived_v1,2359296000,512526199.6164614
,,expert.layers.10.mlp.gate_proj,denoise,7,output,unknown,linear,1465,142,720,2048,150016000,600064000,8,4,0.5195769051301194,209387520,linear_role_derived_v1,6700400640,1546495015.8212712
,,expert.layers.10.mlp.gate_proj,denoise,8,activation,unknown,linear,1465,50,720,2048,52740000,210960000,8,4,0.5334444017823284,73728000,linear_role_derived_v1,2359296000,513557695.3138039
,,expert.layers.10.mlp.gate_proj,denoise,8,output,unknown,linear,1465,142,720,2048,150016000,600064000,8,4,0.5181189456457977,209387520,linear_role_derived_v1,6700400640,1555895681.0091708
,,expert.layers.10.mlp.gate_proj,denoise,9,activation,unknown,linear,1465,50,720,2048,52740000,210960000,8,4,0.5333247914296549,73728000,linear_role_derived_v1,2359296000,513821049.5260461
,,expert.layers.10.mlp.gate_proj,denoise,9,output,unknown,linear,1465,142,720,2048,150016000,600064000,8,4,0.5165873073538823,209387520,linear_role_derived_v1,6700400640,1565802095.148955
,,expert.layers.10.mlp.up_proj,denoise,0,activation,unknown,linear,1465,50,720,2048,52740000,210960000,8,4,0.5356751706484641,73728000,linear_role_derived_v1,2359296000,508658430.6063103
,,expert.layers.10.mlp.up_proj,denoise,0,output,unknown,linear,1465,142,720,2048,150016000,600064000,8,4,0.5264839600442619,209387520,linear_role_derived_v1,6700400640,1502346679.1141396
,,expert.layers.10.mlp.up_proj,denoise,1,activation,unknown,linear,1465,50,720,2048,52740000,210960000,8,4,0.5359914912779674,73728000,linear_role_derived_v1,2359296000,507965621.009908
,,expert.layers.10.mlp.up_proj,denoise,1,output,unknown,linear,1465,142,720,2048,150016000,600064000,8,4,0.5265269504586177,209387520,linear_role_derived_v1,6700400640,1502073896.0660717
,,expert.layers.10.mlp.up_proj,denoise,2,activation,unknown,linear,1465,50,720,2048,52740000,210960000,8,4,0.5359236395525218,73728000,linear_role_derived_v1,2359296000,508114190.9744779
,,expert.layers.10.mlp.up_proj,denoise,2,output,unknown,linear,1465,142,720,2048,150016000,600064000,8,4,0.5266193822658917,209387520,linear_role_derived_v1,6700400640,1501487481.0511768
,,expert.layers.10.mlp.up_proj,denoise,3,activation,unknown,linear,1465,50,720,2048,52740000,210960000,8,4,0.535645288206295,73728000,linear_role_derived_v1,2359296000,508723903.9313861
,,expert.layers.10.mlp.up_proj,denoise,3,output,unknown,linear,1465,142,720,2048,150016000,600064000,8,4,0.5267120307167236,209387520,linear_role_derived_v1,6700400640,1500899806.4792354
,,expert.layers.10.mlp.up_proj,denoise,4,activation,unknown,linear,1465,50,720,2048,52740000,210960000,8,4,0.5351803375047403,73728000,linear_role_derived_v1,2359296000,509743167.64328486
,,expert.layers.10.mlp.up_proj,denoise,4,output,unknown,linear,1465,142,720,2048,150016000,600064000,8,4,0.52681816106282,209387520,linear_role_derived_v1,6700400640,1500226756.8075619
,,expert.layers.10.mlp.up_proj,denoise,5,activation,unknown,linear,1465,50,720,2048,52740000,210960000,8,4,0.534778318164581,73728000,linear_role_derived_v1,2359296000,510625295.6953431
,,expert.layers.10.mlp.up_proj,denoise,5,output,unknown,linear,1465,142,720,2048,150016000,600064000,8,4,0.5270452851695819,209387520,linear_role_derived_v1,6700400640,1498786904.9022138
,,expert.layers.10.mlp.up_proj,denoise,6,activation,unknown,linear,1465,50,720,2048,52740000,210960000,8,4,0.5342818069776261,73728000,linear_role_derived_v1,2359296000,511715814.35791975
,,expert.layers.10.mlp.up_proj,denoise,6,output,unknown,linear,1465,142,720,2048,150016000,600064000,8,4,0.5273057407209898,209387520,linear_role_derived_v1,6700400640,1497136599.4073396
,,expert.layers.10.mlp.up_proj,denoise,7,activation,unknown,linear,1465,50,720,2048,52740000,210960000,8,4,0.5339131825938567,73728000,linear_role_derived_v1,2359296000,512526199.6164614
,,expert.layers.10.mlp.up_proj,denoise,7,output,unknown,linear,1465,142,720,2048,150016000,600064000,8,4,0.527669560246907,209387520,linear_role_derived_v1,6700400640,1494832878.1254416
,,expert.layers.10.mlp.up_proj,denoise,8,activation,unknown,linear,1465,50,720,2048,52740000,210960000,8,4,0.5334444017823284,73728000,linear_role_derived_v1,2359296000,513557695.3138039
,,expert.layers.10.mlp.up_proj,denoise,8,output,unknown,linear,1465,142,720,2048,150016000,600064000,8,4,0.5279494937206698,209387520,linear_role_derived_v1,6700400640,1493061534.490899
,,expert.layers.10.mlp.up_proj,denoise,9,activation,unknown,linear,1465,50,720,2048,52740000,210960000,8,4,0.5333247914296549,73728000,linear_role_derived_v1,2359296000,513821049.5260461
,,expert.layers.10.mlp.up_proj,denoise,9,output,unknown,linear,1465,142,720,2048,150016000,600064000,8,4,0.5283653676941126,209387520,linear_role_derived_v1,6700400640,1490431934.8667357
,,expert.layers.10.mlp.down_proj,denoise,0,activation,unknown,linear,1465,50,2048,720,150016000,600064000,8,4,0.5366346006425982,73728000,linear_role_derived_v1,2359296000,506558530.1637826
,,expert.layers.10.mlp.down_proj,denoise,0,output,unknown,linear,1465,17,2048,720,52740000,210960000,8,4,0.5265387751232461,25067520,linear_role_derived_v1,802160640,179816766.18333453
,,expert.layers.10.mlp.down_proj,denoise,1,activation,unknown,linear,1465,50,2048,720,150016000,600064000,8,4,0.536927317752773,73728000,linear_role_derived_v1,2359296000,505918726.18142664
,,expert.layers.10.mlp.down_proj,denoise,1,output,unknown,linear,1465,17,2048,720,52740000,210960000,8,4,0.5266401592718999,25067520,linear_role_derived_v1,802160640,179739764.6596492
,,expert.layers.10.mlp.down_proj,denoise,2,activation,unknown,linear,1465,50,2048,720,150016000,600064000,8,4,0.5373136348789462,73728000,linear_role_derived_v1,2359296000,505074955.6412639
,,expert.layers.10.mlp.down_proj,denoise,2,output,unknown,linear,1465,17,2048,720,52740000,210960000,8,4,0.52691045221843,25067520,linear_role_derived_v1,802160640,179534557.0525928
,,expert.layers.10.mlp.down_proj,denoise,3,activation,unknown,linear,1465,50,2048,720,150016000,600064000,8,4,0.5377175234641638,73728000,linear_role_derived_v1,2359296000,504193559.5625391
,,expert.layers.10.mlp.down_proj,denoise,3,output,unknown,linear,1465,17,2048,720,52740000,210960000,8,4,0.5271839922260144,25067520,linear_role_derived_v1,802160640,179327003.59181693
,,expert.layers.10.mlp.down_proj,denoise,4,activation,unknown,linear,1465,50,2048,720,150016000,600064000,8,4,0.5380403590283703,73728000,linear_role_derived_v1,2359296000,503489597.0087031
,,expert.layers.10.mlp.down_proj,denoise,4,output,unknown,linear,1465,17,2048,720,52740000,210960000,8,4,0.5274478621539629,25067520,linear_role_derived_v1,802160640,179126901.23146573
,,expert.layers.10.mlp.down_proj,denoise,5,activation,unknown,linear,1465,50,2048,720,150016000,600064000,8,4,0.5384012338683873,73728000,linear_role_derived_v1,2359296000,502703269.62206674
,,expert.layers.10.mlp.down_proj,denoise,5,output,unknown,linear,1465,17,2048,720,52740000,210960000,8,4,0.5276986016306409,25067520,linear_role_derived_v1,802160640,178936859.6847802
,,expert.layers.10.mlp.down_proj,denoise,6,activation,unknown,linear,1465,50,2048,720,150016000,600064000,8,4,0.5386435530210111,73728000,linear_role_derived_v1,2359296000,502175613.7201178
,,expert.layers.10.mlp.down_proj,denoise,6,output,unknown,linear,1465,17,2048,720,52740000,210960000,8,4,0.5279500568828214,25067520,linear_role_derived_v1,802160640,178746376.93088186
,,expert.layers.10.mlp.down_proj,denoise,7,activation,unknown,linear,1465,50,2048,720,150016000,600064000,8,4,0.5388621996986988,73728000,linear_role_derived_v1,2359296000,501699743.0035756
,,expert.layers.10.mlp.down_proj,denoise,7,output,unknown,linear,1465,17,2048,720,52740000,210960000,8,4,0.5280374478574137,25067520,linear_role_derived_v1,802160640,178680200.1444411
,,expert.layers.10.mlp.down_proj,denoise,8,activation,unknown,linear,1465,50,2048,720,150016000,600064000,8,4,0.5388917132172568,73728000,linear_role_derived_v1,2359296000,501635525.9698246
,,expert.layers.10.mlp.down_proj,denoise,8,output,unknown,linear,1465,17,2048,720,52740000,210960000,8,4,0.5280566647705727,25067520,linear_role_derived_v1,802160640,178665649.7867097
,,expert.layers.10.mlp.down_proj,denoise,9,activation,unknown,linear,1465,50,2048,720,150016000,600064000,8,4,0.5388910016264932,73728000,linear_role_derived_v1,2359296000,501637074.237304
,,expert.layers.10.mlp.down_proj,denoise,9,output,unknown,linear,1465,17,2048,720,52740000,210960000,8,4,0.5278996444823664,25067520,linear_role_derived_v1,802160640,178784557.27696663
,,expert.layers.11.self_attn.q_proj,denoise,0,activation,cross,linear,1465,50,720,960,52740000,210960000,8,4,0.5353832527493364,34560000,linear_role_derived_v1,1105920000,238733536.8415744
,,expert.layers.11.self_attn.q_proj,denoise,0,output,cross,linear,1465,66,720,960,70320000,281280000,8,4,0.5251882928043231,45619200,linear_role_derived_v1,1459814400,329109546.83671385
,,expert.layers.11.self_attn.q_proj,denoise,1,activation,cross,linear,1465,50,720,960,52740000,210960000,8,4,0.535693809252939,34560000,linear_role_derived_v1,1105920000,238414497.65614584
,,expert.layers.11.self_attn.q_proj,denoise,1,output,cross,linear,1465,66,720,960,70320000,281280000,8,4,0.5252977282423208,45619200,linear_role_derived_v1,1459814400,328957856.82436794
,,expert.layers.11.self_attn.q_proj,denoise,2,activation,cross,linear,1465,50,720,960,52740000,210960000,8,4,0.5357559489950702,34560000,linear_role_derived_v1,1105920000,238350686.21306401
,,expert.layers.11.self_attn.q_proj,denoise,2,output,cross,linear,1465,66,720,960,70320000,281280000,8,4,0.525410715301479,45619200,linear_role_derived_v1,1459814400,328801280.54596823
,,expert.layers.11.self_attn.q_proj,denoise,3,activation,cross,linear,1465,50,720,960,52740000,210960000,8,4,0.5356443970420933,34560000,linear_role_derived_v1,1105920000,238465245.26415172
,,expert.layers.11.self_attn.q_proj,denoise,3,output,cross,linear,1465,66,720,960,70320000,281280000,8,4,0.5253564846416382,45619200,linear_role_derived_v1,1459814400,328876428.1725311
,,expert.layers.11.self_attn.q_proj,denoise,4,activation,cross,linear,1465,50,720,960,52740000,210960000,8,4,0.5353805792567311,34560000,linear_role_derived_v1,1105920000,238736284.28529212
,,expert.layers.11.self_attn.q_proj,denoise,4,output,cross,linear,1465,66,720,960,70320000,281280000,8,4,0.525386444112628,45619200,linear_role_derived_v1,1459814400,328834912.1609097
,,expert.layers.11.self_attn.q_proj,denoise,5,activation,cross,linear,1465,50,720,960,52740000,210960000,8,4,0.5349839400834281,34560000,linear_role_derived_v1,1105920000,239144069.99936965
,,expert.layers.11.self_attn.q_proj,denoise,5,output,cross,linear,1465,66,720,960,70320000,281280000,8,4,0.5251477637940842,45619200,linear_role_derived_v1,1459814400,329165733.54510766
,,expert.layers.11.self_attn.q_proj,denoise,6,activation,cross,linear,1465,50,720,960,52740000,210960000,8,4,0.5343981323473644,34560000,linear_role_derived_v1,1105920000,239746976.8648214
,,expert.layers.11.self_attn.q_proj,denoise,6,output,cross,linear,1465,66,720,960,70320000,281280000,8,4,0.5250274139647326,45619200,linear_role_derived_v1,1459814400,329332606.7616338
,,expert.layers.11.self_attn.q_proj,denoise,7,activation,cross,linear,1465,50,720,960,52740000,210960000,8,4,0.5340113813045128,34560000,linear_role_derived_v1,1105920000,240145432.7542031
,,expert.layers.11.self_attn.q_proj,denoise,7,output,cross,linear,1465,66,720,960,70320000,281280000,8,4,0.5247834115472128,45619200,linear_role_derived_v1,1459814400,329671062.4758478
,,expert.layers.11.self_attn.q_proj,denoise,8,activation,cross,linear,1465,50,720,960,52740000,210960000,8,4,0.5335425578308685,34560000,linear_role_derived_v1,1105920000,240628888.55896696
,,expert.layers.11.self_attn.q_proj,denoise,8,output,cross,linear,1465,66,720,960,70320000,281280000,8,4,0.5245414391353811,45619200,linear_role_derived_v1,1459814400,330006874.0327244
,,expert.layers.11.self_attn.q_proj,denoise,9,activation,cross,linear,1465,50,720,960,52740000,210960000,8,4,0.5333832480091012,34560000,linear_role_derived_v1,1105920000,240793281.2263617
,,expert.layers.11.self_attn.q_proj,denoise,9,output,cross,linear,1465,66,720,960,70320000,281280000,8,4,0.5244488801194539,45619200,linear_role_derived_v1,1459814400,330135373.4948464
,,expert.layers.11.self_attn.k_proj,denoise,0,activation,cross,linear,1465,177,320,320,82977600,331910400,8,4,0.5325205718169723,18124800,linear_role_derived_v1,579993600,126750070.51221076
,,expert.layers.11.self_attn.k_proj,denoise,0,output,cross,linear,1465,177,320,320,82977600,331910400,8,4,0.5229525046518578,18124800,linear_role_derived_v1,579993600,131991644.95880067
,,expert.layers.11.self_attn.k_proj,denoise,1,activation,cross,linear,1465,177,320,320,82977600,331910400,8,4,0.5325205718169723,18124800,linear_role_derived_v1,579993600,126750070.51221076
,,expert.layers.11.self_attn.k_proj,denoise,1,output,cross,linear,1465,177,320,320,82977600,331910400,8,4,0.5229525046518578,18124800,linear_role_derived_v1,579993600,131991644.95880067
,,expert.layers.11.self_attn.k_proj,denoise,2,activation,cross,linear,1465,177,320,320,82977600,331910400,8,4,0.5325205718169723,18124800,linear_role_derived_v1,579993600,126750070.51221076
,,expert.layers.11.self_attn.k_proj,denoise,2,output,cross,linear,1465,177,320,320,82977600,331910400,8,4,0.5229525046518578,18124800,linear_role_derived_v1,579993600,131991644.95880067
,,expert.layers.11.self_attn.k_proj,denoise,3,activation,cross,linear,1465,177,320,320,82977600,331910400,8,4,0.5325205718169723,18124800,linear_role_derived_v1,579993600,126750070.51221076
,,expert.layers.11.self_attn.k_proj,denoise,3,output,cross,linear,1465,177,320,320,82977600,331910400,8,4,0.5229525046518578,18124800,linear_role_derived_v1,579993600,131991644.95880067
,,expert.layers.11.self_attn.k_proj,denoise,4,activation,cross,linear,1465,177,320,320,82977600,331910400,8,4,0.5325205718169723,18124800,linear_role_derived_v1,579993600,126750070.51221076
,,expert.layers.11.self_attn.k_proj,denoise,4,output,cross,linear,1465,177,320,320,82977600,331910400,8,4,0.5229525046518578,18124800,linear_role_derived_v1,579993600,131991644.95880067
,,expert.layers.11.self_attn.k_proj,denoise,5,activation,cross,linear,1465,177,320,320,82977600,331910400,8,4,0.5325205718169723,18124800,linear_role_derived_v1,579993600,126750070.51221076
,,expert.layers.11.self_attn.k_proj,denoise,5,output,cross,linear,1465,177,320,320,82977600,331910400,8,4,0.5229525046518578,18124800,linear_role_derived_v1,579993600,131991644.95880067
,,expert.layers.11.self_attn.k_proj,denoise,6,activation,cross,linear,1465,177,320,320,82977600,331910400,8,4,0.5325205718169723,18124800,linear_role_derived_v1,579993600,126750070.51221076
,,expert.layers.11.self_attn.k_proj,denoise,6,output,cross,linear,1465,177,320,320,82977600,331910400,8,4,0.5229525046518578,18124800,linear_role_derived_v1,579993600,131991644.95880067
,,expert.layers.11.self_attn.k_proj,denoise,7,activation,cross,linear,1465,177,320,320,82977600,331910400,8,4,0.5325205718169723,18124800,linear_role_derived_v1,579993600,126750070.51221076
,,expert.layers.11.self_attn.k_proj,denoise,7,output,cross,linear,1465,177,320,320,82977600,331910400,8,4,0.5229525046518578,18124800,linear_role_derived_v1,579993600,131991644.95880067
,,expert.layers.11.self_attn.k_proj,denoise,8,activation,cross,linear,1465,177,320,320,82977600,331910400,8,4,0.5325205718169723,18124800,linear_role_derived_v1,579993600,126750070.51221076
,,expert.layers.11.self_attn.k_proj,denoise,8,output,cross,linear,1465,177,320,320,82977600,331910400,8,4,0.5229525046518578,18124800,linear_role_derived_v1,579993600,131991644.95880067
,,expert.layers.11.self_attn.k_proj,denoise,9,activation,cross,linear,1465,177,320,320,82977600,331910400,8,4,0.5325205718169723,18124800,linear_role_derived_v1,579993600,126750070.51221076
,,expert.layers.11.self_attn.k_proj,denoise,9,output,cross,linear,1465,177,320,320,82977600,331910400,8,4,0.5229525046518578,18124800,linear_role_derived_v1,579993600,131991644.95880067
,,expert.layers.11.self_attn.v_proj,denoise,0,activation,cross,linear,1465,177,320,320,82977600,331910400,8,4,0.5297764095370316,18124800,linear_role_derived_v1,579993600,128242515.41073336
,,expert.layers.11.self_attn.v_proj,denoise,0,output,cross,linear,1465,177,320,320,82977600,331910400,8,4,0.5224829140635545,18124800,linear_role_derived_v1,579993600,132251629.72508499
,,expert.layers.11.self_attn.v_proj,denoise,1,activation,cross,linear,1465,177,320,320,82977600,331910400,8,4,0.5297764095370316,18124800,linear_role_derived_v1,579993600,128242515.41073336
,,expert.layers.11.self_attn.v_proj,denoise,1,output,cross,linear,1465,177,320,320,82977600,331910400,8,4,0.5224829140635545,18124800,linear_role_derived_v1,579993600,132251629.72508499
,,expert.layers.11.self_attn.v_proj,denoise,2,activation,cross,linear,1465,177,320,320,82977600,331910400,8,4,0.5297764095370316,18124800,linear_role_derived_v1,579993600,128242515.41073336
,,expert.layers.11.self_attn.v_proj,denoise,2,output,cross,linear,1465,177,320,320,82977600,331910400,8,4,0.5224829140635545,18124800,linear_role_derived_v1,579993600,132251629.72508499
,,expert.layers.11.self_attn.v_proj,denoise,3,activation,cross,linear,1465,177,320,320,82977600,331910400,8,4,0.5297764095370316,18124800,linear_role_derived_v1,579993600,128242515.41073336
,,expert.layers.11.self_attn.v_proj,denoise,3,output,cross,linear,1465,177,320,320,82977600,331910400,8,4,0.5224829140635545,18124800,linear_role_derived_v1,579993600,132251629.72508499
,,expert.layers.11.self_attn.v_proj,denoise,4,activation,cross,linear,1465,177,320,320,82977600,331910400,8,4,0.5297764095370316,18124800,linear_role_derived_v1,579993600,128242515.41073336
,,expert.layers.11.self_attn.v_proj,denoise,4,output,cross,linear,1465,177,320,320,82977600,331910400,8,4,0.5224829140635545,18124800,linear_role_derived_v1,579993600,132251629.72508499
,,expert.layers.11.self_attn.v_proj,denoise,5,activation,cross,linear,1465,177,320,320,82977600,331910400,8,4,0.5297764095370316,18124800,linear_role_derived_v1,579993600,128242515.41073336
,,expert.layers.11.self_attn.v_proj,denoise,5,output,cross,linear,1465,177,320,320,82977600,331910400,8,4,0.5224829140635545,18124800,linear_role_derived_v1,579993600,132251629.72508499
,,expert.layers.11.self_attn.v_proj,denoise,6,activation,cross,linear,1465,177,320,320,82977600,331910400,8,4,0.5297764095370316,18124800,linear_role_derived_v1,579993600,128242515.41073336
,,expert.layers.11.self_attn.v_proj,denoise,6,output,cross,linear,1465,177,320,320,82977600,331910400,8,4,0.5224829140635545,18124800,linear_role_derived_v1,579993600,132251629.72508499
,,expert.layers.11.self_attn.v_proj,denoise,7,activation,cross,linear,1465,177,320,320,82977600,331910400,8,4,0.5297764095370316,18124800,linear_role_derived_v1,579993600,128242515.41073336
,,expert.layers.11.self_attn.v_proj,denoise,7,output,cross,linear,1465,177,320,320,82977600,331910400,8,4,0.5224829140635545,18124800,linear_role_derived_v1,579993600,132251629.72508499
,,expert.layers.11.self_attn.v_proj,denoise,8,activation,cross,linear,1465,177,320,320,82977600,331910400,8,4,0.5297764095370316,18124800,linear_role_derived_v1,579993600,128242515.41073336
,,expert.layers.11.self_attn.v_proj,denoise,8,output,cross,linear,1465,177,320,320,82977600,331910400,8,4,0.5224829140635545,18124800,linear_role_derived_v1,579993600,132251629.72508499
,,expert.layers.11.self_attn.v_proj,denoise,9,activation,cross,linear,1465,177,320,320,82977600,331910400,8,4,0.5297764095370316,18124800,linear_role_derived_v1,579993600,128242515.41073336
,,expert.layers.11.self_attn.v_proj,denoise,9,output,cross,linear,1465,177,320,320,82977600,331910400,8,4,0.5224829140635545,18124800,linear_role_derived_v1,579993600,132251629.72508499
,,expert.layers.11.self_attn.o_proj,denoise,0,activation,unknown,linear,1465,50,960,720,70320000,281280000,8,4,0.5257550092434585,34560000,linear_role_derived_v1,1105920000,248730599.58608472
,,expert.layers.11.self_attn.o_proj,denoise,0,output,unknown,linear,1465,37,960,720,52740000,210960000,8,4,0.5267717292377702,25574400,linear_role_derived_v1,818380800,183272285.18593472
,,expert.layers.11.self_attn.o_proj,denoise,1,activation,unknown,linear,1465,50,960,720,70320000,281280000,8,4,0.5258488267918089,34560000,linear_role_derived_v1,1105920000,248632199.0236983
,,expert.layers.11.self_attn.o_proj,denoise,1,output,unknown,linear,1465,37,960,720,52740000,210960000,8,4,0.5266832290481608,25574400,linear_role_derived_v1,818380800,183340840.4673426
,,expert.layers.11.self_attn.o_proj,denoise,2,activation,unknown,linear,1465,50,960,720,70320000,281280000,8,4,0.5259023926336747,34560000,linear_role_derived_v1,1105920000,248576025.2060798
,,expert.layers.11.self_attn.o_proj,denoise,2,output,unknown,linear,1465,37,960,720,52740000,210960000,8,4,0.526639220705347,25574400,linear_role_derived_v1,818380800,183374935.6110371
,,expert.layers.11.self_attn.o_proj,denoise,3,activation,unknown,linear,1465,50,960,720,70320000,281280000,8,4,0.525915308589306,34560000,linear_role_derived_v1,1105920000,248562481.35717967
,,expert.layers.11.self_attn.o_proj,denoise,3,output,unknown,linear,1465,37,960,720,52740000,210960000,8,4,0.5265814893818733,25574400,linear_role_derived_v1,818380800,183419667.34105757
,,expert.layers.11.self_attn.o_proj,denoise,4,activation,unknown,linear,1465,50,960,720,70320000,281280000,8,4,0.5259816375142207,34560000,linear_role_derived_v1,1105920000,248492933.74627396
,,expert.layers.11.self_attn.o_proj,denoise,4,output,unknown,linear,1465,37,960,720,52740000,210960000,8,4,0.526546928327645,25574400,linear_role_derived_v1,818380800,183446448.754616
,,expert.layers.11.self_attn.o_proj,denoise,5,activation,unknown,linear,1465,50,960,720,70320000,281280000,8,4,0.5260033098691695,34560000,linear_role_derived_v1,1105920000,248470211.82503024
,,expert.layers.11.self_attn.o_proj,denoise,5,output,unknown,linear,1465,37,960,720,52740000,210960000,8,4,0.526510328972317,25574400,linear_role_derived_v1,818380800,183474811.7822125
,,expert.layers.11.self_attn.o_proj,denoise,6,activation,unknown,linear,1465,50,960,720,70320000,281280000,8,4,0.5260311646757679,34560000,linear_role_derived_v1,1105920000,248441009.56907287
,,expert.layers.11.self_attn.o_proj,denoise,6,output,unknown,linear,1465,37,960,720,52740000,210960000,8,4,0.5264313993174061,25574400,linear_role_derived_v1,818380800,183535986.5511261
,,expert.layers.11.self_attn.o_proj,denoise,7,activation,unknown,linear,1465,50,960,720,70320000,281280000,8,4,0.5260786369453925,34560000,linear_role_derived_v1,1105920000,248391244.82897928
,,expert.layers.11.self_attn.o_proj,denoise,7,output,unknown,linear,1465,37,960,720,52740000,210960000,8,4,0.5264068733409177,25574400,linear_role_derived_v1,818380800,183554997.5913323
,,expert.layers.11.self_attn.o_proj,denoise,8,activation,unknown,linear,1465,50,960,720,70320000,281280000,8,4,0.5261520086746303,34560000,linear_role_derived_v1,1105920000,248314339.7311843
,,expert.layers.11.self_attn.o_proj,denoise,8,output,unknown,linear,1465,37,960,720,52740000,210960000,8,4,0.5264154626469473,25574400,linear_role_derived_v1,818380800,183548339.57346106
,,expert.layers.11.self_attn.o_proj,denoise,9,activation,unknown,linear,1465,50,960,720,70320000,281280000,8,4,0.5261815877417519,34560000,linear_role_derived_v1,1105920000,248283339.5901658
,,expert.layers.11.self_attn.o_proj,denoise,9,output,unknown,linear,1465,37,960,720,52740000,210960000,8,4,0.5265066742510428,25574400,linear_role_derived_v1,818380800,183477644.16452956
,,expert.layers.11.mlp.gate_proj,denoise,0,activation,unknown,linear,1465,50,720,2048,52740000,210960000,8,4,0.5351963500189609,73728000,linear_role_derived_v1,2359296000,509708048.09138614
,,expert.layers.11.mlp.gate_proj,denoise,0,output,unknown,linear,1465,142,720,2048,150016000,600064000,8,4,0.5341993670675128,209387520,linear_role_derived_v1,6700400640,1453787465.542851
,,expert.layers.11.mlp.gate_proj,denoise,1,activation,unknown,linear,1465,50,720,2048,52740000,210960000,8,4,0.535426270383011,73728000,linear_role_derived_v1,2359296000,509203907.1503882
,,expert.layers.11.mlp.gate_proj,denoise,1,output,unknown,linear,1465,142,720,2048,150016000,600064000,8,4,0.5328447498933447,209387520,linear_role_derived_v1,6700400640,1462255418.8856766
,,expert.layers.11.mlp.gate_proj,denoise,2,activation,unknown,linear,1465,50,720,2048,52740000,210960000,8,4,0.5355299962078119,73728000,linear_role_derived_v1,2359296000,508976551.63897425
,,expert.layers.11.mlp.gate_proj,denoise,2,output,unknown,linear,1465,142,720,2048,150016000,600064000,8,4,0.5309413079271544,209387520,linear_role_derived_v1,6700400640,1474195726.5138133
,,expert.layers.11.mlp.gate_proj,denoise,3,activation,unknown,linear,1465,50,720,2048,52740000,210960000,8,4,0.5354877085703451,73728000,linear_role_derived_v1,2359296000,509069235.3236816
,,expert.layers.11.mlp.gate_proj,denoise,3,output,unknown,linear,1465,142,720,2048,150016000,600064000,8,4,0.5291371403716937,209387520,linear_role_derived_v1,6700400640,1485558104.8968227
,,expert.layers.11.mlp.gate_proj,denoise,4,activation,unknown,linear,1465,50,720,2048,52740000,210960000,8,4,0.5352900360257868,73728000,linear_role_derived_v1,2359296000,509502594.8890839
,,expert.layers.11.mlp.gate_proj,denoise,4,output,unknown,linear,1465,142,720,2048,150016000,600064000,8,4,0.5273487944619241,209387520,linear_role_derived_v1,6700400640,1496863888.6874988
,,expert.layers.11.mlp.gate_proj,denoise,5,activation,unknown,linear,1465,50,720,2048,52740000,210960000,8,4,0.5348658560864619,73728000,linear_role_derived_v1,2359296000,510433151.2892935
,,expert.layers.11.mlp.gate_proj,denoise,5,output,unknown,linear,1465,142,720,2048,150016000,600064000,8,4,0.5256967106841937,209387520,linear_role_derived_v1,6700400640,1507346318.1346295
,,expert.layers.11.mlp.gate_proj,denoise,6,activation,unknown,linear,1465,50,720,2048,52740000,210960000,8,4,0.5342882110352674,73728000,linear_role_derived_v1,2359296000,511701741.31937873
,,expert.layers.11.mlp.gate_proj,denoise,6,output,unknown,linear,1465,142,720,2048,150016000,600064000,8,4,0.5240655346763012,209387520,linear_role_derived_v1,6700400640,1517731972.8106256
,,expert.layers.11.mlp.gate_proj,denoise,7,activation,unknown,linear,1465,50,720,2048,52740000,210960000,8,4,0.5337463642396663,73728000,linear_role_derived_v1,2359296000,512893144.4621495
,,expert.layers.11.mlp.gate_proj,denoise,7,output,unknown,linear,1465,142,720,2048,150016000,600064000,8,4,0.5226092816766211,209387520,linear_role_derived_v1,6700400640,1527034022.8231792
,,expert.layers.11.mlp.gate_proj,denoise,8,activation,unknown,linear,1465,50,720,2048,52740000,210960000,8,4,0.5333229000758437,73728000,linear_role_derived_v1,2359296000,513825214.38996756
,,expert.layers.11.mlp.gate_proj,denoise,8,output,unknown,linear,1465,142,720,2048,150016000,600064000,8,4,0.521236796408383,209387520,linear_role_derived_v1,6700400640,1535827006.6383004
,,expert.layers.11.mlp.gate_proj,denoise,9,activation,unknown,linear,1465,50,720,2048,52740000,210960000,8,4,0.5330572904816079,73728000,linear_role_derived_v1,2359296000,514410268.78705436
,,expert.layers.11.mlp.gate_proj,denoise,9,output,unknown,linear,1465,142,720,2048,150016000,600064000,8,4,0.5194094896544369,209387520,linear_role_derived_v1,6700400640,1547573033.5636854
,,expert.layers.11.mlp.up_proj,denoise,0,activation,unknown,linear,1465,50,720,2048,52740000,210960000,8,4,0.5351963500189609,73728000,linear_role_derived_v1,2359296000,509708048.09138614
,,expert.layers.11.mlp.up_proj,denoise,0,output,unknown,linear,1465,142,720,2048,150016000,600064000,8,4,0.5253891418248721,209387520,linear_role_derived_v1,6700400640,1509301873.2249782
,,expert.layers.11.mlp.up_proj,denoise,1,activation,unknown,linear,1465,50,720,2048,52740000,210960000,8,4,0.535426270383011,73728000,linear_role_derived_v1,2359296000,509203907.1503882
,,expert.layers.11.mlp.up_proj,denoise,1,output,unknown,linear,1465,142,720,2048,150016000,600064000,8,4,0.5253218690006399,209387520,linear_role_derived_v1,6700400640,1509729769.8641953
,,expert.layers.11.mlp.up_proj,denoise,2,activation,unknown,linear,1465,50,720,2048,52740000,210960000,8,4,0.5355299962078119,73728000,linear_role_derived_v1,2359296000,508976551.63897425
,,expert.layers.11.mlp.up_proj,denoise,2,output,unknown,linear,1465,142,720,2048,150016000,600064000,8,4,0.5255020547808233,209387520,linear_role_derived_v1,6700400640,1508583813.5302982
,,expert.layers.11.mlp.up_proj,denoise,3,activation,unknown,linear,1465,50,720,2048,52740000,210960000,8,4,0.5354877085703451,73728000,linear_role_derived_v1,2359296000,509069235.3236816
,,expert.layers.11.mlp.up_proj,denoise,3,output,unknown,linear,1465,142,720,2048,150016000,600064000,8,4,0.525669108628413,209387520,linear_role_derived_v1,6700400640,1507521763.124013
,,expert.layers.11.mlp.up_proj,denoise,4,activation,unknown,linear,1465,50,720,2048,52740000,210960000,8,4,0.5352900360257868,73728000,linear_role_derived_v1,2359296000,509502594.8890839
,,expert.layers.11.mlp.up_proj,denoise,4,output,unknown,linear,1465,142,720,2048,150016000,600064000,8,4,0.5258990291035622,209387520,linear_role_derived_v1,6700400640,1506060647.5992806
,,expert.layers.11.mlp.up_proj,denoise,5,activation,unknown,linear,1465,50,720,2048,52740000,210960000,8,4,0.5348658560864619,73728000,linear_role_derived_v1,2359296000,510433151.2892935
,,expert.layers.11.mlp.up_proj,denoise,5,output,unknown,linear,1465,142,720,2048,150016000,600064000,8,4,0.5262534796288396,209387520,linear_role_derived_v1,6700400640,1503809547.2224567
,,expert.layers.11.mlp.up_proj,denoise,6,activation,unknown,linear,1465,50,720,2048,52740000,210960000,8,4,0.5342882110352674,73728000,linear_role_derived_v1,2359296000,511701741.31937873
,,expert.layers.11.mlp.up_proj,denoise,6,output,unknown,linear,1465,142,720,2048,150016000,600064000,8,4,0.5265352529063566,209387520,linear_role_derived_v1,6700400640,1502021218.1757705
,,expert.layers.11.mlp.up_proj,denoise,7,activation,unknown,linear,1465,50,720,2048,52740000,210960000,8,4,0.5337463642396663,73728000,linear_role_derived_v1,2359296000,512893144.4621495
,,expert.layers.11.mlp.up_proj,denoise,7,output,unknown,linear,1465,142,720,2048,150016000,600064000,8,4,0.5270726355855375,209387520,linear_role_derived_v1,6700400640,1498613563.7398572
,,expert.layers.11.mlp.up_proj,denoise,8,activation,unknown,linear,1465,50,720,2048,52740000,210960000,8,4,0.5333229000758437,73728000,linear_role_derived_v1,2359296000,513825214.38996756
,,expert.layers.11.mlp.up_proj,denoise,8,output,unknown,linear,1465,142,720,2048,150016000,600064000,8,4,0.5276893314713097,209387520,linear_role_derived_v1,6700400640,1494707736.6768806
,,expert.layers.11.mlp.up_proj,denoise,9,activation,unknown,linear,1465,50,720,2048,52740000,210960000,8,4,0.5330572904816079,73728000,linear_role_derived_v1,2359296000,514410268.78705436
,,expert.layers.11.mlp.up_proj,denoise,9,output,unknown,linear,1465,142,720,2048,150016000,600064000,8,4,0.5285786266131612,209387520,linear_role_derived_v1,6700400640,1489084383.0926583
,,expert.layers.11.mlp.down_proj,denoise,0,activation,unknown,linear,1465,50,2048,720,150016000,600064000,8,4,0.5352200065326366,73728000,linear_role_derived_v1,2359296000,509656165.5015543
,,expert.layers.11.mlp.down_proj,denoise,0,output,unknown,linear,1465,17,2048,720,52740000,210960000,8,4,0.5269628412969283,25067520,linear_role_derived_v1,802160640,179494796.59174827
,,expert.layers.11.mlp.down_proj,denoise,1,activation,unknown,linear,1465,50,2048,720,150016000,600064000,8,4,0.5352616337590657,73728000,linear_role_derived_v1,2359296000,509564876.6215154
,,expert.layers.11.mlp.down_proj,denoise,1,output,unknown,linear,1465,17,2048,720,52740000,210960000,8,4,0.5269723691695108,25067520,linear_role_derived_v1,802160640,179487565.9279566
,,expert.layers.11.mlp.down_proj,denoise,2,activation,unknown,linear,1465,50,2048,720,150016000,600064000,8,4,0.5354160639531783,73728000,linear_role_derived_v1,2359296000,509226281.2568298
,,expert.layers.11.mlp.down_proj,denoise,2,output,unknown,linear,1465,17,2048,720,52740000,210960000,8,4,0.526902005119454,25067520,linear_role_derived_v1,802160640,179540968.3534523
,,expert.layers.11.mlp.down_proj,denoise,3,activation,unknown,linear,1465,50,2048,720,150016000,600064000,8,4,0.535549914675768,73728000,linear_role_derived_v1,2359296000,508932898.37538254
,,expert.layers.11.mlp.down_proj,denoise,3,output,unknown,linear,1465,17,2048,720,52740000,210960000,8,4,0.5269996255214259,25067520,linear_role_derived_v1,802160640,179466881.99747866
,,expert.layers.11.mlp.down_proj,denoise,4,activation,unknown,linear,1465,50,2048,720,150016000,600064000,8,4,0.5357239811086817,73728000,linear_role_derived_v1,2359296000,508551494.4893802
,,expert.layers.11.mlp.down_proj,denoise,4,output,unknown,linear,1465,17,2048,720,52740000,210960000,8,4,0.5270515405764126,25067520,linear_role_derived_v1,802160640,179427488.7020584
,,expert.layers.11.mlp.down_proj,denoise,5,activation,unknown,linear,1465,50,2048,720,150016000,600064000,8,4,0.5359225132652518,73728000,linear_role_derived_v1,2359296000,508116657.30669487
,,expert.layers.11.mlp.down_proj,denoise,5,output,unknown,linear,1465,17,2048,720,52740000,210960000,8,4,0.5270745781190747,25067520,linear_role_derived_v1,802160640,179410009.13248026
,,expert.layers.11.mlp.down_proj,denoise,6,activation,unknown,linear,1465,50,2048,720,150016000,600064000,8,4,0.5360925901237201,73728000,linear_role_derived_v1,2359296000,507744292.5541638
,,expert.layers.11.mlp.down_proj,denoise,6,output,unknown,linear,1465,17,2048,720,52740000,210960000,8,4,0.527096558589306,25067520,linear_role_derived_v1,802160640,179393332.4027475
,,expert.layers.11.mlp.down_proj,denoise,7,activation,unknown,linear,1465,50,2048,720,150016000,600064000,8,4,0.536242440806314,73728000,linear_role_derived_v1,2359296000,507416323.9180216
,,expert.layers.11.mlp.down_proj,denoise,7,output,unknown,linear,1465,17,2048,720,52740000,210960000,8,4,0.5272449563898369,25067520,linear_role_derived_v1,802160640,179280762.28088886
,,expert.layers.11.mlp.down_proj,denoise,8,activation,unknown,linear,1465,50,2048,720,150016000,600064000,8,4,0.53639657603189,73728000,linear_role_derived_v1,2359296000,507079088.520455
,,expert.layers.11.mlp.down_proj,denoise,8,output,unknown,linear,1465,17,2048,720,52740000,210960000,8,4,0.5276334186575654,25067520,linear_role_derived_v1,802160640,178986253.74291623
,,expert.layers.11.mlp.down_proj,denoise,9,activation,unknown,linear,1465,50,2048,720,150016000,600064000,8,4,0.5363550204644838,73728000,linear_role_derived_v1,2359296000,507169997.7008325
,,expert.layers.11.mlp.down_proj,denoise,9,output,unknown,linear,1465,17,2048,720,52740000,210960000,8,4,0.5280633105802047,25067520,linear_role_derived_v1,802160640,178660617.9557782
,,expert.layers.12.self_attn.q_proj,denoise,0,activation,self,linear,1465,50,720,960,52740000,210960000,8,4,0.5350385902540766,34560000,linear_role_derived_v1,1105920000,239087863.35452136
,,expert.layers.12.self_attn.q_proj,denoise,0,output,self,linear,1465,66,720,960,70320000,281280000,8,4,0.5261399744027304,45619200,linear_role_derived_v1,1459814400,327791577.5932974
,,expert.layers.12.self_attn.q_proj,denoise,1,activation,self,linear,1465,50,720,960,52740000,210960000,8,4,0.5351854379977247,34560000,linear_role_derived_v1,1105920000,238936866.01043603
,,expert.layers.12.self_attn.q_proj,denoise,1,output,self,linear,1465,66,720,960,70320000,281280000,8,4,0.5259665777872582,45619200,linear_role_derived_v1,1459814400,328031514.90069085
,,expert.layers.12.self_attn.q_proj,denoise,2,activation,self,linear,1465,50,720,960,52740000,210960000,8,4,0.5352837030716724,34560000,linear_role_derived_v1,1105920000,238835850.8147095
,,expert.layers.12.self_attn.q_proj,denoise,2,output,self,linear,1465,66,720,960,70320000,281280000,8,4,0.5258733610637087,45619200,linear_role_derived_v1,1459814400,328160539.68303
,,expert.layers.12.self_attn.q_proj,denoise,3,activation,self,linear,1465,50,720,960,52740000,210960000,8,4,0.5353299251042851,34560000,linear_role_derived_v1,1105920000,238788342.56268945
,,expert.layers.12.self_attn.q_proj,denoise,3,output,self,linear,1465,66,720,960,70320000,281280000,8,4,0.525912827076223,45619200,linear_role_derived_v1,1459814400,328105910.1900728
,,expert.layers.12.self_attn.q_proj,denoise,4,activation,self,linear,1465,50,720,960,52740000,210960000,8,4,0.5352823236632537,34560000,linear_role_derived_v1,1105920000,238837268.68051034
,,expert.layers.12.self_attn.q_proj,denoise,4,output,self,linear,1465,66,720,960,70320000,281280000,8,4,0.5259477602389079,45619200,linear_role_derived_v1,1459814400,328057558.93523186
,,expert.layers.12.self_attn.q_proj,denoise,5,activation,self,linear,1465,50,720,960,52740000,210960000,8,4,0.5349686575654152,34560000,linear_role_derived_v1,1105920000,239159788.95588657
,,expert.layers.12.self_attn.q_proj,denoise,5,output,self,linear,1465,66,720,960,70320000,281280000,8,4,0.5261391353811149,45619200,linear_role_derived_v1,1459814400,327792738.37685215
,,expert.layers.12.self_attn.q_proj,denoise,6,activation,self,linear,1465,50,720,960,52740000,210960000,8,4,0.5343157091391733,34560000,linear_role_derived_v1,1105920000,239831866.83383313
,,expert.layers.12.self_attn.q_proj,denoise,6,output,self,linear,1465,66,720,960,70320000,281280000,8,4,0.526349672923777,45619200,linear_role_derived_v1,1459814400,327501524.85178083
,,expert.layers.12.self_attn.q_proj,denoise,7,activation,self,linear,1465,50,720,960,52740000,210960000,8,4,0.5337254171406902,34560000,linear_role_derived_v1,1105920000,240440264.2434798
,,expert.layers.12.self_attn.q_proj,denoise,7,output,self,linear,1465,66,720,960,70320000,281280000,8,4,0.5265115187713311,45619200,linear_role_derived_v1,1459814400,327277749.19704956
,,expert.layers.12.self_attn.q_proj,denoise,8,activation,self,linear,1465,50,720,960,52740000,210960000,8,4,0.5332702218430034,34560000,linear_role_derived_v1,1105920000,240909947.58037254
,,expert.layers.12.self_attn.q_proj,denoise,8,output,self,linear,1465,66,720,960,70320000,281280000,8,4,0.5266195285836177,45619200,linear_role_derived_v1,1459814400,327128452.31733334
,,expert.layers.12.self_attn.q_proj,denoise,9,activation,self,linear,1465,50,720,960,52740000,210960000,8,4,0.533019302237391,34560000,linear_role_derived_v1,1105920000,241169049.44586897
,,expert.layers.12.self_attn.q_proj,denoise,9,output,self,linear,1465,66,720,960,70320000,281280000,8,4,0.52602007963595,45619200,linear_role_derived_v1,1459814400,327957472.43344736
,,expert.layers.12.self_attn.k_proj,denoise,0,activation,self,linear,1465,50,720,320,52740000,210960000,8,4,0.5350385902540766,11520000,linear_role_derived_v1,368640000,79695954.45150712
,,expert.layers.12.self_attn.k_proj,denoise,0,output,self,linear,1465,22,720,320,23440000,93760000,8,4,0.5232497866894198,5068800,linear_role_derived_v1,162201600,36866925.89285653
,,expert.layers.12.self_attn.k_proj,denoise,1,activation,self,linear,1465,50,720,320,52740000,210960000,8,4,0.5351854379977247,11520000,linear_role_derived_v1,368640000,79645622.00347868
,,expert.layers.12.self_attn.k_proj,denoise,1,output,self,linear,1465,22,720,320,23440000,93760000,8,4,0.5230574765358362,5068800,linear_role_derived_v1,162201600,36896674.444325805
,,expert.layers.12.self_attn.k_proj,denoise,2,activation,self,linear,1465,50,720,320,52740000,210960000,8,4,0.5352837030716724,11520000,linear_role_derived_v1,368640000,79611950.27156983
,,expert.layers.12.self_attn.k_proj,denoise,2,output,self,linear,1465,22,720,320,23440000,93760000,8,4,0.5230101749146757,5068800,linear_role_derived_v1,162201600,36903993.39357454
,,expert.layers.12.self_attn.k_proj,denoise,3,activation,self,linear,1465,50,720,320,52740000,210960000,8,4,0.5353299251042851,11520000,linear_role_derived_v1,368640000,79596114.18756315
,,expert.layers.12.self_attn.k_proj,denoise,3,output,self,linear,1465,22,720,320,23440000,93760000,8,4,0.5228924381399317,5068800,linear_role_derived_v1,162201600,36922213.880335286
,,expert.layers.12.self_attn.k_proj,denoise,4,activation,self,linear,1465,50,720,320,52740000,210960000,8,4,0.5352823236632537,11520000,linear_role_derived_v1,368640000,79612422.89350346
,,expert.layers.12.self_attn.k_proj,denoise,4,output,self,linear,1465,22,720,320,23440000,93760000,8,4,0.5229021651023891,5068800,linear_role_derived_v1,162201600,36920708.40292936
,,expert.layers.12.self_attn.k_proj,denoise,5,activation,self,linear,1465,50,720,320,52740000,210960000,8,4,0.5349686575654152,11520000,linear_role_derived_v1,368640000,79719929.6519622
,,expert.layers.12.self_attn.k_proj,denoise,5,output,self,linear,1465,22,720,320,23440000,93760000,8,4,0.5229089483788396,5068800,linear_role_derived_v1,162201600,36919658.54869338
,,expert.layers.12.self_attn.k_proj,denoise,6,activation,self,linear,1465,50,720,320,52740000,210960000,8,4,0.5343157091391733,11520000,linear_role_derived_v1,368640000,79943955.6112777
,,expert.layers.12.self_attn.k_proj,denoise,6,output,self,linear,1465,22,720,320,23440000,93760000,8,4,0.5230032316552901,5068800,linear_role_derived_v1,162201600,36905067.78069957
,,expert.layers.12.self_attn.k_proj,denoise,7,activation,self,linear,1465,50,720,320,52740000,210960000,8,4,0.5337254171406902,11520000,linear_role_derived_v1,368640000,80146754.74782659
,,expert.layers.12.self_attn.k_proj,denoise,7,output,self,linear,1465,22,720,320,23440000,93760000,8,4,0.5232245733788395,5068800,linear_role_derived_v1,162201600,36870825.468803756
,,expert.layers.12.self_attn.k_proj,denoise,8,activation,self,linear,1465,50,720,320,52740000,210960000,8,4,0.5332702218430034,11520000,linear_role_derived_v1,368640000,80303315.86012419
,,expert.layers.12.self_attn.k_proj,denoise,8,output,self,linear,1465,22,720,320,23440000,93760000,8,4,0.523393654010239,5068800,linear_role_derived_v1,162201600,36844678.83169132
,,expert.layers.12.self_attn.k_proj,denoise,9,activation,self,linear,1465,50,720,320,52740000,210960000,8,4,0.533019302237391,11520000,linear_role_derived_v1,368640000,80389683.14862299
,,expert.layers.12.self_attn.k_proj,denoise,9,output,self,linear,1465,22,720,320,23440000,93760000,8,4,0.5237980908703072,5068800,linear_role_derived_v1,162201600,36782174.31878477
,,expert.layers.12.self_attn.v_proj,denoise,0,activation,self,linear,1465,50,720,320,52740000,210960000,8,4,0.5350385902540766,11520000,linear_role_derived_v1,368640000,79695954.45150712
,,expert.layers.12.self_attn.v_proj,denoise,0,output,self,linear,1465,22,720,320,23440000,93760000,8,4,0.523941638225256,5068800,linear_role_derived_v1,162201600,36760002.261401035
,,expert.layers.12.self_attn.v_proj,denoise,1,activation,self,linear,1465,50,720,320,52740000,210960000,8,4,0.5351854379977247,11520000,linear_role_derived_v1,368640000,79645622.00347868
,,expert.layers.12.self_attn.v_proj,denoise,1,output,self,linear,1465,22,720,320,23440000,93760000,8,4,0.5242595563139931,5068800,linear_role_derived_v1,162201600,36710921.02118983
,,expert.layers.12.self_attn.v_proj,denoise,2,activation,self,linear,1465,50,720,320,52740000,210960000,8,4,0.5352837030716724,11520000,linear_role_derived_v1,368640000,79611950.27156983
,,expert.layers.12.self_attn.v_proj,denoise,2,output,self,linear,1465,22,720,320,23440000,93760000,8,4,0.5244264185153583,5068800,linear_role_derived_v1,162201600,36685173.40644439
,,expert.layers.12.self_attn.v_proj,denoise,3,activation,self,linear,1465,50,720,320,52740000,210960000,8,4,0.5353299251042851,11520000,linear_role_derived_v1,368640000,79596114.18756315
,,expert.layers.12.self_attn.v_proj,denoise,3,output,self,linear,1465,22,720,320,23440000,93760000,8,4,0.5246111988054607,5068800,linear_role_derived_v1,162201600,36656671.48647127
,,expert.layers.12.self_attn.v_proj,denoise,4,activation,self,linear,1465,50,720,320,52740000,210960000,8,4,0.5352823236632537,11520000,linear_role_derived_v1,368640000,79612422.89350346
,,expert.layers.12.self_attn.v_proj,denoise,4,output,self,linear,1465,22,720,320,23440000,93760000,8,4,0.5249033383105802,5068800,linear_role_derived_v1,162201600,36611632.26217622
,,expert.layers.12.self_attn.v_proj,denoise,5,activation,self,linear,1465,50,720,320,52740000,210960000,8,4,0.5349686575654152,11520000,linear_role_derived_v1,368640000,79719929.6519622
,,expert.layers.12.self_attn.v_proj,denoise,5,output,self,linear,1465,22,720,320,23440000,93760000,8,4,0.525215635665529,5068800,linear_role_derived_v1,162201600,36563515.9147025
,,expert.layers.12.self_attn.v_proj,denoise,6,activation,self,linear,1465,50,720,320,52740000,210960000,8,4,0.5343157091391733,11520000,linear_role_derived_v1,368640000,79943955.6112777
,,expert.layers.12.self_attn.v_proj,denoise,6,output,self,linear,1465,22,720,320,23440000,93760000,8,4,0.5255602922354948,5068800,linear_role_derived_v1,162201600,36510450.63731321
,,expert.layers.12.self_attn.v_proj,denoise,7,activation,self,linear,1465,50,720,320,52740000,210960000,8,4,0.5337254171406902,11520000,linear_role_derived_v1,368640000,80146754.74782659
,,expert.layers.12.self_attn.v_proj,denoise,7,output,self,linear,1465,22,720,320,23440000,93760000,8,4,0.5263006825938567,5068800,linear_role_derived_v1,162201600,36396586.250720985
,,expert.layers.12.self_attn.v_proj,denoise,8,activation,self,linear,1465,50,720,320,52740000,210960000,8,4,0.5332702218430034,11520000,linear_role_derived_v1,368640000,80303315.86012419
,,expert.layers.12.self_attn.v_proj,denoise,8,output,self,linear,1465,22,720,320,23440000,93760000,8,4,0.5271486774744027,5068800,linear_role_derived_v1,162201600,36266391.876741424
,,expert.layers.12.self_attn.v_proj,denoise,9,activation,self,linear,1465,50,720,320,52740000,210960000,8,4,0.533019302237391,11520000,linear_role_derived_v1,368640000,80389683.14862299
,,expert.layers.12.self_attn.v_proj,denoise,9,output,self,linear,1465,22,720,320,23440000,93760000,8,4,0.5283675127986348,5068800,linear_role_derived_v1,162201600,36079670.22348836
,,expert.layers.12.self_attn.o_proj,denoise,0,activation,unknown,linear,1465,50,960,720,70320000,281280000,8,4,0.5297250391069397,34560000,linear_role_derived_v1,1105920000,244583651.2772167
,,expert.layers.12.self_attn.o_proj,denoise,0,output,unknown,linear,1465,37,960,720,52740000,210960000,8,4,0.5241824895714827,25574400,linear_role_derived_v1,818380800,185283298.0395309
,,expert.layers.12.self_attn.o_proj,denoise,1,activation,unknown,linear,1465,50,960,720,70320000,281280000,8,4,0.5298509314562002,34560000,linear_role_derived_v1,1105920000,244452718.9860462
,,expert.layers.12.self_attn.o_proj,denoise,1,output,unknown,linear,1465,37,960,720,52740000,210960000,8,4,0.5241858172165339,25574400,linear_role_derived_v1,818380800,185280706.47919396
,,expert.layers.12.self_attn.o_proj,denoise,2,activation,unknown,linear,1465,50,960,720,70320000,281280000,8,4,0.5301233148464164,34560000,linear_role_derived_v1,1105920000,244169551.04357737
,,expert.layers.12.self_attn.o_proj,denoise,2,output,unknown,linear,1465,37,960,720,52740000,210960000,8,4,0.5241455915813424,25574400,linear_role_derived_v1,818380800,185312035.30216166
,,expert.layers.12.self_attn.o_proj,denoise,3,activation,unknown,linear,1465,50,960,720,70320000,281280000,8,4,0.5304117747440273,34560000,linear_role_derived_v1,1105920000,243869848.98864993
,,expert.layers.12.self_attn.o_proj,denoise,3,output,unknown,linear,1465,37,960,720,52740000,210960000,8,4,0.5241008390216154,25574400,linear_role_derived_v1,818380800,185346892.92985177
,,expert.layers.12.self_attn.o_proj,denoise,4,activation,unknown,linear,1465,50,960,720,70320000,281280000,8,4,0.5308859997155859,34560000,linear_role_derived_v1,1105920000,243377542.0250858
,,expert.layers.12.self_attn.o_proj,denoise,4,output,unknown,linear,1465,37,960,720,52740000,210960000,8,4,0.5241529247250664,25574400,linear_role_derived_v1,818380800,185306323.8522148
,,expert.layers.12.self_attn.o_proj,denoise,5,activation,unknown,linear,1465,50,960,720,70320000,281280000,8,4,0.5312341403583618,34560000,linear_role_derived_v1,1105920000,243016443.55462056
,,expert.layers.12.self_attn.o_proj,denoise,5,output,unknown,linear,1465,37,960,720,52740000,210960000,8,4,0.5242277303754266,25574400,linear_role_derived_v1,818380800,185248066.1841298
,,expert.layers.12.self_attn.o_proj,denoise,6,activation,unknown,linear,1465,50,960,720,70320000,281280000,8,4,0.5317639647326508,34560000,linear_role_derived_v1,1105920000,242467413.50473446
,,expert.layers.12.self_attn.o_proj,denoise,6,output,unknown,linear,1465,37,960,720,52740000,210960000,8,4,0.5242229616989003,25574400,linear_role_derived_v1,818380800,185251779.69409359
,,expert.layers.12.self_attn.o_proj,denoise,7,activation,unknown,linear,1465,50,960,720,70320000,281280000,8,4,0.532636803185438,34560000,linear_role_derived_v1,1105920000,241564289.3882011
,,expert.layers.12.self_attn.o_proj,denoise,7,output,unknown,linear,1465,37,960,720,52740000,210960000,8,4,0.5242725872203261,25574400,linear_role_derived_v1,818380800,185213136.64923418
,,expert.layers.12.self_attn.o_proj,denoise,8,activation,unknown,linear,1465,50,960,720,70320000,281280000,8,4,0.5333404330204778,34560000,linear_role_derived_v1,1105920000,240837471.81547144
,,expert.layers.12.self_attn.o_proj,denoise,8,output,unknown,linear,1465,37,960,720,52740000,210960000,8,4,0.5245098075464543,25574400,linear_role_derived_v1,818380800,185028470.53528306
,,expert.layers.12.self_attn.o_proj,denoise,9,activation,unknown,linear,1465,50,960,720,70320000,281280000,8,4,0.5340271615472127,34560000,linear_role_derived_v1,1105920000,240129168.45548254
,,expert.layers.12.self_attn.o_proj,denoise,9,output,unknown,linear,1465,37,960,720,52740000,210960000,8,4,0.5248241088357982,25574400,linear_role_derived_v1,818380800,184783941.97290978
,,expert.layers.12.mlp.gate_proj,denoise,0,activation,unknown,linear,1465,50,720,2048,52740000,210960000,8,4,0.5344497914296549,73728000,linear_role_derived_v1,2359296000,511346729.366068
,,expert.layers.12.mlp.gate_proj,denoise,0,output,unknown,linear,1465,142,720,2048,150016000,600064000,8,4,0.5316731915262372,209387520,linear_role_derived_v1,6700400640,1469598869.2569914
,,expert.layers.12.mlp.gate_proj,denoise,1,activation,unknown,linear,1465,50,720,2048,52740000,210960000,8,4,0.5346267159651119,73728000,linear_role_derived_v1,2359296000,510958145.74984384
,,expert.layers.12.mlp.gate_proj,denoise,1,output,unknown,linear,1465,142,720,2048,150016000,600064000,8,4,0.5305485098256186,209387520,linear_role_derived_v1,6700400640,1476665795.8274066
,,expert.layers.12.mlp.gate_proj,denoise,2,activation,unknown,linear,1465,50,720,2048,52740000,210960000,8,4,0.5345983456579446,73728000,linear_role_derived_v1,2359296000,511020446.1950955
,,expert.layers.12.mlp.gate_proj,denoise,2,output,unknown,linear,1465,142,720,2048,150016000,600064000,8,4,0.5289516034956271,209387520,linear_role_derived_v1,6700400640,1486729062.0347426
,,expert.layers.12.mlp.gate_proj,denoise,3,activation,unknown,linear,1465,50,720,2048,52740000,210960000,8,4,0.5347152967387182,73728000,linear_role_derived_v1,2359296000,510763649.1519136
,,expert.layers.12.mlp.gate_proj,denoise,3,output,unknown,linear,1465,142,720,2048,150016000,600064000,8,4,0.5275182230562073,209387520,linear_role_derived_v1,6700400640,1495790936.4293544
,,expert.layers.12.mlp.gate_proj,denoise,4,activation,unknown,linear,1465,50,720,2048,52740000,210960000,8,4,0.5346896520667425,73728000,linear_role_derived_v1,2359296000,510819953.29049003
,,expert.layers.12.mlp.gate_proj,denoise,4,output,unknown,linear,1465,142,720,2048,150016000,600064000,8,4,0.5262042248826792,209387520,linear_role_derived_v1,6700400640,1504122261.3208203
,,expert.layers.12.mlp.gate_proj,denoise,5,activation,unknown,linear,1465,50,720,2048,52740000,210960000,8,4,0.5345318117178612,73728000,linear_role_derived_v1,2359296000,511166567.8677204
,,expert.layers.12.mlp.gate_proj,denoise,5,output,unknown,linear,1465,142,720,2048,150016000,600064000,8,4,0.5249378549621374,209387520,linear_role_derived_v1,6700400640,1512173497.0958796
,,expert.layers.12.mlp.gate_proj,denoise,6,activation,unknown,linear,1465,50,720,2048,52740000,210960000,8,4,0.5340412068638605,73728000,linear_role_derived_v1,2359296000,512244677.8978767
,,expert.layers.12.mlp.gate_proj,denoise,6,output,unknown,linear,1465,142,720,2048,150016000,600064000,8,4,0.5239368334044369,209387520,linear_role_derived_v1,6700400640,1518552928.04883
,,expert.layers.12.mlp.gate_proj,denoise,7,activation,unknown,linear,1465,50,720,2048,52740000,210960000,8,4,0.5334434489950701,73728000,linear_role_derived_v1,2359296000,513559792.86329204
,,expert.layers.12.mlp.gate_proj,denoise,7,output,unknown,linear,1465,142,720,2048,150016000,600064000,8,4,0.5231301261198805,209387520,linear_role_derived_v1,6700400640,1523703780.806522
,,expert.layers.12.mlp.gate_proj,denoise,8,activation,unknown,linear,1465,50,720,2048,52740000,210960000,8,4,0.5328850587789155,73728000,linear_role_derived_v1,2359296000,514789818.9729747
,,expert.layers.12.mlp.gate_proj,denoise,8,output,unknown,linear,1465,142,720,2048,150016000,600064000,8,4,0.5222295971763012,209387520,linear_role_derived_v1,6700400640,1529463989.2683825
,,expert.layers.12.mlp.gate_proj,denoise,9,activation,unknown,linear,1465,50,720,2048,52740000,210960000,8,4,0.5327684252938946,73728000,linear_role_derived_v1,2359296000,515046925.82707965
,,expert.layers.12.mlp.gate_proj,denoise,9,output,unknown,linear,1465,142,720,2048,150016000,600064000,8,4,0.5204617207497867,209387520,linear_role_derived_v1,6700400640,1540803770.4408739
,,expert.layers.12.mlp.up_proj,denoise,0,activation,unknown,linear,1465,50,720,2048,52740000,210960000,8,4,0.5344497914296549,73728000,linear_role_derived_v1,2359296000,511346729.366068
,,expert.layers.12.mlp.up_proj,denoise,0,output,unknown,linear,1465,142,720,2048,150016000,600064000,8,4,0.5290676944459257,209387520,linear_role_derived_v1,6700400640,1485996336.8089862
,,expert.layers.12.mlp.up_proj,denoise,1,activation,unknown,linear,1465,50,720,2048,52740000,210960000,8,4,0.5346267159651119,73728000,linear_role_derived_v1,2359296000,510958145.74984384
,,expert.layers.12.mlp.up_proj,denoise,1,output,unknown,linear,1465,142,720,2048,150016000,600064000,8,4,0.5290550107988481,209387520,linear_role_derived_v1,6700400640,1486076382.7378283
,,expert.layers.12.mlp.up_proj,denoise,2,activation,unknown,linear,1465,50,720,2048,52740000,210960000,8,4,0.5345983456579446,73728000,linear_role_derived_v1,2359296000,511020446.1950955
,,expert.layers.12.mlp.up_proj,denoise,2,output,unknown,linear,1465,142,720,2048,150016000,600064000,8,4,0.5290311133479095,209387520,linear_role_derived_v1,6700400640,1486227204.3382354
,,expert.layers.12.mlp.up_proj,denoise,3,activation,unknown,linear,1465,50,720,2048,52740000,210960000,8,4,0.5347152967387182,73728000,linear_role_derived_v1,2359296000,510763649.1519136
,,expert.layers.12.mlp.up_proj,denoise,3,output,unknown,linear,1465,142,720,2048,150016000,600064000,8,4,0.5290618417368814,209387520,linear_role_derived_v1,6700400640,1486033272.725852
,,expert.layers.12.mlp.up_proj,denoise,4,activation,unknown,linear,1465,50,720,2048,52740000,210960000,8,4,0.5346896520667425,73728000,linear_role_derived_v1,2359296000,510819953.29049003
,,expert.layers.12.mlp.up_proj,denoise,4,output,unknown,linear,1465,142,720,2048,150016000,600064000,8,4,0.529110623200192,209387520,linear_role_derived_v1,6700400640,1485725431.3591359
,,expert.layers.12.mlp.up_proj,denoise,5,activation,unknown,linear,1465,50,720,2048,52740000,210960000,8,4,0.5345318117178612,73728000,linear_role_derived_v1,2359296000,511166567.8677204
,,expert.layers.12.mlp.up_proj,denoise,5,output,unknown,linear,1465,142,720,2048,150016000,600064000,8,4,0.5291005409422995,209387520,linear_role_derived_v1,6700400640,1485789054.0614426
,,expert.layers.12.mlp.up_proj,denoise,6,activation,unknown,linear,1465,50,720,2048,52740000,210960000,8,4,0.5340412068638605,73728000,linear_role_derived_v1,2359296000,512244677.8978767
,,expert.layers.12.mlp.up_proj,denoise,6,output,unknown,linear,1465,142,720,2048,150016000,600064000,8,4,0.5290276103882252,209387520,linear_role_derived_v1,6700400640,1486249312.8616955
,,expert.layers.12.mlp.up_proj,denoise,7,activation,unknown,linear,1465,50,720,2048,52740000,210960000,8,4,0.5334434489950701,73728000,linear_role_derived_v1,2359296000,513559792.86329204
,,expert.layers.12.mlp.up_proj,denoise,7,output,unknown,linear,1465,142,720,2048,150016000,600064000,8,4,0.5288143914649104,209387520,linear_role_derived_v1,6700400640,1487595328.968142
,,expert.layers.12.mlp.up_proj,denoise,8,activation,unknown,linear,1465,50,720,2048,52740000,210960000,8,4,0.5328850587789155,73728000,linear_role_derived_v1,2359296000,514789818.9729747
,,expert.layers.12.mlp.up_proj,denoise,8,output,unknown,linear,1465,142,720,2048,150016000,600064000,8,4,0.5283782529863481,209387520,linear_role_derived_v1,6700400640,1490350497.2988293
,,expert.layers.12.mlp.up_proj,denoise,9,activation,unknown,linear,1465,50,720,2048,52740000,210960000,8,4,0.5327684252938946,73728000,linear_role_derived_v1,2359296000,515046925.82707965
,,expert.layers.12.mlp.up_proj,denoise,9,output,unknown,linear,1465,142,720,2048,150016000,600064000,8,4,0.5272931253999573,209387520,linear_role_derived_v1,6700400640,1497216511.995604
,,expert.layers.12.mlp.down_proj,denoise,0,activation,unknown,linear,1465,50,2048,720,150016000,600064000,8,4,0.5362085277570392,73728000,linear_role_derived_v1,2359296000,507490537.97076505
,,expert.layers.12.mlp.down_proj,denoise,0,output,unknown,linear,1465,17,2048,720,52740000,210960000,8,4,0.5244337267728479,25067520,linear_role_derived_v1,802160640,181419281.61472845
,,expert.layers.12.mlp.down_proj,denoise,1,activation,unknown,linear,1465,50,2048,720,150016000,600064000,8,4,0.5362456088017278,73728000,linear_role_derived_v1,2359296000,507409391.4721147
,,expert.layers.12.mlp.down_proj,denoise,1,output,unknown,linear,1465,17,2048,720,52740000,210960000,8,4,0.5245015073947668,25067520,linear_role_derived_v1,802160640,181367571.32269666
,,expert.layers.12.mlp.down_proj,denoise,2,activation,unknown,linear,1465,50,2048,720,150016000,600064000,8,4,0.5362880326098549,73728000,linear_role_derived_v1,2359296000,507316561.0667346
,,expert.layers.12.mlp.down_proj,denoise,2,output,unknown,linear,1465,17,2048,720,52740000,210960000,8,4,0.5246932262040197,25067520,linear_role_derived_v1,802160640,181221347.66276053
,,expert.layers.12.mlp.down_proj,denoise,3,activation,unknown,linear,1465,50,2048,720,150016000,600064000,8,4,0.536402035449552,73728000,linear_role_derived_v1,2359296000,507067145.8121459
,,expert.layers.12.mlp.down_proj,denoise,3,output,unknown,linear,1465,17,2048,720,52740000,210960000,8,4,0.5249379882442169,25067520,linear_role_derived_v1,802160640,181034753.7048961
,,expert.layers.12.mlp.down_proj,denoise,4,activation,unknown,linear,1465,50,2048,720,150016000,600064000,8,4,0.5364134259012372,73728000,linear_role_derived_v1,2359296000,507042229.16749537
,,expert.layers.12.mlp.down_proj,denoise,4,output,unknown,linear,1465,17,2048,720,52740000,210960000,8,4,0.5251845989761093,25067520,linear_role_derived_v1,802160640,180846847.60387504
,,expert.layers.12.mlp.down_proj,denoise,5,activation,unknown,linear,1465,50,2048,720,150016000,600064000,8,4,0.5364884212350682,73728000,linear_role_derived_v1,2359296000,506878191.95152754
,,expert.layers.12.mlp.down_proj,denoise,5,output,unknown,linear,1465,17,2048,720,52740000,210960000,8,4,0.5254759101251422,25067520,linear_role_derived_v1,802160640,180625007.5296839
,,expert.layers.12.mlp.down_proj,denoise,6,activation,unknown,linear,1465,50,2048,720,150016000,600064000,8,4,0.5366260798848123,73728000,linear_role_derived_v1,2359296000,506577160.3948332
,,expert.layers.12.mlp.down_proj,denoise,6,output,unknown,linear,1465,17,2048,720,52740000,210960000,8,4,0.5257431029579067,25067520,linear_role_derived_v1,802160640,180421653.80762926
,,expert.layers.12.mlp.down_proj,denoise,7,activation,unknown,linear,1465,50,2048,720,150016000,600064000,8,4,0.5367106958591084,73728000,linear_role_derived_v1,2359296000,506392166.7885405
,,expert.layers.12.mlp.down_proj,denoise,7,output,unknown,linear,1465,17,2048,720,52740000,210960000,8,4,0.5262950322335987,25067520,linear_role_derived_v1,802160640,180001957.01935855
,,expert.layers.12.mlp.down_proj,denoise,8,activation,unknown,linear,1465,50,2048,720,150016000,600064000,8,4,0.5370133485761519,73728000,linear_role_derived_v1,2359296000,505730761.90200084
,,expert.layers.12.mlp.down_proj,denoise,8,output,unknown,linear,1465,17,2048,720,52740000,210960000,8,4,0.5268050578308684,25067520,linear_role_derived_v1,802160640,179614558.99928436
,,expert.layers.12.mlp.down_proj,denoise,9,activation,unknown,linear,1465,50,2048,720,150016000,600064000,8,4,0.5377055580738055,73728000,linear_role_derived_v1,2359296000,504219660.27428067
,,expert.layers.12.mlp.down_proj,denoise,9,output,unknown,linear,1465,17,2048,720,52740000,210960000,8,4,0.5268278394008343,25067520,linear_role_derived_v1,802160640,179597264.63378075
,,expert.layers.13.self_attn.q_proj,denoise,0,activation,cross,linear,1465,50,720,960,52740000,210960000,8,4,0.5341920221843003,34560000,linear_role_derived_v1,1105920000,239959283.6838313
,,expert.layers.13.self_attn.q_proj,denoise,0,output,cross,linear,1465,66,720,960,70320000,281280000,8,4,0.5280253306313993,45619200,linear_role_derived_v1,1459814400,325188384.97494555
,,expert.layers.13.self_attn.q_proj,denoise,1,activation,cross,linear,1465,50,720,960,52740000,210960000,8,4,0.5342329351535836,34560000,linear_role_derived_v1,1105920000,239917133.20068866
,,expert.layers.13.self_attn.q_proj,denoise,1,output,cross,linear,1465,66,720,960,70320000,281280000,8,4,0.5284759207906712,45619200,linear_role_derived_v1,1459814400,324567772.2522698
,,expert.layers.13.self_attn.q_proj,denoise,2,activation,cross,linear,1465,50,720,960,52740000,210960000,8,4,0.534021022942738,34560000,linear_role_derived_v1,1105920000,240135495.29505676
,,expert.layers.13.self_attn.q_proj,denoise,2,output,cross,linear,1465,66,720,960,70320000,281280000,8,4,0.5287063744311717,45619200,linear_role_derived_v1,1459814400,324250589.9509572
,,expert.layers.13.self_attn.q_proj,denoise,3,activation,cross,linear,1465,50,720,960,52740000,210960000,8,4,0.5340364808494501,34560000,linear_role_derived_v1,1105920000,240119563.54406202
,,expert.layers.13.self_attn.q_proj,denoise,3,output,cross,linear,1465,66,720,960,70320000,281280000,8,4,0.5289493209613196,45619200,linear_role_derived_v1,1459814400,323916381.0947342
,,expert.layers.13.self_attn.q_proj,denoise,4,activation,cross,linear,1465,50,720,960,52740000,210960000,8,4,0.5340841960561243,34560000,linear_role_derived_v1,1105920000,240070389.0164136
,,expert.layers.13.self_attn.q_proj,denoise,4,output,cross,linear,1465,66,720,960,70320000,281280000,8,4,0.529216659556314,45619200,linear_role_derived_v1,1459814400,323548816.4948052
,,expert.layers.13.self_attn.q_proj,denoise,5,activation,cross,linear,1465,50,720,960,52740000,210960000,8,4,0.5342069160030337,34560000,linear_role_derived_v1,1105920000,239943938.93617386
,,expert.layers.13.self_attn.q_proj,denoise,5,output,cross,linear,1465,66,720,960,70320000,281280000,8,4,0.5294313602104664,45619200,linear_role_derived_v1,1459814400,323253775.03273654
,,expert.layers.13.self_attn.q_proj,denoise,6,activation,cross,linear,1465,50,720,960,52740000,210960000,8,4,0.533888073568449,34560000,linear_role_derived_v1,1105920000,240272541.8994382
,,expert.layers.13.self_attn.q_proj,denoise,6,output,cross,linear,1465,66,720,960,70320000,281280000,8,4,0.5294975753697383,45619200,linear_role_derived_v1,1459814400,323162809.3692527
,,expert.layers.13.self_attn.q_proj,denoise,7,activation,cross,linear,1465,50,720,960,52740000,210960000,8,4,0.5333217244975351,34560000,linear_role_derived_v1,1105920000,240856782.69647962
,,expert.layers.13.self_attn.q_proj,denoise,7,output,cross,linear,1465,66,720,960,70320000,281280000,8,4,0.5294587883959044,45619200,linear_role_derived_v1,1459814400,323216092.93775594
,,expert.layers.13.self_attn.q_proj,denoise,8,activation,cross,linear,1465,50,720,960,52740000,210960000,8,4,0.5327182973075465,34560000,linear_role_derived_v1,1105920000,241480053.6011276
,,expert.layers.13.self_attn.q_proj,denoise,8,output,cross,linear,1465,66,720,960,70320000,281280000,8,4,0.5290061788964733,45619200,linear_role_derived_v1,1459814400,323838189.4865249
,,expert.layers.13.self_attn.q_proj,denoise,9,activation,cross,linear,1465,50,720,960,52740000,210960000,8,4,0.5325057404247251,34560000,linear_role_derived_v1,1105920000,241699792.23521408
,,expert.layers.13.self_attn.q_proj,denoise,9,output,cross,linear,1465,66,720,960,70320000,281280000,8,4,0.5282046750568828,45619200,linear_role_derived_v1,1459814400,324941296.95394975
,,expert.layers.13.self_attn.k_proj,denoise,0,activation,cross,linear,1465,177,320,320,82977600,331910400,8,4,0.5300627428366209,18124800,linear_role_derived_v1,579993600,128086381.50617486
,,expert.layers.13.self_attn.k_proj,denoise,0,output,cross,linear,1465,177,320,320,82977600,331910400,8,4,0.5275532673878252,18124800,linear_role_derived_v1,579993600,129458002.2725765
,,expert.layers.13.self_attn.k_proj,denoise,1,activation,cross,linear,1465,177,320,320,82977600,331910400,8,4,0.5300627428366209,18124800,linear_role_derived_v1,579993600,128086381.50617486
,,expert.layers.13.self_attn.k_proj,denoise,1,output,cross,linear,1465,177,320,320,82977600,331910400,8,4,0.5275532673878252,18124800,linear_role_derived_v1,579993600,129458002.2725765
,,expert.layers.13.self_attn.k_proj,denoise,2,activation,cross,linear,1465,177,320,320,82977600,331910400,8,4,0.5300627428366209,18124800,linear_role_derived_v1,579993600,128086381.50617486
,,expert.layers.13.self_attn.k_proj,denoise,2,output,cross,linear,1465,177,320,320,82977600,331910400,8,4,0.5275532673878252,18124800,linear_role_derived_v1,579993600,129458002.2725765
,,expert.layers.13.self_attn.k_proj,denoise,3,activation,cross,linear,1465,177,320,320,82977600,331910400,8,4,0.5300627428366209,18124800,linear_role_derived_v1,579993600,128086381.50617486
,,expert.layers.13.self_attn.k_proj,denoise,3,output,cross,linear,1465,177,320,320,82977600,331910400,8,4,0.5275532673878252,18124800,linear_role_derived_v1,579993600,129458002.2725765
,,expert.layers.13.self_attn.k_proj,denoise,4,activation,cross,linear,1465,177,320,320,82977600,331910400,8,4,0.5300627428366209,18124800,linear_role_derived_v1,579993600,128086381.50617486
,,expert.layers.13.self_attn.k_proj,denoise,4,output,cross,linear,1465,177,320,320,82977600,331910400,8,4,0.5275532673878252,18124800,linear_role_derived_v1,579993600,129458002.2725765
,,expert.layers.13.self_attn.k_proj,denoise,5,activation,cross,linear,1465,177,320,320,82977600,331910400,8,4,0.5300627428366209,18124800,linear_role_derived_v1,579993600,128086381.50617486
,,expert.layers.13.self_attn.k_proj,denoise,5,output,cross,linear,1465,177,320,320,82977600,331910400,8,4,0.5275532673878252,18124800,linear_role_derived_v1,579993600,129458002.2725765
,,expert.layers.13.self_attn.k_proj,denoise,6,activation,cross,linear,1465,177,320,320,82977600,331910400,8,4,0.5300627428366209,18124800,linear_role_derived_v1,579993600,128086381.50617486
,,expert.layers.13.self_attn.k_proj,denoise,6,output,cross,linear,1465,177,320,320,82977600,331910400,8,4,0.5275532673878252,18124800,linear_role_derived_v1,579993600,129458002.2725765
,,expert.layers.13.self_attn.k_proj,denoise,7,activation,cross,linear,1465,177,320,320,82977600,331910400,8,4,0.5300627428366209,18124800,linear_role_derived_v1,579993600,128086381.50617486
,,expert.layers.13.self_attn.k_proj,denoise,7,output,cross,linear,1465,177,320,320,82977600,331910400,8,4,0.5275532673878252,18124800,linear_role_derived_v1,579993600,129458002.2725765
,,expert.layers.13.self_attn.k_proj,denoise,8,activation,cross,linear,1465,177,320,320,82977600,331910400,8,4,0.5300627428366209,18124800,linear_role_derived_v1,579993600,128086381.50617486
,,expert.layers.13.self_attn.k_proj,denoise,8,output,cross,linear,1465,177,320,320,82977600,331910400,8,4,0.5275532673878252,18124800,linear_role_derived_v1,579993600,129458002.2725765
,,expert.layers.13.self_attn.k_proj,denoise,9,activation,cross,linear,1465,177,320,320,82977600,331910400,8,4,0.5300627428366209,18124800,linear_role_derived_v1,579993600,128086381.50617486
,,expert.layers.13.self_attn.k_proj,denoise,9,output,cross,linear,1465,177,320,320,82977600,331910400,8,4,0.5275532673878252,18124800,linear_role_derived_v1,579993600,129458002.2725765
,,expert.layers.13.self_attn.v_proj,denoise,0,activation,cross,linear,1465,177,320,320,82977600,331910400,8,4,0.5311077025606911,18124800,linear_role_derived_v1,579993600,127517385.12287553
,,expert.layers.13.self_attn.v_proj,denoise,0,output,cross,linear,1465,177,320,320,82977600,331910400,8,4,0.5254807020207863,18124800,linear_role_derived_v1,579993600,130596326.13090713
,,expert.layers.13.self_attn.v_proj,denoise,1,activation,cross,linear,1465,177,320,320,82977600,331910400,8,4,0.5311077025606911,18124800,linear_role_derived_v1,579993600,127517385.12287553
,,expert.layers.13.self_attn.v_proj,denoise,1,output,cross,linear,1465,177,320,320,82977600,331910400,8,4,0.5254807020207863,18124800,linear_role_derived_v1,579993600,130596326.13090713
,,expert.layers.13.self_attn.v_proj,denoise,2,activation,cross,linear,1465,177,320,320,82977600,331910400,8,4,0.5311077025606911,18124800,linear_role_derived_v1,579993600,127517385.12287553
,,expert.layers.13.self_attn.v_proj,denoise,2,output,cross,linear,1465,177,320,320,82977600,331910400,8,4,0.5254807020207863,18124800,linear_role_derived_v1,579993600,130596326.13090713
,,expert.layers.13.self_attn.v_proj,denoise,3,activation,cross,linear,1465,177,320,320,82977600,331910400,8,4,0.5311077025606911,18124800,linear_role_derived_v1,579993600,127517385.12287553
,,expert.layers.13.self_attn.v_proj,denoise,3,output,cross,linear,1465,177,320,320,82977600,331910400,8,4,0.5254807020207863,18124800,linear_role_derived_v1,579993600,130596326.13090713
,,expert.layers.13.self_attn.v_proj,denoise,4,activation,cross,linear,1465,177,320,320,82977600,331910400,8,4,0.5311077025606911,18124800,linear_role_derived_v1,579993600,127517385.12287553
,,expert.layers.13.self_attn.v_proj,denoise,4,output,cross,linear,1465,177,320,320,82977600,331910400,8,4,0.5254807020207863,18124800,linear_role_derived_v1,579993600,130596326.13090713
,,expert.layers.13.self_attn.v_proj,denoise,5,activation,cross,linear,1465,177,320,320,82977600,331910400,8,4,0.5311077025606911,18124800,linear_role_derived_v1,579993600,127517385.12287553
,,expert.layers.13.self_attn.v_proj,denoise,5,output,cross,linear,1465,177,320,320,82977600,331910400,8,4,0.5254807020207863,18124800,linear_role_derived_v1,579993600,130596326.13090713
,,expert.layers.13.self_attn.v_proj,denoise,6,activation,cross,linear,1465,177,320,320,82977600,331910400,8,4,0.5311077025606911,18124800,linear_role_derived_v1,579993600,127517385.12287553
,,expert.layers.13.self_attn.v_proj,denoise,6,output,cross,linear,1465,177,320,320,82977600,331910400,8,4,0.5254807020207863,18124800,linear_role_derived_v1,579993600,130596326.13090713
,,expert.layers.13.self_attn.v_proj,denoise,7,activation,cross,linear,1465,177,320,320,82977600,331910400,8,4,0.5311077025606911,18124800,linear_role_derived_v1,579993600,127517385.12287553
,,expert.layers.13.self_attn.v_proj,denoise,7,output,cross,linear,1465,177,320,320,82977600,331910400,8,4,0.5254807020207863,18124800,linear_role_derived_v1,579993600,130596326.13090713
,,expert.layers.13.self_attn.v_proj,denoise,8,activation,cross,linear,1465,177,320,320,82977600,331910400,8,4,0.5311077025606911,18124800,linear_role_derived_v1,579993600,127517385.12287553
,,expert.layers.13.self_attn.v_proj,denoise,8,output,cross,linear,1465,177,320,320,82977600,331910400,8,4,0.5254807020207863,18124800,linear_role_derived_v1,579993600,130596326.13090713
,,expert.layers.13.self_attn.v_proj,denoise,9,activation,cross,linear,1465,177,320,320,82977600,331910400,8,4,0.5311077025606911,18124800,linear_role_derived_v1,579993600,127517385.12287553
,,expert.layers.13.self_attn.v_proj,denoise,9,output,cross,linear,1465,177,320,320,82977600,331910400,8,4,0.5254807020207863,18124800,linear_role_derived_v1,579993600,130596326.13090713
,,expert.layers.13.self_attn.o_proj,denoise,0,activation,unknown,linear,1465,50,960,720,70320000,281280000,8,4,0.527094837883959,34560000,linear_role_derived_v1,1105920000,247327166.20234638
,,expert.layers.13.self_attn.o_proj,denoise,0,output,unknown,linear,1465,37,960,720,52740000,210960000,8,4,0.5265865851346226,25574400,linear_role_derived_v1,818380800,183415718.7998707
,,expert.layers.13.self_attn.o_proj,denoise,1,activation,unknown,linear,1465,50,960,720,70320000,281280000,8,4,0.5271417519908987,34560000,linear_role_derived_v1,1105920000,247278096.92370498
,,expert.layers.13.self_attn.o_proj,denoise,1,output,unknown,linear,1465,37,960,720,52740000,210960000,8,4,0.526674260523322,25574400,linear_role_derived_v1,818380800,183347788.5095878
,,expert.layers.13.self_attn.o_proj,denoise,2,activation,unknown,linear,1465,50,960,720,70320000,281280000,8,4,0.5271722518486917,34560000,linear_role_derived_v1,1105920000,247246198.55419806
,,expert.layers.13.self_attn.o_proj,denoise,2,output,unknown,linear,1465,37,960,720,52740000,210960000,8,4,0.5266658892681076,25574400,linear_role_derived_v1,818380800,183354273.95745298
,,expert.layers.13.self_attn.o_proj,denoise,3,activation,unknown,linear,1465,50,960,720,70320000,281280000,8,4,0.5271940237485779,34560000,linear_role_derived_v1,1105920000,247223429.60474634
,,expert.layers.13.self_attn.o_proj,denoise,3,output,unknown,linear,1465,37,960,720,52740000,210960000,8,4,0.526713035646568,25574400,linear_role_derived_v1,818380800,183317749.82247213
,,expert.layers.13.self_attn.o_proj,denoise,4,activation,unknown,linear,1465,50,960,720,70320000,281280000,8,4,0.5271922959328783,34560000,linear_role_derived_v1,1105920000,247225236.50789452
,,expert.layers.13.self_attn.o_proj,denoise,4,output,unknown,linear,1465,37,960,720,52740000,210960000,8,4,0.5267142396662875,25574400,linear_role_derived_v1,818380800,183316817.12023607
,,expert.layers.13.self_attn.o_proj,denoise,5,activation,unknown,linear,1465,50,960,720,70320000,281280000,8,4,0.5272074872013652,34560000,linear_role_derived_v1,1105920000,247209350.11442995
,,expert.layers.13.self_attn.o_proj,denoise,5,output,unknown,linear,1465,37,960,720,52740000,210960000,8,4,0.5267841581342435,25574400,linear_role_derived_v1,818380800,183262658.36316586
,,expert.layers.13.self_attn.o_proj,denoise,6,activation,unknown,linear,1465,50,960,720,70320000,281280000,8,4,0.5272352069112628,34560000,linear_role_derived_v1,1105920000,247180363.31619883
,,expert.layers.13.self_attn.o_proj,denoise,6,output,unknown,linear,1465,37,960,720,52740000,210960000,8,4,0.5267928801668563,25574400,linear_role_derived_v1,818380800,183255902.8490391
,,expert.layers.13.self_attn.o_proj,denoise,7,activation,unknown,linear,1465,50,960,720,70320000,281280000,8,4,0.5273023890784982,34560000,linear_role_derived_v1,1105920000,247110117.2537007
,,expert.layers.13.self_attn.o_proj,denoise,7,output,unknown,linear,1465,37,960,720,52740000,210960000,8,4,0.526864182783466,25574400,linear_role_derived_v1,818380800,183200681.1907066
,,expert.layers.13.self_attn.o_proj,denoise,8,activation,unknown,linear,1465,50,960,720,70320000,281280000,8,4,0.5272620911547212,34560000,linear_role_derived_v1,1105920000,247152251.7976675
,,expert.layers.13.self_attn.o_proj,denoise,8,output,unknown,linear,1465,37,960,720,52740000,210960000,8,4,0.5268840301478953,25574400,linear_role_derived_v1,818380800,183185311.50493166
,,expert.layers.13.self_attn.o_proj,denoise,9,activation,unknown,linear,1465,50,960,720,70320000,281280000,8,4,0.5272939917519909,34560000,linear_role_derived_v1,1105920000,247118897.00092748
,,expert.layers.13.self_attn.o_proj,denoise,9,output,unknown,linear,1465,37,960,720,52740000,210960000,8,4,0.5268658513462268,25574400,linear_role_derived_v1,818380800,183199389.04040116
,,expert.layers.13.mlp.gate_proj,denoise,0,activation,unknown,linear,1465,50,720,2048,52740000,210960000,8,4,0.5343215348881305,73728000,linear_role_derived_v1,2359296000,511628514.6419744
,,expert.layers.13.mlp.gate_proj,denoise,0,output,unknown,linear,1465,142,720,2048,150016000,600064000,8,4,0.5318728752266425,209387520,linear_role_derived_v1,6700400640,1468345930.6089258
,,expert.layers.13.mlp.gate_proj,denoise,1,activation,unknown,linear,1465,50,720,2048,52740000,210960000,8,4,0.5343208712552142,73728000,linear_role_derived_v1,2359296000,511629972.8745988
,,expert.layers.13.mlp.gate_proj,denoise,1,output,unknown,linear,1465,142,720,2048,150016000,600064000,8,4,0.5311307193899317,209387520,linear_role_derived_v1,6700400640,1473005371.466177
,,expert.layers.13.mlp.gate_proj,denoise,2,activation,unknown,linear,1465,50,720,2048,52740000,210960000,8,4,0.5341429560106181,73728000,linear_role_derived_v1,2359296000,512020989.5845328
,,expert.layers.13.mlp.gate_proj,denoise,2,output,unknown,linear,1465,142,720,2048,150016000,600064000,8,4,0.5300106621960324,209387520,linear_role_derived_v1,6700400640,1480051347.6117053
,,expert.layers.13.mlp.gate_proj,denoise,3,activation,unknown,linear,1465,50,720,2048,52740000,210960000,8,4,0.5339972885855139,73728000,linear_role_derived_v1,2359296000,512341244.22470057
,,expert.layers.13.mlp.gate_proj,denoise,3,output,unknown,linear,1465,142,720,2048,150016000,600064000,8,4,0.5289850582604522,209387520,linear_role_derived_v1,6700400640,1486517888.8081796
,,expert.layers.13.mlp.gate_proj,denoise,4,activation,unknown,linear,1465,50,720,2048,52740000,210960000,8,4,0.533995207622298,73728000,linear_role_derived_v1,2359296000,512345820.01637554
,,expert.layers.13.mlp.gate_proj,denoise,4,output,unknown,linear,1465,142,720,2048,150016000,600064000,8,4,0.5281006076018558,209387520,linear_role_derived_v1,6700400640,1492105762.9920437
,,expert.layers.13.mlp.gate_proj,denoise,5,activation,unknown,linear,1465,50,720,2048,52740000,210960000,8,4,0.5342160125142207,73728000,linear_role_derived_v1,2359296000,511860410.1506495
,,expert.layers.13.mlp.gate_proj,denoise,5,output,unknown,linear,1465,142,720,2048,150016000,600064000,8,4,0.5273458014478456,209387520,linear_role_derived_v1,6700400640,1496882846.214
,,expert.layers.13.mlp.gate_proj,denoise,6,activation,unknown,linear,1465,50,720,2048,52740000,210960000,8,4,0.5340345657944634,73728000,linear_role_derived_v1,2359296000,512259279.51822054
,,expert.layers.13.mlp.gate_proj,denoise,6,output,unknown,linear,1465,142,720,2048,150016000,600064000,8,4,0.5267927921021758,209387520,linear_role_derived_v1,6700400640,1500387626.0999281
,,expert.layers.13.mlp.gate_proj,denoise,7,activation,unknown,linear,1465,50,720,2048,52740000,210960000,8,4,0.5336410693970421,73728000,linear_role_derived_v1,2359296000,513124825.6622815
,,expert.layers.13.mlp.gate_proj,denoise,7,output,unknown,linear,1465,142,720,2048,150016000,600064000,8,4,0.5264918092070179,209387520,linear_role_derived_v1,6700400640,1502296872.7089927
,,expert.layers.13.mlp.gate_proj,denoise,8,activation,unknown,linear,1465,50,720,2048,52740000,210960000,8,4,0.5329218287827077,73728000,linear_role_derived_v1,2359296000,514708776.4846575
,,expert.layers.13.mlp.gate_proj,denoise,8,output,unknown,linear,1465,142,720,2048,150016000,600064000,8,4,0.5262988631212671,209387520,linear_role_derived_v1,6700400640,1503521440.1555705
,,expert.layers.13.mlp.gate_proj,denoise,9,activation,unknown,linear,1465,50,720,2048,52740000,210960000,8,4,0.5326658797876375,73728000,linear_role_derived_v1,2359296000,515273030.16794455
,,expert.layers.13.mlp.gate_proj,denoise,9,output,unknown,linear,1465,142,720,2048,150016000,600064000,8,4,0.5253751516504906,209387520,linear_role_derived_v1,6700400640,1509390854.364991
,,expert.layers.13.mlp.up_proj,denoise,0,activation,unknown,linear,1465,50,720,2048,52740000,210960000,8,4,0.5343215348881305,73728000,linear_role_derived_v1,2359296000,511628514.6419744
,,expert.layers.13.mlp.up_proj,denoise,0,output,unknown,linear,1465,142,720,2048,150016000,600064000,8,4,0.5284023537489334,209387520,linear_role_derived_v1,6700400640,1490198181.7367165
,,expert.layers.13.mlp.up_proj,denoise,1,activation,unknown,linear,1465,50,720,2048,52740000,210960000,8,4,0.5343208712552142,73728000,linear_role_derived_v1,2359296000,511629972.8745988
,,expert.layers.13.mlp.up_proj,denoise,1,output,unknown,linear,1465,142,720,2048,150016000,600064000,8,4,0.5282419641904863,209387520,linear_role_derived_v1,6700400640,1491211981.8440504
,,expert.layers.13.mlp.up_proj,denoise,2,activation,unknown,linear,1465,50,720,2048,52740000,210960000,8,4,0.5341429560106181,73728000,linear_role_derived_v1,2359296000,512020989.5845328
,,expert.layers.13.mlp.up_proj,denoise,2,output,unknown,linear,1465,142,720,2048,150016000,600064000,8,4,0.528074925341297,209387520,linear_role_derived_v1,6700400640,1492268177.6608038
,,expert.layers.13.mlp.up_proj,denoise,3,activation,unknown,linear,1465,50,720,2048,52740000,210960000,8,4,0.5339972885855139,73728000,linear_role_derived_v1,2359296000,512341244.22470057
,,expert.layers.13.mlp.up_proj,denoise,3,output,unknown,linear,1465,142,720,2048,150016000,600064000,8,4,0.527995967096843,209387520,linear_role_derived_v1,6700400640,1492767565.1218853
,,expert.layers.13.mlp.up_proj,denoise,4,activation,unknown,linear,1465,50,720,2048,52740000,210960000,8,4,0.533995207622298,73728000,linear_role_derived_v1,2359296000,512345820.01637554
,,expert.layers.13.mlp.up_proj,denoise,4,output,unknown,linear,1465,142,720,2048,150016000,600064000,8,4,0.5278872036982721,209387520,linear_role_derived_v1,6700400640,1493455598.1401944
,,expert.layers.13.mlp.up_proj,denoise,5,activation,unknown,linear,1465,50,720,2048,52740000,210960000,8,4,0.5342160125142207,73728000,linear_role_derived_v1,2359296000,511860410.1506495
,,expert.layers.13.mlp.up_proj,denoise,5,output,unknown,linear,1465,142,720,2048,150016000,600064000,8,4,0.5277707827831698,209387520,linear_role_derived_v1,6700400640,1494192247.96829
,,expert.layers.13.mlp.up_proj,denoise,6,activation,unknown,linear,1465,50,720,2048,52740000,210960000,8,4,0.5340345657944634,73728000,linear_role_derived_v1,2359296000,512259279.51822054
,,expert.layers.13.mlp.up_proj,denoise,6,output,unknown,linear,1465,142,720,2048,150016000,600064000,8,4,0.527652850362628,209387520,linear_role_derived_v1,6700400640,1494938646.9861636
,,expert.layers.13.mlp.up_proj,denoise,7,activation,unknown,linear,1465,50,720,2048,52740000,210960000,8,4,0.5336410693970421,73728000,linear_role_derived_v1,2359296000,513124825.6622815
,,expert.layers.13.mlp.up_proj,denoise,7,output,unknown,linear,1465,142,720,2048,150016000,600064000,8,4,0.5275802497733575,209387520,linear_role_derived_v1,6700400640,1495398231.711793
,,expert.layers.13.mlp.up_proj,denoise,8,activation,unknown,linear,1465,50,720,2048,52740000,210960000,8,4,0.5329218287827077,73728000,linear_role_derived_v1,2359296000,514708776.4846575
,,expert.layers.13.mlp.up_proj,denoise,8,output,unknown,linear,1465,142,720,2048,150016000,600064000,8,4,0.5275125236641425,209387520,linear_role_derived_v1,6700400640,1495827023.113868
,,expert.layers.13.mlp.up_proj,denoise,9,activation,unknown,linear,1465,50,720,2048,52740000,210960000,8,4,0.5326658797876375,73728000,linear_role_derived_v1,2359296000,515273030.16794455
,,expert.layers.13.mlp.up_proj,denoise,9,output,unknown,linear,1465,142,720,2048,150016000,600064000,8,4,0.5275910102922355,209387520,linear_role_derived_v1,6700400640,1495330109.760347
,,expert.layers.13.mlp.down_proj,denoise,0,activation,unknown,linear,1465,50,2048,720,150016000,600064000,8,4,0.5376128612947952,73728000,linear_role_derived_v1,2359296000,504421887.3406754
,,expert.layers.13.mlp.down_proj,denoise,0,output,unknown,linear,1465,17,2048,720,52740000,210960000,8,4,0.5252359641638226,25067520,linear_role_derived_v1,802160640,180807721.9571362
,,expert.layers.13.mlp.down_proj,denoise,1,activation,unknown,linear,1465,50,2048,720,150016000,600064000,8,4,0.5374550447952219,73728000,linear_role_derived_v1,2359296000,504766272.70526874
,,expert.layers.13.mlp.down_proj,denoise,1,output,unknown,linear,1465,17,2048,720,52740000,210960000,8,4,0.5255179417899127,25067520,linear_role_derived_v1,802160640,180593010.69878426
,,expert.layers.13.mlp.down_proj,denoise,2,activation,unknown,linear,1465,50,2048,720,150016000,600064000,8,4,0.5372741407583191,73728000,linear_role_derived_v1,2359296000,505161183.99839544
,,expert.layers.13.mlp.down_proj,denoise,2,output,unknown,linear,1465,17,2048,720,52740000,210960000,8,4,0.5257842671596511,25067520,linear_role_derived_v1,802160640,180390334.9545569
,,expert.layers.13.mlp.down_proj,denoise,3,activation,unknown,linear,1465,50,2048,720,150016000,600064000,8,4,0.5371118597349616,73728000,linear_role_derived_v1,2359296000,505515572.87634087
,,expert.layers.13.mlp.down_proj,denoise,3,output,unknown,linear,1465,17,2048,720,52740000,210960000,8,4,0.525927502844141,25067520,linear_role_derived_v1,802160640,180281378.5066311
,,expert.layers.13.mlp.down_proj,denoise,4,activation,unknown,linear,1465,50,2048,720,150016000,600064000,8,4,0.5369389298474829,73728000,linear_role_derived_v1,2359296000,505893353.47977227
,,expert.layers.13.mlp.down_proj,denoise,4,output,unknown,linear,1465,17,2048,720,52740000,210960000,8,4,0.5261945913917331,25067520,linear_role_derived_v1,802160640,180078297.6366483
,,expert.layers.13.mlp.down_proj,denoise,5,activation,unknown,linear,1465,50,2048,720,150016000,600064000,8,4,0.536876988121267,73728000,linear_role_derived_v1,2359296000,506028704.9720558
,,expert.layers.13.mlp.down_proj,denoise,5,output,unknown,linear,1465,17,2048,720,52740000,210960000,8,4,0.5263159982935154,25067520,linear_role_derived_v1,802160640,179986023.69141755
,,expert.layers.13.mlp.down_proj,denoise,6,activation,unknown,linear,1465,50,2048,720,150016000,600064000,8,4,0.5368023594149958,73728000,linear_role_derived_v1,2359296000,506191803.3685073
,,expert.layers.13.mlp.down_proj,denoise,6,output,unknown,linear,1465,17,2048,720,52740000,210960000,8,4,0.5264714306029579,25067520,linear_role_derived_v1,802160640,179867923.6359594
,,expert.layers.13.mlp.down_proj,denoise,7,activation,unknown,linear,1465,50,2048,720,150016000,600064000,8,4,0.5367200081991255,73728000,linear_role_derived_v1,2359296000,506371809.53615797
,,expert.layers.13.mlp.down_proj,denoise,7,output,unknown,linear,1465,17,2048,720,52740000,210960000,8,4,0.526572046833523,25067520,linear_role_derived_v1,802160640,179791494.41527024
,,expert.layers.13.mlp.down_proj,denoise,8,activation,unknown,linear,1465,50,2048,720,150016000,600064000,8,4,0.5367228812260025,73728000,linear_role_derived_v1,2359296000,506365529.0348055
,,expert.layers.13.mlp.down_proj,denoise,8,output,unknown,linear,1465,17,2048,720,52740000,210960000,8,4,0.5262520714827456,25067520,linear_role_derived_v1,802160640,180034607.59476826
,,expert.layers.13.mlp.down_proj,denoise,9,activation,unknown,linear,1465,50,2048,720,150016000,600064000,8,4,0.5367191032956484,73728000,linear_role_derived_v1,2359296000,506373787.68357104
,,expert.layers.13.mlp.down_proj,denoise,9,output,unknown,linear,1465,17,2048,720,52740000,210960000,8,4,0.5253746824042472,25067520,linear_role_derived_v1,802160640,180702079.30952048
,,expert.layers.14.self_attn.q_proj,denoise,0,activation,self,linear,1465,50,720,960,52740000,210960000,8,4,0.534360532802427,34560000,linear_role_derived_v1,1105920000,239785699.8246429
,,expert.layers.14.self_attn.q_proj,denoise,0,output,self,linear,1465,66,720,960,70320000,281280000,8,4,0.5291264753981797,45619200,linear_role_derived_v1,1459814400,323672787.6293566
,,expert.layers.14.self_attn.q_proj,denoise,1,activation,self,linear,1465,50,720,960,52740000,210960000,8,4,0.5343986537732272,34560000,linear_role_derived_v1,1105920000,239746439.881562
,,expert.layers.14.self_attn.q_proj,denoise,1,output,self,linear,1465,66,720,960,70320000,281280000,8,4,0.5291777481513084,45619200,linear_role_derived_v1,1459814400,323602302.921544
,,expert.layers.14.self_attn.q_proj,denoise,2,activation,self,linear,1465,50,720,960,52740000,210960000,8,4,0.5342681740614335,34560000,linear_role_derived_v1,1105920000,239880831.37273544
,,expert.layers.14.self_attn.q_proj,denoise,2,output,self,linear,1465,66,720,960,70320000,281280000,8,4,0.5292310260238908,45619200,linear_role_derived_v1,1459814400,323529069.90541214
,,expert.layers.14.self_attn.q_proj,denoise,3,activation,self,linear,1465,50,720,960,52740000,210960000,8,4,0.5340177664012135,34560000,linear_role_derived_v1,1105920000,240138851.7295014
,,expert.layers.14.self_attn.q_proj,denoise,3,output,self,linear,1465,66,720,960,70320000,281280000,8,4,0.5294759456769056,45619200,linear_role_derived_v1,1459814400,323192522.5975125
,,expert.layers.14.self_attn.q_proj,denoise,4,activation,self,linear,1465,50,720,960,52740000,210960000,8,4,0.5337198615851346,34560000,linear_role_derived_v1,1105920000,240445993.8596873
,,expert.layers.14.self_attn.q_proj,denoise,4,output,self,linear,1465,66,720,960,70320000,281280000,8,4,0.5295623471274176,45619200,linear_role_derived_v1,1459814400,323073839.02056533
,,expert.layers.14.self_attn.q_proj,denoise,5,activation,self,linear,1465,50,720,960,52740000,210960000,8,4,0.5338359594235874,34560000,linear_role_derived_v1,1105920000,240326272.762521
,,expert.layers.14.self_attn.q_proj,denoise,5,output,self,linear,1465,66,720,960,70320000,281280000,8,4,0.529814000284414,45619200,linear_role_derived_v1,1459814400,322728285.0230003
,,expert.layers.14.self_attn.q_proj,denoise,6,activation,self,linear,1465,50,720,960,52740000,210960000,8,4,0.533983565604854,34560000,linear_role_derived_v1,1105920000,240174103.03639
,,expert.layers.14.self_attn.q_proj,denoise,6,output,self,linear,1465,66,720,960,70320000,281280000,8,4,0.529986053043231,45619200,linear_role_derived_v1,1459814400,322492139.61418754
,,expert.layers.14.self_attn.q_proj,denoise,7,activation,self,linear,1465,50,720,960,52740000,210960000,8,4,0.5337223170269245,34560000,linear_role_derived_v1,1105920000,240443461.47823521
,,expert.layers.14.self_attn.q_proj,denoise,7,output,self,linear,1465,66,720,960,70320000,281280000,8,4,0.5301066339590443,45619200,linear_role_derived_v1,1459814400,322326691.71765393
,,expert.layers.14.self_attn.q_proj,denoise,8,activation,self,linear,1465,50,720,960,52740000,210960000,8,4,0.5327498625331817,34560000,linear_role_derived_v1,1105920000,241447430.3895362
,,expert.layers.14.self_attn.q_proj,denoise,8,output,self,linear,1465,66,720,960,70320000,281280000,8,4,0.5301002595278725,45619200,linear_role_derived_v1,1459814400,322335436.9496408
,,expert.layers.14.self_attn.q_proj,denoise,9,activation,self,linear,1465,50,720,960,52740000,210960000,8,4,0.5323608788395905,34560000,linear_role_derived_v1,1105920000,241849605.5816751
,,expert.layers.14.self_attn.q_proj,denoise,9,output,self,linear,1465,66,720,960,70320000,281280000,8,4,0.5301843856655291,45619200,linear_role_derived_v1,1459814400,322220031.87216616
,,expert.layers.14.self_attn.k_proj,denoise,0,activation,self,linear,1465,50,720,320,52740000,210960000,8,4,0.534360532802427,11520000,linear_role_derived_v1,368640000,79928566.60821429
,,expert.layers.14.self_attn.k_proj,denoise,0,output,self,linear,1465,22,720,320,23440000,93760000,8,4,0.5317526023890785,5068800,linear_role_derived_v1,162201600,35563613.24391734
,,expert.layers.14.self_attn.k_proj,denoise,1,activation,self,linear,1465,50,720,320,52740000,210960000,8,4,0.5343986537732272,11520000,linear_role_derived_v1,368640000,79915479.96052065
,,expert.layers.14.self_attn.k_proj,denoise,1,output,self,linear,1465,22,720,320,23440000,93760000,8,4,0.5319577751706485,5068800,linear_role_derived_v1,162201600,35532454.1306433
,,expert.layers.14.self_attn.k_proj,denoise,2,activation,self,linear,1465,50,720,320,52740000,210960000,8,4,0.5342681740614335,11520000,linear_role_derived_v1,368640000,79960277.12424515
,,expert.layers.14.self_attn.k_proj,denoise,2,output,self,linear,1465,22,720,320,23440000,93760000,8,4,0.5321465123720136,5068800,linear_role_derived_v1,162201600,35503803.10967316
,,expert.layers.14.self_attn.k_proj,denoise,3,activation,self,linear,1465,50,720,320,52740000,210960000,8,4,0.5340177664012135,11520000,linear_role_derived_v1,368640000,80046283.90983379
,,expert.layers.14.self_attn.k_proj,denoise,3,output,self,linear,1465,22,720,320,23440000,93760000,8,4,0.5322778796928328,5068800,linear_role_derived_v1,162201600,35483867.87432627
,,expert.layers.14.self_attn.k_proj,denoise,4,activation,self,linear,1465,50,720,320,52740000,210960000,8,4,0.5337198615851346,11520000,linear_role_derived_v1,368640000,80148664.61989577
,,expert.layers.14.self_attn.k_proj,denoise,4,output,self,linear,1465,22,720,320,23440000,93760000,8,4,0.5324830951365188,5068800,linear_role_derived_v1,162201600,35452737.252523705
,,expert.layers.14.self_attn.k_proj,denoise,5,activation,self,linear,1465,50,720,320,52740000,210960000,8,4,0.5338359594235874,11520000,linear_role_derived_v1,368640000,80108757.587507
,,expert.layers.14.self_attn.k_proj,denoise,5,output,self,linear,1465,22,720,320,23440000,93760000,8,4,0.5327480482081911,5068800,linear_role_derived_v1,162201600,35412564.801736265
,,expert.layers.14.self_attn.k_proj,denoise,6,activation,self,linear,1465,50,720,320,52740000,210960000,8,4,0.533983565604854,11520000,linear_role_derived_v1,368640000,80058034.34546332
,,expert.layers.14.self_attn.k_proj,denoise,6,output,self,linear,1465,22,720,320,23440000,93760000,8,4,0.5329383532423209,5068800,linear_role_derived_v1,162201600,35383724.61416859
,,expert.layers.14.self_attn.k_proj,denoise,7,activation,self,linear,1465,50,720,320,52740000,210960000,8,4,0.5337223170269245,11520000,linear_role_derived_v1,368640000,80147820.49274507
,,expert.layers.14.self_attn.k_proj,denoise,7,output,self,linear,1465,22,720,320,23440000,93760000,8,4,0.5334118600682594,5068800,linear_role_derived_v1,162201600,35312016.98229649
,,expert.layers.14.self_attn.k_proj,denoise,8,activation,self,linear,1465,50,720,320,52740000,210960000,8,4,0.5327498625331817,11520000,linear_role_derived_v1,368640000,80482476.79651207
,,expert.layers.14.self_attn.k_proj,denoise,8,output,self,linear,1465,22,720,320,23440000,93760000,8,4,0.5339609961604096,5068800,linear_role_derived_v1,162201600,35228947.180552155
,,expert.layers.14.self_attn.k_proj,denoise,9,activation,self,linear,1465,50,720,320,52740000,210960000,8,4,0.5323608788395905,11520000,linear_role_derived_v1,368640000,80616535.19389169
,,expert.layers.14.self_attn.k_proj,denoise,9,output,self,linear,1465,22,720,320,23440000,93760000,8,4,0.5351595243174061,5068800,linear_role_derived_v1,162201600,35047981.24515197
,,expert.layers.14.self_attn.v_proj,denoise,0,activation,self,linear,1465,50,720,320,52740000,210960000,8,4,0.534360532802427,11520000,linear_role_derived_v1,368640000,79928566.60821429
,,expert.layers.14.self_attn.v_proj,denoise,0,output,self,linear,1465,22,720,320,23440000,93760000,8,4,0.5273849189419795,5068800,linear_role_derived_v1,162201600,36230162.791636094
,,expert.layers.14.self_attn.v_proj,denoise,1,activation,self,linear,1465,50,720,320,52740000,210960000,8,4,0.5343986537732272,11520000,linear_role_derived_v1,368640000,79915479.96052065
,,expert.layers.14.self_attn.v_proj,denoise,1,output,self,linear,1465,22,720,320,23440000,93760000,8,4,0.5273514505119454,5068800,linear_role_derived_v1,162201600,36235294.280881
,,expert.layers.14.self_attn.v_proj,denoise,2,activation,self,linear,1465,50,720,320,52740000,210960000,8,4,0.5342681740614335,11520000,linear_role_derived_v1,368640000,79960277.12424515
,,expert.layers.14.self_attn.v_proj,denoise,2,output,self,linear,1465,22,720,320,23440000,93760000,8,4,0.5273953711604096,5068800,linear_role_derived_v1,162201600,36228560.29775478
,,expert.layers.14.self_attn.v_proj,denoise,3,activation,self,linear,1465,50,720,320,52740000,210960000,8,4,0.5340177664012135,11520000,linear_role_derived_v1,368640000,80046283.90983379
,,expert.layers.14.self_attn.v_proj,denoise,3,output,self,linear,1465,22,720,320,23440000,93760000,8,4,0.5271997866894198,5068800,linear_role_derived_v1,162201600,36258552.42886592
,,expert.layers.14.self_attn.v_proj,denoise,4,activation,self,linear,1465,50,720,320,52740000,210960000,8,4,0.5337198615851346,11520000,linear_role_derived_v1,368640000,80148664.61989577
,,expert.layers.14.self_attn.v_proj,denoise,4,output,self,linear,1465,22,720,320,23440000,93760000,8,4,0.5272040315699659,5068800,linear_role_derived_v1,162201600,36257901.360915564
,,expert.layers.14.self_attn.v_proj,denoise,5,activation,self,linear,1465,50,720,320,52740000,210960000,8,4,0.5338359594235874,11520000,linear_role_derived_v1,368640000,80108757.587507
,,expert.layers.14.self_attn.v_proj,denoise,5,output,self,linear,1465,22,720,320,23440000,93760000,8,4,0.5270889291808873,5068800,linear_role_derived_v1,162201600,36275557.514321424
,,expert.layers.14.self_attn.v_proj,denoise,6,activation,self,linear,1465,50,720,320,52740000,210960000,8,4,0.533983565604854,11520000,linear_role_derived_v1,368640000,80058034.34546332
,,expert.layers.14.self_attn.v_proj,denoise,6,output,self,linear,1465,22,720,320,23440000,93760000,8,4,0.5270787436006826,5068800,linear_role_derived_v1,162201600,36277120.14037251
,,expert.layers.14.self_attn.v_proj,denoise,7,activation,self,linear,1465,50,720,320,52740000,210960000,8,4,0.5337223170269245,11520000,linear_role_derived_v1,368640000,80147820.49274507
,,expert.layers.14.self_attn.v_proj,denoise,7,output,self,linear,1465,22,720,320,23440000,93760000,8,4,0.5270220136518772,5068800,linear_role_derived_v1,162201600,36285824.01052275
,,expert.layers.14.self_attn.v_proj,denoise,8,activation,self,linear,1465,50,720,320,52740000,210960000,8,4,0.5327498625331817,11520000,linear_role_derived_v1,368640000,80482476.79651207
,,expert.layers.14.self_attn.v_proj,denoise,8,output,self,linear,1465,22,720,320,23440000,93760000,8,4,0.5267765038395904,5068800,linear_role_derived_v1,162201600,36323503.72578892
,,expert.layers.14.self_attn.v_proj,denoise,9,activation,self,linear,1465,50,720,320,52740000,210960000,8,4,0.5323608788395905,11520000,linear_role_derived_v1,368640000,80616535.19389169
,,expert.layers.14.self_attn.v_proj,denoise,9,output,self,linear,1465,22,720,320,23440000,93760000,8,4,0.526673933447099,5068800,linear_role_derived_v1,162201600,36339251.54826762
,,expert.layers.14.self_attn.o_proj,denoise,0,activation,unknown,linear,1465,50,960,720,70320000,281280000,8,4,0.5295265002844141,34560000,linear_role_derived_v1,1105920000,244790209.5865876
,,expert.layers.14.self_attn.o_proj,denoise,0,output,unknown,linear,1465,37,960,720,52740000,210960000,8,4,0.5244024222601441,25574400,linear_role_derived_v1,818380800,185112054.08445746
,,expert.layers.14.self_attn.o_proj,denoise,1,activation,unknown,linear,1465,50,960,720,70320000,281280000,8,4,0.5295747333617747,34560000,linear_role_derived_v1,1105920000,244740020.2352404
,,expert.layers.14.self_attn.o_proj,denoise,1,output,unknown,linear,1465,37,960,720,52740000,210960000,8,4,0.5243234736442928,25574400,linear_role_derived_v1,818380800,185173515.93419242
,,expert.layers.14.self_attn.o_proj,denoise,2,activation,unknown,linear,1465,50,960,720,70320000,281280000,8,4,0.5298566837315131,34560000,linear_role_derived_v1,1105920000,244446737.2630886
,,expert.layers.14.self_attn.o_proj,denoise,2,output,unknown,linear,1465,37,960,720,52740000,210960000,8,4,0.5241226346226773,25574400,linear_role_derived_v1,818380800,185329915.99540916
,,expert.layers.14.self_attn.o_proj,denoise,3,activation,unknown,linear,1465,50,960,720,70320000,281280000,8,4,0.5299999075654153,34560000,linear_role_derived_v1,1105920000,244297824.09175006
,,expert.layers.14.self_attn.o_proj,denoise,3,output,unknown,linear,1465,37,960,720,52740000,210960000,8,4,0.5239437097080015,25574400,linear_role_derived_v1,818380800,185469306.41719538
,,expert.layers.14.self_attn.o_proj,denoise,4,activation,unknown,linear,1465,50,960,720,70320000,281280000,8,4,0.5302081769055745,34560000,linear_role_derived_v1,1105920000,244081362.54473695
,,expert.layers.14.self_attn.o_proj,denoise,4,output,unknown,linear,1465,37,960,720,52740000,210960000,8,4,0.5239899032992036,25574400,linear_role_derived_v1,818380800,185433314.54889202
,,expert.layers.14.self_attn.o_proj,denoise,5,activation,unknown,linear,1465,50,960,720,70320000,281280000,8,4,0.5302782032138794,34560000,linear_role_derived_v1,1105920000,244008603.32652554
,,expert.layers.14.self_attn.o_proj,denoise,5,output,unknown,linear,1465,37,960,720,52740000,210960000,8,4,0.5239290623814942,25574400,linear_role_derived_v1,818380800,185480719.65271518
,,expert.layers.14.self_attn.o_proj,denoise,6,activation,unknown,linear,1465,50,960,720,70320000,281280000,8,4,0.5304988232366326,34560000,linear_role_derived_v1,1105920000,243779444.1019
,,expert.layers.14.self_attn.o_proj,denoise,6,output,unknown,linear,1465,37,960,720,52740000,210960000,8,4,0.5240006873340918,25574400,linear_role_derived_v1,818380800,185424912.64021188
,,expert.layers.14.self_attn.o_proj,denoise,7,activation,unknown,linear,1465,50,960,720,70320000,281280000,8,4,0.5304405752275313,34560000,linear_role_derived_v1,1105920000,243839936.16800135
,,expert.layers.14.self_attn.o_proj,denoise,7,output,unknown,linear,1465,37,960,720,52740000,210960000,8,4,0.5243639268107698,25574400,linear_role_derived_v1,818380800,185142021.6891407
,,expert.layers.14.self_attn.o_proj,denoise,8,activation,unknown,linear,1465,50,960,720,70320000,281280000,8,4,0.5300009883390217,34560000,linear_role_derived_v1,1105920000,244296700.5586229
,,expert.layers.14.self_attn.o_proj,denoise,8,output,unknown,linear,1465,37,960,720,52740000,210960000,8,4,0.5247941837315131,25574400,linear_role_derived_v1,818380800,184807216.9452204
,,expert.layers.14.self_attn.o_proj,denoise,9,activation,unknown,linear,1465,50,960,720,70320000,281280000,8,4,0.5287417662116041,34560000,linear_role_derived_v1,1105920000,245607494.39634135
,,expert.layers.14.self_attn.o_proj,denoise,9,output,unknown,linear,1465,37,960,720,52740000,210960000,8,4,0.5254902588168373,25574400,linear_role_derived_v1,818380800,184266207.21826556
,,expert.layers.14.mlp.gate_proj,denoise,0,activation,unknown,linear,1465,50,720,2048,52740000,210960000,8,4,0.5345106133864239,73728000,linear_role_derived_v1,2359296000,511213127.97791344
,,expert.layers.14.mlp.gate_proj,denoise,0,output,unknown,linear,1465,142,720,2048,150016000,600064000,8,4,0.5092162036049488,209387520,linear_role_derived_v1,6700400640,1613917024.8363037
,,expert.layers.14.mlp.gate_proj,denoise,1,activation,unknown,linear,1465,50,720,2048,52740000,210960000,8,4,0.5343740851346227,73728000,linear_role_derived_v1,2359296000,511513050.04757196
,,expert.layers.14.mlp.gate_proj,denoise,1,output,unknown,linear,1465,142,720,2048,150016000,600064000,8,4,0.5090642964750427,209387520,linear_role_derived_v1,6700400640,1614916256.8675818
,,expert.layers.14.mlp.gate_proj,denoise,2,activation,unknown,linear,1465,50,720,2048,52740000,210960000,8,4,0.5341596463784604,73728000,linear_role_derived_v1,2359296000,511984301.65340525
,,expert.layers.14.mlp.gate_proj,denoise,2,output,unknown,linear,1465,142,720,2048,150016000,600064000,8,4,0.5089668618680674,209387520,linear_role_derived_v1,6700400640,1615557336.112512
,,expert.layers.14.mlp.gate_proj,denoise,3,activation,unknown,linear,1465,50,720,2048,52740000,210960000,8,4,0.5338773274554418,73728000,linear_role_derived_v1,2359296000,512605057.9063066
,,expert.layers.14.mlp.gate_proj,denoise,3,output,unknown,linear,1465,142,720,2048,150016000,600064000,8,4,0.5091220453151664,209387520,linear_role_derived_v1,6700400640,1614536353.531994
,,expert.layers.14.mlp.gate_proj,denoise,4,activation,unknown,linear,1465,50,720,2048,52740000,210960000,8,4,0.5334528394008343,73728000,linear_role_derived_v1,2359296000,513539120.18686265
,,expert.layers.14.mlp.gate_proj,denoise,4,output,unknown,linear,1465,142,720,2048,150016000,600064000,8,4,0.5097397594256613,209387520,linear_role_derived_v1,6700400640,1610475489.2383182
,,expert.layers.14.mlp.gate_proj,denoise,5,activation,unknown,linear,1465,50,720,2048,52740000,210960000,8,4,0.5331724355328025,73728000,linear_role_derived_v1,2359296000,514156599.5790838
,,expert.layers.14.mlp.gate_proj,denoise,5,output,unknown,linear,1465,142,720,2048,150016000,600064000,8,4,0.510809516984855,209387520,linear_role_derived_v1,6700400640,1603454978.1945183
,,expert.layers.14.mlp.gate_proj,denoise,6,activation,unknown,linear,1465,50,720,2048,52740000,210960000,8,4,0.5332834281380356,73728000,linear_role_derived_v1,2359296000,513912137.59502935
,,expert.layers.14.mlp.gate_proj,denoise,6,output,unknown,linear,1465,142,720,2048,150016000,600064000,8,4,0.5124501553167662,209387520,linear_role_derived_v1,6700400640,1592717736.1108491
,,expert.layers.14.mlp.gate_proj,denoise,7,activation,unknown,linear,1465,50,720,2048,52740000,210960000,8,4,0.5335749952597649,73728000,linear_role_derived_v1,2359296000,513270235.90207773
,,expert.layers.14.mlp.gate_proj,denoise,7,output,unknown,linear,1465,142,720,2048,150016000,600064000,8,4,0.5148973059540316,209387520,linear_role_derived_v1,6700400640,1576769259.7206655
,,expert.layers.14.mlp.gate_proj,denoise,8,activation,unknown,linear,1465,50,720,2048,52740000,210960000,8,4,0.532661883769435,73728000,linear_role_derived_v1,2359296000,515281842.06128514
,,expert.layers.14.mlp.gate_proj,denoise,8,output,unknown,linear,1465,142,720,2048,150016000,600064000,8,4,0.518057600522611,209387520,linear_role_derived_v1,6700400640,1556291848.0163462
,,expert.layers.14.mlp.gate_proj,denoise,9,activation,unknown,linear,1465,50,720,2048,52740000,210960000,8,4,0.532446269434964,73728000,linear_role_derived_v1,2359296000,515757419.7084267
,,expert.layers.14.mlp.gate_proj,denoise,9,output,unknown,linear,1465,142,720,2048,150016000,600064000,8,4,0.5193877036449446,209387520,linear_role_derived_v1,6700400640,1547713345.1356514
,,expert.layers.14.mlp.up_proj,denoise,0,activation,unknown,linear,1465,50,720,2048,52740000,210960000,8,4,0.5345106133864239,73728000,linear_role_derived_v1,2359296000,511213127.97791344
,,expert.layers.14.mlp.up_proj,denoise,0,output,unknown,linear,1465,142,720,2048,150016000,600064000,8,4,0.5267954684833618,209387520,linear_role_derived_v1,6700400640,1500370654.2626805
,,expert.layers.14.mlp.up_proj,denoise,1,activation,unknown,linear,1465,50,720,2048,52740000,210960000,8,4,0.5343740851346227,73728000,linear_role_derived_v1,2359296000,511513050.04757196
,,expert.layers.14.mlp.up_proj,denoise,1,output,unknown,linear,1465,142,720,2048,150016000,600064000,8,4,0.5267741674221417,209387520,linear_role_derived_v1,6700400640,1500505734.1461167
,,expert.layers.14.mlp.up_proj,denoise,2,activation,unknown,linear,1465,50,720,2048,52740000,210960000,8,4,0.5341596463784604,73728000,linear_role_derived_v1,2359296000,511984301.65340525
,,expert.layers.14.mlp.up_proj,denoise,2,output,unknown,linear,1465,142,720,2048,150016000,600064000,8,4,0.5268303880919368,209387520,linear_role_derived_v1,6700400640,1500149226.024543
,,expert.layers.14.mlp.up_proj,denoise,3,activation,unknown,linear,1465,50,720,2048,52740000,210960000,8,4,0.5338773274554418,73728000,linear_role_derived_v1,2359296000,512605057.9063066
,,expert.layers.14.mlp.up_proj,denoise,3,output,unknown,linear,1465,142,720,2048,150016000,600064000,8,4,0.5269116410916169,209387520,linear_role_derived_v1,6700400640,1499634057.0201962
,,expert.layers.14.mlp.up_proj,denoise,4,activation,unknown,linear,1465,50,720,2048,52740000,210960000,8,4,0.5334528394008343,73728000,linear_role_derived_v1,2359296000,513539120.18686265
,,expert.layers.14.mlp.up_proj,denoise,4,output,unknown,linear,1465,142,720,2048,150016000,600064000,8,4,0.5270326231868601,209387520,linear_role_derived_v1,6700400640,1498867157.2702892
,,expert.layers.14.mlp.up_proj,denoise,5,activation,unknown,linear,1465,50,720,2048,52740000,210960000,8,4,0.5331724355328025,73728000,linear_role_derived_v1,2359296000,514156599.5790838
,,expert.layers.14.mlp.up_proj,denoise,5,output,unknown,linear,1465,142,720,2048,150016000,600064000,8,4,0.5272222462937287,209387520,linear_role_derived_v1,6700400640,1497665540.0507643
,,expert.layers.14.mlp.up_proj,denoise,6,activation,unknown,linear,1465,50,720,2048,52740000,210960000,8,4,0.5332834281380356,73728000,linear_role_derived_v1,2359296000,513912137.59502935
,,expert.layers.14.mlp.up_proj,denoise,6,output,unknown,linear,1465,142,720,2048,150016000,600064000,8,4,0.5273966343590017,209387520,linear_role_derived_v1,6700400640,1496560890.6648424
,,expert.layers.14.mlp.up_proj,denoise,7,activation,unknown,linear,1465,50,720,2048,52740000,210960000,8,4,0.5335749952597649,73728000,linear_role_derived_v1,2359296000,513270235.90207773
,,expert.layers.14.mlp.up_proj,denoise,7,output,unknown,linear,1465,142,720,2048,150016000,600064000,8,4,0.5275878656276664,209387520,linear_role_derived_v1,6700400640,1495350017.6256442
,,expert.layers.14.mlp.up_proj,denoise,8,activation,unknown,linear,1465,50,720,2048,52740000,210960000,8,4,0.532661883769435,73728000,linear_role_derived_v1,2359296000,515281842.06128514
,,expert.layers.14.mlp.up_proj,denoise,8,output,unknown,linear,1465,142,720,2048,150016000,600064000,8,4,0.5277954784822952,209387520,linear_role_derived_v1,6700400640,1494035971.4992294
,,expert.layers.14.mlp.up_proj,denoise,9,activation,unknown,linear,1465,50,720,2048,52740000,210960000,8,4,0.532446269434964,73728000,linear_role_derived_v1,2359296000,515757419.7084267
,,expert.layers.14.mlp.up_proj,denoise,9,output,unknown,linear,1465,142,720,2048,150016000,600064000,8,4,0.5277141521571033,209387520,linear_role_derived_v1,6700400640,1494550642.2103207
,,expert.layers.14.mlp.down_proj,denoise,0,activation,unknown,linear,1465,50,2048,720,150016000,600064000,8,4,0.5367515881639292,73728000,linear_role_derived_v1,2359296000,506302777.16188246
,,expert.layers.14.mlp.down_proj,denoise,0,output,unknown,linear,1465,17,2048,720,52740000,210960000,8,4,0.5211148321956769,25067520,linear_role_derived_v1,802160640,183960304.89473912
,,expert.layers.14.mlp.down_proj,denoise,1,activation,unknown,linear,1465,50,2048,720,150016000,600064000,8,4,0.5368864871080418,73728000,linear_role_derived_v1,2359296000,506007947.1580072
,,expert.layers.14.mlp.down_proj,denoise,1,output,unknown,linear,1465,17,2048,720,52740000,210960000,8,4,0.5210745259764884,25067520,linear_role_derived_v1,802160640,183991272.8883507
,,expert.layers.14.mlp.down_proj,denoise,2,activation,unknown,linear,1465,50,2048,720,150016000,600064000,8,4,0.5369266228268985,73728000,linear_role_derived_v1,2359296000,505920244.63108045
,,expert.layers.14.mlp.down_proj,denoise,2,output,unknown,linear,1465,17,2048,720,52740000,210960000,8,4,0.5213061765263557,25067520,linear_role_derived_v1,802160640,183813327.157555
,,expert.layers.14.mlp.down_proj,denoise,3,activation,unknown,linear,1465,50,2048,720,150016000,600064000,8,4,0.5369671385052261,73728000,linear_role_derived_v1,2359296000,505831719.5454306
,,expert.layers.14.mlp.down_proj,denoise,3,output,unknown,linear,1465,17,2048,720,52740000,210960000,8,4,0.5218072857413728,25067520,linear_role_derived_v1,802160640,183428687.39117578
,,expert.layers.14.mlp.down_proj,denoise,4,activation,unknown,linear,1465,50,2048,720,150016000,600064000,8,4,0.5370020531143345,73728000,linear_role_derived_v1,2359296000,505755438.7784366
,,expert.layers.14.mlp.down_proj,denoise,4,output,unknown,linear,1465,17,2048,720,52740000,210960000,8,4,0.5222918230944255,25067520,linear_role_derived_v1,802160640,183057150.89815372
,,expert.layers.14.mlp.down_proj,denoise,5,activation,unknown,linear,1465,50,2048,720,150016000,600064000,8,4,0.5370390325031996,73728000,linear_role_derived_v1,2359296000,505674653.1927257
,,expert.layers.14.mlp.down_proj,denoise,5,output,unknown,linear,1465,17,2048,720,52740000,210960000,8,4,0.5226448094425483,25067520,linear_role_derived_v1,802160640,182786723.02959532
,,expert.layers.14.mlp.down_proj,denoise,6,activation,unknown,linear,1465,50,2048,720,150016000,600064000,8,4,0.5369454724829351,73728000,linear_role_derived_v1,2359296000,505879057.9467635
,,expert.layers.14.mlp.down_proj,denoise,6,output,unknown,linear,1465,17,2048,720,52740000,210960000,8,4,0.5228084376185059,25067520,linear_role_derived_v1,802160640,182661432.96238637
,,expert.layers.14.mlp.down_proj,denoise,7,activation,unknown,linear,1465,50,2048,720,150016000,600064000,8,4,0.5368932263891851,73728000,linear_role_derived_v1,2359296000,505993220.2933857
,,expert.layers.14.mlp.down_proj,denoise,7,output,unknown,linear,1465,17,2048,720,52740000,210960000,8,4,0.5230710798255593,25067520,linear_role_derived_v1,802160640,182460417.67515242
,,expert.layers.14.mlp.down_proj,denoise,8,activation,unknown,linear,1465,50,2048,720,150016000,600064000,8,4,0.5368630079458191,73728000,linear_role_derived_v1,2359296000,506059256.1503469
,,expert.layers.14.mlp.down_proj,denoise,8,output,unknown,linear,1465,17,2048,720,52740000,210960000,8,4,0.5242480375426621,25067520,linear_role_derived_v1,802160640,181560982.93149075
,,expert.layers.14.mlp.down_proj,denoise,9,activation,unknown,linear,1465,50,2048,720,150016000,600064000,8,4,0.5369059533649744,73728000,linear_role_derived_v1,2359296000,505965409.53637147
,,expert.layers.14.mlp.down_proj,denoise,9,output,unknown,linear,1465,17,2048,720,52740000,210960000,8,4,0.5257423445202882,25067520,linear_role_derived_v1,802160640,180422230.87326482
,,expert.layers.15.self_attn.q_proj,denoise,0,activation,cross,linear,1465,50,720,960,52740000,210960000,8,4,0.5342473786499811,34560000,linear_role_derived_v1,1105920000,239902253.70927846
,,expert.layers.15.self_attn.q_proj,denoise,0,output,cross,linear,1465,66,720,960,70320000,281280000,8,4,0.5302498720136519,45619200,linear_role_derived_v1,1459814400,322130211.34714085
,,expert.layers.15.self_attn.q_proj,denoise,1,activation,cross,linear,1465,50,720,960,52740000,210960000,8,4,0.534287457337884,34560000,linear_role_derived_v1,1105920000,239860967.61266002
,,expert.layers.15.self_attn.q_proj,denoise,1,output,cross,linear,1465,66,720,960,70320000,281280000,8,4,0.5302316801763367,45619200,linear_role_derived_v1,1459814400,322155161.86241156
,,expert.layers.15.self_attn.q_proj,denoise,2,activation,cross,linear,1465,50,720,960,52740000,210960000,8,4,0.533961679939325,34560000,linear_role_derived_v1,1105920000,240196662.29880244
,,expert.layers.15.self_attn.q_proj,denoise,2,output,cross,linear,1465,66,720,960,70320000,281280000,8,4,0.5300882608077361,45619200,linear_role_derived_v1,1459814400,322351898.5977072
,,expert.layers.15.self_attn.q_proj,denoise,3,activation,cross,linear,1465,50,720,960,52740000,210960000,8,4,0.5335605091012514,34560000,linear_role_derived_v1,1105920000,240610368.06499785
,,expert.layers.15.self_attn.q_proj,denoise,3,output,cross,linear,1465,66,720,960,70320000,281280000,8,4,0.530018326934016,45619200,linear_role_derived_v1,1459814400,322447852.7634641
,,expert.layers.15.self_attn.q_proj,denoise,4,activation,cross,linear,1465,50,720,960,52740000,210960000,8,4,0.5331310011376564,34560000,linear_role_derived_v1,1105920000,241053690.94822413
,,expert.layers.15.self_attn.q_proj,denoise,4,output,cross,linear,1465,66,720,960,70320000,281280000,8,4,0.5299176870022753,45619200,linear_role_derived_v1,1459814400,322585962.8482923
,,expert.layers.15.self_attn.q_proj,denoise,5,activation,cross,linear,1465,50,720,960,52740000,210960000,8,4,0.532722663064088,34560000,linear_role_derived_v1,1105920000,241475541.384224
,,expert.layers.15.self_attn.q_proj,denoise,5,output,cross,linear,1465,66,720,960,70320000,281280000,8,4,0.5298501884243458,45619200,linear_role_derived_v1,1459814400,322678608.9930575
,,expert.layers.15.self_attn.q_proj,denoise,6,activation,cross,linear,1465,50,720,960,52740000,210960000,8,4,0.5325287068638604,34560000,linear_role_derived_v1,1105920000,241676045.0036577
,,expert.layers.15.self_attn.q_proj,denoise,6,output,cross,linear,1465,66,720,960,70320000,281280000,8,4,0.5296980873151308,45619200,linear_role_derived_v1,1459814400,322887426.3197554
,,expert.layers.15.self_attn.q_proj,denoise,7,activation,cross,linear,1465,50,720,960,52740000,210960000,8,4,0.5332336793704968,34560000,linear_role_derived_v1,1105920000,240947673.00600266
,,expert.layers.15.self_attn.q_proj,denoise,7,output,cross,linear,1465,66,720,960,70320000,281280000,8,4,0.5296404543515358,45619200,linear_role_derived_v1,1459814400,322966567.39487416
,,expert.layers.15.self_attn.q_proj,denoise,8,activation,cross,linear,1465,50,720,960,52740000,210960000,8,4,0.5322959518392112,34560000,linear_role_derived_v1,1105920000,241916767.02645108
,,expert.layers.15.self_attn.q_proj,denoise,8,output,cross,linear,1465,66,720,960,70320000,281280000,8,4,0.5293506292662116,45619200,linear_role_derived_v1,1459814400,323364699.64120215
,,expert.layers.15.self_attn.q_proj,denoise,9,activation,cross,linear,1465,50,720,960,52740000,210960000,8,4,0.532108319112628,34560000,linear_role_derived_v1,1105920000,242110909.48822954
,,expert.layers.15.self_attn.q_proj,denoise,9,output,cross,linear,1465,66,720,960,70320000,281280000,8,4,0.5289806633959044,45619200,linear_role_derived_v1,1459814400,323873277.4938565
,,expert.layers.15.self_attn.k_proj,denoise,0,activation,cross,linear,1465,177,320,320,82977600,331910400,8,4,0.5379049466362006,18124800,linear_role_derived_v1,579993600,123847099.63534433
,,expert.layers.15.self_attn.k_proj,denoise,0,output,cross,linear,1465,177,320,320,82977600,331910400,8,4,0.5261222968608396,18124800,linear_role_derived_v1,579993600,130243407.78432263
,,expert.layers.15.self_attn.k_proj,denoise,1,activation,cross,linear,1465,177,320,320,82977600,331910400,8,4,0.5379049466362006,18124800,linear_role_derived_v1,579993600,123847099.63534433
,,expert.layers.15.self_attn.k_proj,denoise,1,output,cross,linear,1465,177,320,320,82977600,331910400,8,4,0.5261222968608396,18124800,linear_role_derived_v1,579993600,130243407.78432263
,,expert.layers.15.self_attn.k_proj,denoise,2,activation,cross,linear,1465,177,320,320,82977600,331910400,8,4,0.5379049466362006,18124800,linear_role_derived_v1,579993600,123847099.63534433
,,expert.layers.15.self_attn.k_proj,denoise,2,output,cross,linear,1465,177,320,320,82977600,331910400,8,4,0.5261222968608396,18124800,linear_role_derived_v1,579993600,130243407.78432263
,,expert.layers.15.self_attn.k_proj,denoise,3,activation,cross,linear,1465,177,320,320,82977600,331910400,8,4,0.5379049466362006,18124800,linear_role_derived_v1,579993600,123847099.63534433
,,expert.layers.15.self_attn.k_proj,denoise,3,output,cross,linear,1465,177,320,320,82977600,331910400,8,4,0.5261222968608396,18124800,linear_role_derived_v1,579993600,130243407.78432263
,,expert.layers.15.self_attn.k_proj,denoise,4,activation,cross,linear,1465,177,320,320,82977600,331910400,8,4,0.5379049466362006,18124800,linear_role_derived_v1,579993600,123847099.63534433
,,expert.layers.15.self_attn.k_proj,denoise,4,output,cross,linear,1465,177,320,320,82977600,331910400,8,4,0.5261222968608396,18124800,linear_role_derived_v1,579993600,130243407.78432263
,,expert.layers.15.self_attn.k_proj,denoise,5,activation,cross,linear,1465,177,320,320,82977600,331910400,8,4,0.5379049466362006,18124800,linear_role_derived_v1,579993600,123847099.63534433
,,expert.layers.15.self_attn.k_proj,denoise,5,output,cross,linear,1465,177,320,320,82977600,331910400,8,4,0.5261222968608396,18124800,linear_role_derived_v1,579993600,130243407.78432263
,,expert.layers.15.self_attn.k_proj,denoise,6,activation,cross,linear,1465,177,320,320,82977600,331910400,8,4,0.5379049466362006,18124800,linear_role_derived_v1,579993600,123847099.63534433
,,expert.layers.15.self_attn.k_proj,denoise,6,output,cross,linear,1465,177,320,320,82977600,331910400,8,4,0.5261222968608396,18124800,linear_role_derived_v1,579993600,130243407.78432263
,,expert.layers.15.self_attn.k_proj,denoise,7,activation,cross,linear,1465,177,320,320,82977600,331910400,8,4,0.5379049466362006,18124800,linear_role_derived_v1,579993600,123847099.63534433
,,expert.layers.15.self_attn.k_proj,denoise,7,output,cross,linear,1465,177,320,320,82977600,331910400,8,4,0.5261222968608396,18124800,linear_role_derived_v1,579993600,130243407.78432263
,,expert.layers.15.self_attn.k_proj,denoise,8,activation,cross,linear,1465,177,320,320,82977600,331910400,8,4,0.5379049466362006,18124800,linear_role_derived_v1,579993600,123847099.63534433
,,expert.layers.15.self_attn.k_proj,denoise,8,output,cross,linear,1465,177,320,320,82977600,331910400,8,4,0.5261222968608396,18124800,linear_role_derived_v1,579993600,130243407.78432263
,,expert.layers.15.self_attn.k_proj,denoise,9,activation,cross,linear,1465,177,320,320,82977600,331910400,8,4,0.5379049466362006,18124800,linear_role_derived_v1,579993600,123847099.63534433
,,expert.layers.15.self_attn.k_proj,denoise,9,output,cross,linear,1465,177,320,320,82977600,331910400,8,4,0.5261222968608396,18124800,linear_role_derived_v1,579993600,130243407.78432263
,,expert.layers.15.self_attn.v_proj,denoise,0,activation,cross,linear,1465,177,320,320,82977600,331910400,8,4,0.5249628002015002,18124800,linear_role_derived_v1,579993600,130881553.66540827
,,expert.layers.15.self_attn.v_proj,denoise,0,output,cross,linear,1465,177,320,320,82977600,331910400,8,4,0.5280671108829371,18124800,linear_role_derived_v1,579993600,129176552.6494475
,,expert.layers.15.self_attn.v_proj,denoise,1,activation,cross,linear,1465,177,320,320,82977600,331910400,8,4,0.5249628002015002,18124800,linear_role_derived_v1,579993600,130881553.66540827
,,expert.layers.15.self_attn.v_proj,denoise,1,output,cross,linear,1465,177,320,320,82977600,331910400,8,4,0.5280671108829371,18124800,linear_role_derived_v1,579993600,129176552.6494475
,,expert.layers.15.self_attn.v_proj,denoise,2,activation,cross,linear,1465,177,320,320,82977600,331910400,8,4,0.5249628002015002,18124800,linear_role_derived_v1,579993600,130881553.66540827
,,expert.layers.15.self_attn.v_proj,denoise,2,output,cross,linear,1465,177,320,320,82977600,331910400,8,4,0.5280671108829371,18124800,linear_role_derived_v1,579993600,129176552.6494475
,,expert.layers.15.self_attn.v_proj,denoise,3,activation,cross,linear,1465,177,320,320,82977600,331910400,8,4,0.5249628002015002,18124800,linear_role_derived_v1,579993600,130881553.66540827
,,expert.layers.15.self_attn.v_proj,denoise,3,output,cross,linear,1465,177,320,320,82977600,331910400,8,4,0.5280671108829371,18124800,linear_role_derived_v1,579993600,129176552.6494475
,,expert.layers.15.self_attn.v_proj,denoise,4,activation,cross,linear,1465,177,320,320,82977600,331910400,8,4,0.5249628002015002,18124800,linear_role_derived_v1,579993600,130881553.66540827
,,expert.layers.15.self_attn.v_proj,denoise,4,output,cross,linear,1465,177,320,320,82977600,331910400,8,4,0.5280671108829371,18124800,linear_role_derived_v1,579993600,129176552.6494475
,,expert.layers.15.self_attn.v_proj,denoise,5,activation,cross,linear,1465,177,320,320,82977600,331910400,8,4,0.5249628002015002,18124800,linear_role_derived_v1,579993600,130881553.66540827
,,expert.layers.15.self_attn.v_proj,denoise,5,output,cross,linear,1465,177,320,320,82977600,331910400,8,4,0.5280671108829371,18124800,linear_role_derived_v1,579993600,129176552.6494475
,,expert.layers.15.self_attn.v_proj,denoise,6,activation,cross,linear,1465,177,320,320,82977600,331910400,8,4,0.5249628002015002,18124800,linear_role_derived_v1,579993600,130881553.66540827
,,expert.layers.15.self_attn.v_proj,denoise,6,output,cross,linear,1465,177,320,320,82977600,331910400,8,4,0.5280671108829371,18124800,linear_role_derived_v1,579993600,129176552.6494475
,,expert.layers.15.self_attn.v_proj,denoise,7,activation,cross,linear,1465,177,320,320,82977600,331910400,8,4,0.5249628002015002,18124800,linear_role_derived_v1,579993600,130881553.66540827
,,expert.layers.15.self_attn.v_proj,denoise,7,output,cross,linear,1465,177,320,320,82977600,331910400,8,4,0.5280671108829371,18124800,linear_role_derived_v1,579993600,129176552.6494475
,,expert.layers.15.self_attn.v_proj,denoise,8,activation,cross,linear,1465,177,320,320,82977600,331910400,8,4,0.5249628002015002,18124800,linear_role_derived_v1,579993600,130881553.66540827
,,expert.layers.15.self_attn.v_proj,denoise,8,output,cross,linear,1465,177,320,320,82977600,331910400,8,4,0.5280671108829371,18124800,linear_role_derived_v1,579993600,129176552.6494475
,,expert.layers.15.self_attn.v_proj,denoise,9,activation,cross,linear,1465,177,320,320,82977600,331910400,8,4,0.5249628002015002,18124800,linear_role_derived_v1,579993600,130881553.66540827
,,expert.layers.15.self_attn.v_proj,denoise,9,output,cross,linear,1465,177,320,320,82977600,331910400,8,4,0.5280671108829371,18124800,linear_role_derived_v1,579993600,129176552.6494475
,,expert.layers.15.self_attn.o_proj,denoise,0,activation,unknown,linear,1465,50,960,720,70320000,281280000,8,4,0.5245172817121729,34560000,linear_role_derived_v1,1105920000,250030613.1165303
,,expert.layers.15.self_attn.o_proj,denoise,0,output,unknown,linear,1465,37,960,720,52740000,210960000,8,4,0.5242930128934395,25574400,linear_role_derived_v1,818380800,185197232.49206826
,,expert.layers.15.self_attn.o_proj,denoise,1,activation,unknown,linear,1465,50,960,720,70320000,281280000,8,4,0.5245365258816838,34560000,linear_role_derived_v1,1105920000,250010374.59283096
,,expert.layers.15.self_attn.o_proj,denoise,1,output,unknown,linear,1465,37,960,720,52740000,210960000,8,4,0.524454792377702,25574400,linear_role_derived_v1,818380800,185071289.342396
,,expert.layers.15.self_attn.o_proj,denoise,2,activation,unknown,linear,1465,50,960,720,70320000,281280000,8,4,0.5245160907281001,34560000,linear_role_derived_v1,1105920000,250031865.66615796
,,expert.layers.15.self_attn.o_proj,denoise,2,output,unknown,linear,1465,37,960,720,52740000,210960000,8,4,0.5244579493742889,25574400,linear_role_derived_v1,818380800,185068832.0892052
,,expert.layers.15.self_attn.o_proj,denoise,3,activation,unknown,linear,1465,50,960,720,70320000,281280000,8,4,0.5244510843287827,34560000,linear_role_derived_v1,1105920000,250100237.2011583
,,expert.layers.15.self_attn.o_proj,denoise,3,output,unknown,linear,1465,37,960,720,52740000,210960000,8,4,0.5244517064846417,25574400,linear_role_derived_v1,818380800,185073691.26781258
,,expert.layers.15.self_attn.o_proj,denoise,4,activation,unknown,linear,1465,50,960,720,70320000,281280000,8,4,0.5244505048350399,34560000,linear_role_derived_v1,1105920000,250100846.73513505
,,expert.layers.15.self_attn.o_proj,denoise,4,output,unknown,linear,1465,37,960,720,52740000,210960000,8,4,0.5245841770951839,25574400,linear_role_derived_v1,818380800,184970595.91257718
,,expert.layers.15.self_attn.o_proj,denoise,5,activation,unknown,linear,1465,50,960,720,70320000,281280000,8,4,0.5244137549772468,34560000,linear_role_derived_v1,1105920000,250139503.1769391
,,expert.layers.15.self_attn.o_proj,denoise,5,output,unknown,linear,1465,37,960,720,52740000,210960000,8,4,0.5245943164580963,25574400,linear_role_derived_v1,818380800,184962706.12889662
,,expert.layers.15.self_attn.o_proj,denoise,6,activation,unknown,linear,1465,50,960,720,70320000,281280000,8,4,0.5244162933731513,34560000,linear_role_derived_v1,1105920000,250136832.9929186
,,expert.layers.15.self_attn.o_proj,denoise,6,output,unknown,linear,1465,37,960,720,52740000,210960000,8,4,0.524652133105802,25574400,linear_role_derived_v1,818380800,184917720.24119562
,,expert.layers.15.self_attn.o_proj,denoise,7,activation,unknown,linear,1465,50,960,720,70320000,281280000,8,4,0.5244181491751991,34560000,linear_role_derived_v1,1105920000,250134880.8505944
,,expert.layers.15.self_attn.o_proj,denoise,7,output,unknown,linear,1465,37,960,720,52740000,210960000,8,4,0.5247426289343952,25574400,linear_role_derived_v1,818380800,184847318.37107226
,,expert.layers.15.self_attn.o_proj,denoise,8,activation,unknown,linear,1465,50,960,720,70320000,281280000,8,4,0.5243383567974972,34560000,linear_role_derived_v1,1105920000,250218822.3684951
,,expert.layers.15.self_attn.o_proj,denoise,8,output,unknown,linear,1465,37,960,720,52740000,210960000,8,4,0.5247146520667425,25574400,linear_role_derived_v1,818380800,184869081.74178517
,,expert.layers.15.self_attn.o_proj,denoise,9,activation,unknown,linear,1465,50,960,720,70320000,281280000,8,4,0.5243675945676906,34560000,linear_role_derived_v1,1105920000,250188062.62283343
,,expert.layers.15.self_attn.o_proj,denoise,9,output,unknown,linear,1465,37,960,720,52740000,210960000,8,4,0.5247089163822526,25574400,linear_role_derived_v1,818380800,184873543.72289824
,,expert.layers.15.mlp.gate_proj,denoise,0,activation,unknown,linear,1465,50,720,2048,52740000,210960000,8,4,0.5340924819871066,73728000,linear_role_derived_v1,2359296000,512131947.0546056
,,expert.layers.15.mlp.gate_proj,denoise,0,output,unknown,linear,1465,142,720,2048,150016000,600064000,8,4,0.5204435693526024,209387520,linear_role_derived_v1,6700400640,1540920417.1059914
,,expert.layers.15.mlp.gate_proj,denoise,1,activation,unknown,linear,1465,50,720,2048,52740000,210960000,8,4,0.5340528631020098,73728000,linear_role_derived_v1,2359296000,512219050.0038992
,,expert.layers.15.mlp.gate_proj,denoise,1,output,unknown,linear,1465,142,720,2048,150016000,600064000,8,4,0.5208517724776024,209387520,linear_role_derived_v1,6700400640,1538298240.526341
,,expert.layers.15.mlp.gate_proj,denoise,2,activation,unknown,linear,1465,50,720,2048,52740000,210960000,8,4,0.5338971037163444,73728000,linear_role_derived_v1,2359296000,512561562.0760824
,,expert.layers.15.mlp.gate_proj,denoise,2,output,unknown,linear,1465,142,720,2048,150016000,600064000,8,4,0.5213685890171715,209387520,linear_role_derived_v1,6700400640,1534981566.6094382
,,expert.layers.15.mlp.gate_proj,denoise,3,activation,unknown,linear,1465,50,720,2048,52740000,210960000,8,4,0.5335224402730375,73728000,linear_role_derived_v1,2359296000,513385909.0751545
,,expert.layers.15.mlp.gate_proj,denoise,3,output,unknown,linear,1465,142,720,2048,150016000,600064000,8,4,0.5220759685633533,209387520,linear_role_derived_v1,6700400640,1530447755.5604143
,,expert.layers.15.mlp.gate_proj,denoise,4,activation,unknown,linear,1465,50,720,2048,52740000,210960000,8,4,0.5330335703450891,73728000,linear_role_derived_v1,2359296000,514462532.9791024
,,expert.layers.15.mlp.gate_proj,denoise,4,output,unknown,linear,1465,142,720,2048,150016000,600064000,8,4,0.5230313399904011,209387520,linear_role_derived_v1,6700400640,1524335132.8705392
,,expert.layers.15.mlp.gate_proj,denoise,5,activation,unknown,linear,1465,50,720,2048,52740000,210960000,8,4,0.5325470563139931,73728000,linear_role_derived_v1,2359296000,515535088.13607216
,,expert.layers.15.mlp.gate_proj,denoise,5,output,unknown,linear,1465,142,720,2048,150016000,600064000,8,4,0.5243565053061007,209387520,linear_role_derived_v1,6700400640,1515876757.5841181
,,expert.layers.15.mlp.gate_proj,denoise,6,activation,unknown,linear,1465,50,720,2048,52740000,210960000,8,4,0.5322484641638225,73728000,linear_role_derived_v1,2359296000,516193909.0784715
,,expert.layers.15.mlp.gate_proj,denoise,6,output,unknown,linear,1465,142,720,2048,150016000,600064000,8,4,0.5259447592256826,209387520,linear_role_derived_v1,6700400640,1505770122.9221733
,,expert.layers.15.mlp.gate_proj,denoise,7,activation,unknown,linear,1465,50,720,2048,52740000,210960000,8,4,0.5330830252180508,73728000,linear_role_derived_v1,2359296000,514353568.6925015
,,expert.layers.15.mlp.gate_proj,denoise,7,output,unknown,linear,1465,142,720,2048,150016000,600064000,8,4,0.5280911219469924,209387520,linear_role_derived_v1,6700400640,1492165749.2635517
,,expert.layers.15.mlp.gate_proj,denoise,8,activation,unknown,linear,1465,50,720,2048,52740000,210960000,8,4,0.5321061575654152,73728000,linear_role_derived_v1,2359296000,516508045.8281092
,,expert.layers.15.mlp.gate_proj,denoise,8,output,unknown,linear,1465,142,720,2048,150016000,600064000,8,4,0.5304120427154437,209387520,linear_role_derived_v1,6700400640,1477524438.7668455
,,expert.layers.15.mlp.gate_proj,denoise,9,activation,unknown,linear,1465,50,720,2048,52740000,210960000,8,4,0.5318410741372772,73728000,linear_role_derived_v1,2359296000,517093462.8442296
,,expert.layers.15.mlp.gate_proj,denoise,9,output,unknown,linear,1465,142,720,2048,150016000,600064000,8,4,0.5312609588310581,209387520,linear_role_derived_v1,6700400640,1472187161.5309708
,,expert.layers.15.mlp.up_proj,denoise,0,activation,unknown,linear,1465,50,720,2048,52740000,210960000,8,4,0.5340924819871066,73728000,linear_role_derived_v1,2359296000,512131947.0546056
,,expert.layers.15.mlp.up_proj,denoise,0,output,unknown,linear,1465,142,720,2048,150016000,600064000,8,4,0.5270480632065913,209387520,linear_role_derived_v1,6700400640,1498769297.8327334
,,expert.layers.15.mlp.up_proj,denoise,1,activation,unknown,linear,1465,50,720,2048,52740000,210960000,8,4,0.5340528631020098,73728000,linear_role_derived_v1,2359296000,512219050.0038992
,,expert.layers.15.mlp.up_proj,denoise,1,output,unknown,linear,1465,142,720,2048,150016000,600064000,8,4,0.5271957391211604,209387520,linear_role_derived_v1,6700400640,1497833483.6204636
,,expert.layers.15.mlp.up_proj,denoise,2,activation,unknown,linear,1465,50,720,2048,52740000,210960000,8,4,0.5338971037163444,73728000,linear_role_derived_v1,2359296000,512561562.0760824
,,expert.layers.15.mlp.up_proj,denoise,2,output,unknown,linear,1465,142,720,2048,150016000,600064000,8,4,0.527371798674808,209387520,linear_role_derived_v1,6700400640,1496718185.7370596
,,expert.layers.15.mlp.up_proj,denoise,3,activation,unknown,linear,1465,50,720,2048,52740000,210960000,8,4,0.5335224402730375,73728000,linear_role_derived_v1,2359296000,513385909.0751545
,,expert.layers.15.mlp.up_proj,denoise,3,output,unknown,linear,1465,142,720,2048,150016000,600064000,8,4,0.5276396484375,209387520,linear_role_derived_v1,6700400640,1495022214.09951
,,expert.layers.15.mlp.up_proj,denoise,4,activation,unknown,linear,1465,50,720,2048,52740000,210960000,8,4,0.5330335703450891,73728000,linear_role_derived_v1,2359296000,514462532.9791024
,,expert.layers.15.mlp.up_proj,denoise,4,output,unknown,linear,1465,142,720,2048,150016000,600064000,8,4,0.5279785322898891,209387520,linear_role_derived_v1,6700400640,1492877846.3618104
,,expert.layers.15.mlp.up_proj,denoise,5,activation,unknown,linear,1465,50,720,2048,52740000,210960000,8,4,0.5325470563139931,73728000,linear_role_derived_v1,2359296000,515535088.13607216
,,expert.layers.15.mlp.up_proj,denoise,5,output,unknown,linear,1465,142,720,2048,150016000,600064000,8,4,0.52839004506186,209387520,linear_role_derived_v1,6700400640,1490275971.0243008
,,expert.layers.15.mlp.up_proj,denoise,6,activation,unknown,linear,1465,50,720,2048,52740000,210960000,8,4,0.5322484641638225,73728000,linear_role_derived_v1,2359296000,516193909.0784715
,,expert.layers.15.mlp.up_proj,denoise,6,output,unknown,linear,1465,142,720,2048,150016000,600064000,8,4,0.5287500599936007,209387520,linear_role_derived_v1,6700400640,1488001562.6367803
,,expert.layers.15.mlp.up_proj,denoise,7,activation,unknown,linear,1465,50,720,2048,52740000,210960000,8,4,0.5330830252180508,73728000,linear_role_derived_v1,2359296000,514353568.6925015
,,expert.layers.15.mlp.up_proj,denoise,7,output,unknown,linear,1465,142,720,2048,150016000,600064000,8,4,0.5290814029836818,209387520,linear_role_derived_v1,6700400640,1485909825.2651515
,,expert.layers.15.mlp.up_proj,denoise,8,activation,unknown,linear,1465,50,720,2048,52740000,210960000,8,4,0.5321061575654152,73728000,linear_role_derived_v1,2359296000,516508045.8281092
,,expert.layers.15.mlp.up_proj,denoise,8,output,unknown,linear,1465,142,720,2048,150016000,600064000,8,4,0.5293750849909343,209387520,linear_role_derived_v1,6700400640,1484057068.0792947
,,expert.layers.15.mlp.up_proj,denoise,9,activation,unknown,linear,1465,50,720,2048,52740000,210960000,8,4,0.5318410741372772,73728000,linear_role_derived_v1,2359296000,517093462.8442296
,,expert.layers.15.mlp.up_proj,denoise,9,output,unknown,linear,1465,142,720,2048,150016000,600064000,8,4,0.5292967950085324,209387520,linear_role_derived_v1,6700400640,1484550864.5701451
,,expert.layers.15.mlp.down_proj,denoise,0,activation,unknown,linear,1465,50,2048,720,150016000,600064000,8,4,0.5368715870307167,73728000,linear_role_derived_v1,2359296000,506040507.98215777
,,expert.layers.15.mlp.down_proj,denoise,0,output,unknown,linear,1465,17,2048,720,52740000,210960000,8,4,0.5273661025786879,25067520,linear_role_derived_v1,802160640,179188890.60846213
,,expert.layers.15.mlp.down_proj,denoise,1,activation,unknown,linear,1465,50,2048,720,150016000,600064000,8,4,0.537013616880866,73728000,linear_role_derived_v1,2359296000,505730175.7515891
,,expert.layers.15.mlp.down_proj,denoise,1,output,unknown,linear,1465,17,2048,720,52740000,210960000,8,4,0.5277792662116041,25067520,linear_role_derived_v1,802160640,178875743.48113704
,,expert.layers.15.mlp.down_proj,denoise,2,activation,unknown,linear,1465,50,2048,720,150016000,600064000,8,4,0.5371551567832764,73728000,linear_role_derived_v1,2359296000,505421008.7402395
,,expert.layers.15.mlp.down_proj,denoise,2,output,unknown,linear,1465,17,2048,720,52740000,210960000,8,4,0.528347791050436,25067520,linear_role_derived_v1,802160640,178445291.8787256
,,expert.layers.15.mlp.down_proj,denoise,3,activation,unknown,linear,1465,50,2048,720,150016000,600064000,8,4,0.537209815952965,73728000,linear_role_derived_v1,2359296000,505301641.4755479
,,expert.layers.15.mlp.down_proj,denoise,3,output,unknown,linear,1465,17,2048,720,52740000,210960000,8,4,0.5288880451270384,25067520,linear_role_derived_v1,802160640,178036725.64901447
,,expert.layers.15.mlp.down_proj,denoise,4,activation,unknown,linear,1465,50,2048,720,150016000,600064000,8,4,0.5373287416008959,73728000,linear_role_derived_v1,2359296000,505041974.7586034
,,expert.layers.15.mlp.down_proj,denoise,4,output,unknown,linear,1465,17,2048,720,52740000,210960000,8,4,0.528875981228669,25067520,linear_role_derived_v1,802160640,178045843.84031448
,,expert.layers.15.mlp.down_proj,denoise,5,activation,unknown,linear,1465,50,2048,720,150016000,600064000,8,4,0.537417805434087,73728000,linear_role_derived_v1,2359296000,504847553.15156466
,,expert.layers.15.mlp.down_proj,denoise,5,output,unknown,linear,1465,17,2048,720,52740000,210960000,8,4,0.5282082243079257,25067520,linear_role_derived_v1,802160640,178550915.10049045
,,expert.layers.15.mlp.down_proj,denoise,6,activation,unknown,linear,1465,50,2048,720,150016000,600064000,8,4,0.537433503759599,73728000,linear_role_derived_v1,2359296000,504813288.42266077
,,expert.layers.15.mlp.down_proj,denoise,6,output,unknown,linear,1465,17,2048,720,52740000,210960000,8,4,0.527754014979143,25067520,linear_role_derived_v1,802160640,178894874.1690642
,,expert.layers.15.mlp.down_proj,denoise,7,activation,unknown,linear,1465,50,2048,720,150016000,600064000,8,4,0.5373068189393131,73728000,linear_role_derived_v1,2359296000,505089836.50235665
,,expert.layers.15.mlp.down_proj,denoise,7,output,unknown,linear,1465,17,2048,720,52740000,210960000,8,4,0.5273774317406144,25067520,linear_role_derived_v1,802160640,179180300.2993977
,,expert.layers.15.mlp.down_proj,denoise,8,activation,unknown,linear,1465,50,2048,720,150016000,600064000,8,4,0.536980920368494,73728000,linear_role_derived_v1,2359296000,505801608.5082799
,,expert.layers.15.mlp.down_proj,denoise,8,output,unknown,linear,1465,17,2048,720,52740000,210960000,8,4,0.5266025881683731,25067520,linear_role_derived_v1,802160640,179768298.08695883
,,expert.layers.15.mlp.down_proj,denoise,9,activation,unknown,linear,1465,50,2048,720,150016000,600064000,8,4,0.5363006929260878,73728000,linear_role_derived_v1,2359296000,507288859.81739396
,,expert.layers.15.mlp.down_proj,denoise,9,output,unknown,linear,1465,17,2048,720,52740000,210960000,8,4,0.5266758722032613,25067520,linear_role_derived_v1,802160640,179712644.52320373
,,vlm.layer.0.qk,prefill,-1,A,self,matmul,1465,2655,64,177,248932800,995731200,8,8,0.5342774937653857,30075840.0,matmul_physical_exact_v2,1924853760.0,417495877.5823925
,,vlm.layer.0.qk,prefill,-1,B,self,matmul,1465,2655,64,177,248932800,995731200,8,8,0.5342292347573321,30075840.0,matmul_physical_exact_v2,1924853760.0,417582405.42045784
,,vlm.layer.0.qk,prefill,-1,O,self,matmul,1465,2655,64,177,688454775,2753819100,8,8,0.5113304708359383,30075840.0,matmul_physical_exact_v2,1924853760.0,459651052.5056714
,,vlm.layer.0.pv,prefill,-1,A,self,matmul,1465,2655,177,64,688454775,2753819100,8,8,0.7420611415615499,30075840.0,matmul_physical_exact_v2,1924853760.0,128065245.57694755
,,vlm.layer.0.pv,prefill,-1,B,self,matmul,1465,2655,177,64,248932800,995731200,8,8,0.530732209656582,30075840.0,matmul_physical_exact_v2,1924853760.0,423876394.8377897
,,vlm.layer.0.pv,prefill,-1,O,self,matmul,1465,2655,177,64,248932800,995731200,8,8,0.5324315407612015,30075840.0,matmul_physical_exact_v2,1924853760.0,420812037.3168489
,,vlm.layer.1.qk,prefill,-1,A,self,matmul,1465,2655,64,177,248932800,995731200,8,8,0.5355946966410212,30075840.0,matmul_physical_exact_v2,1924853760.0,415137610.22672075
,,vlm.layer.1.qk,prefill,-1,B,self,matmul,1465,2655,64,177,248932800,995731200,8,8,0.5427543969697847,30075840.0,matmul_physical_exact_v2,1924853760.0,402435992.45443803
,,vlm.layer.1.qk,prefill,-1,O,self,matmul,1465,2655,64,177,688454775,2753819100,8,8,0.5161204426971983,30075840.0,matmul_physical_exact_v2,1924853760.0,450684154.45328945
,,vlm.layer.1.pv,prefill,-1,A,self,matmul,1465,2655,177,64,688454775,2753819100,8,8,0.7401345643945894,30075840.0,matmul_physical_exact_v2,1924853760.0,129985460.30437483
,,vlm.layer.1.pv,prefill,-1,B,self,matmul,1465,2655,177,64,248932800,995731200,8,8,0.5279597716733191,30075840.0,matmul_physical_exact_v2,1924853760.0,428899720.5445675
,,vlm.layer.1.pv,prefill,-1,O,self,matmul,1465,2655,177,64,248932800,995731200,8,8,0.5218332487723595,30075840.0,matmul_physical_exact_v2,1924853760.0,440105188.99376774
,,vlm.layer.2.qk,prefill,-1,A,self,matmul,1465,2655,64,177,248932800,995731200,8,8,0.5286037988967304,30075840.0,matmul_physical_exact_v2,1924853760.0,427730181.8173945
,,vlm.layer.2.qk,prefill,-1,B,self,matmul,1465,2655,64,177,248932800,995731200,8,8,0.5387981575750564,30075840.0,matmul_physical_exact_v2,1924853760.0,409430137.16103864
,,vlm.layer.2.qk,prefill,-1,O,self,matmul,1465,2655,64,177,688454775,2753819100,8,8,0.5183622050555172,30075840.0,matmul_physical_exact_v2,1924853760.0,446517884.605086
,,vlm.layer.2.pv,prefill,-1,A,self,matmul,1465,2655,177,64,688454775,2753819100,8,8,0.7408128729298159,30075840.0,matmul_physical_exact_v2,1924853760.0,129307762.05900382
,,vlm.layer.2.pv,prefill,-1,B,self,matmul,1465,2655,177,64,248932800,995731200,8,8,0.5359925690788839,30075840.0,matmul_physical_exact_v2,1924853760.0,414426588.80827385
,,vlm.layer.2.pv,prefill,-1,O,self,matmul,1465,2655,177,64,248932800,995731200,8,8,0.530812413028737,30075840.0,matmul_physical_exact_v2,1924853760.0,423731516.319563
,,vlm.layer.3.qk,prefill,-1,A,self,matmul,1465,2655,64,177,248932800,995731200,8,8,0.5353119245434913,30075840.0,matmul_physical_exact_v2,1924853760.0,415643311.04709464
,,vlm.layer.3.qk,prefill,-1,B,self,matmul,1465,2655,64,177,248932800,995731200,8,8,0.5434369064663235,30075840.0,matmul_physical_exact_v2,1924853760.0,401235493.6685142
,,vlm.layer.3.qk,prefill,-1,O,self,matmul,1465,2655,64,177,688454775,2753819100,8,8,0.530804255806055,30075840.0,matmul_physical_exact_v2,1924853760.0,423746250.3086065
,,vlm.layer.3.pv,prefill,-1,A,self,matmul,1465,2655,177,64,688454775,2753819100,8,8,0.7430551948746379,30075840.0,matmul_physical_exact_v2,1924853760.0,127080063.43839984
,,vlm.layer.3.pv,prefill,-1,B,self,matmul,1465,2655,177,64,248932800,995731200,8,8,0.5311117729363105,30075840.0,matmul_physical_exact_v2,1924853760.0,423190974.4807157
,,vlm.layer.3.pv,prefill,-1,O,self,matmul,1465,2655,177,64,248932800,995731200,8,8,0.5309989161733608,30075840.0,matmul_physical_exact_v2,1924853760.0,423394714.76852024
,,vlm.layer.4.qk,prefill,-1,A,self,matmul,1465,2655,64,177,248932800,995731200,8,8,0.5382755185335159,30075840.0,matmul_physical_exact_v2,1924853760.0,410358604.4800654
,,vlm.layer.4.qk,prefill,-1,B,self,matmul,1465,2655,64,177,248932800,995731200,8,8,0.5394942189217331,30075840.0,matmul_physical_exact_v2,1924853760.0,408195218.2629203
,,vlm.layer.4.qk,prefill,-1,O,self,matmul,1465,2655,64,177,688454775,2753819100,8,8,0.4821322268408989,30075840.0,matmul_physical_exact_v2,1924853760.0,516220813.9964379
,,vlm.layer.4.pv,prefill,-1,A,self,matmul,1465,2655,177,64,688454775,2753819100,8,8,0.7422740861954222,30075840.0,matmul_physical_exact_v2,1924853760.0,127853881.14648339
,,vlm.layer.4.pv,prefill,-1,B,self,matmul,1465,2655,177,64,248932800,995731200,8,8,0.5334430406519349,30075840.0,matmul_physical_exact_v2,1924853760.0,418993305.0585584
,,vlm.layer.4.pv,prefill,-1,O,self,matmul,1465,2655,177,64,248932800,995731200,8,8,0.5302339135300772,30075840.0,matmul_physical_exact_v2,1924853760.0,424777066.52580106
,,vlm.layer.5.qk,prefill,-1,A,self,matmul,1465,2655,64,177,248932800,995731200,8,8,0.5353882222431114,30075840.0,matmul_physical_exact_v2,1924853760.0,415506832.2919782
,,vlm.layer.5.qk,prefill,-1,B,self,matmul,1465,2655,64,177,248932800,995731200,8,8,0.5390440612888298,30075840.0,matmul_physical_exact_v2,1924853760.0,408993653.42831427
,,vlm.layer.5.qk,prefill,-1,O,self,matmul,1465,2655,64,177,688454775,2753819100,8,8,0.47955360756993803,30075840.0,matmul_physical_exact_v2,1924853760.0,521374450.0156354
,,vlm.layer.5.pv,prefill,-1,A,self,matmul,1465,2655,177,64,688454775,2753819100,8,8,0.7427697196958217,30075840.0,matmul_physical_exact_v2,1924853760.0,127362601.60475229
,,vlm.layer.5.pv,prefill,-1,B,self,matmul,1465,2655,177,64,248932800,995731200,8,8,0.5283822471365767,30075840.0,matmul_physical_exact_v2,1924853760.0,428132334.5865979
,,vlm.layer.5.pv,prefill,-1,O,self,matmul,1465,2655,177,64,248932800,995731200,8,8,0.523995910743783,30075840.0,matmul_physical_exact_v2,1924853760.0,436133158.95958245
,,vlm.layer.6.qk,prefill,-1,A,self,matmul,1465,2655,64,177,248932800,995731200,8,8,0.533174429002526,30075840.0,matmul_physical_exact_v2,1924853760.0,419475899.4290786
,,vlm.layer.6.qk,prefill,-1,B,self,matmul,1465,2655,64,177,248932800,995731200,8,8,0.531188941352847,30075840.0,matmul_physical_exact_v2,1924853760.0,423051690.5823031
,,vlm.layer.6.qk,prefill,-1,O,self,matmul,1465,2655,64,177,688454775,2753819100,8,8,0.4705676734539317,30075840.0,matmul_physical_exact_v2,1924853760.0,539533791.7890003
,,vlm.layer.6.pv,prefill,-1,A,self,matmul,1465,2655,177,64,688454775,2753819100,8,8,0.7405349988312595,30075840.0,matmul_physical_exact_v2,1924853760.0,129585171.96864869
,,vlm.layer.6.pv,prefill,-1,B,self,matmul,1465,2655,177,64,248932800,995731200,8,8,0.5268788112695475,30075840.0,matmul_physical_exact_v2,1924853760.0,430866309.112779
,,vlm.layer.6.pv,prefill,-1,O,self,matmul,1465,2655,177,64,248932800,995731200,8,8,0.5237697884730337,30075840.0,matmul_physical_exact_v2,1924853760.0,436547621.13206214
,,vlm.layer.7.qk,prefill,-1,A,self,matmul,1465,2655,64,177,248932800,995731200,8,8,0.5384975101714198,30075840.0,matmul_physical_exact_v2,1924853760.0,409964108.2667924
,,vlm.layer.7.qk,prefill,-1,B,self,matmul,1465,2655,64,177,248932800,995731200,8,8,0.5373304452044889,30075840.0,matmul_physical_exact_v2,1924853760.0,412040195.5090316
,,vlm.layer.7.qk,prefill,-1,O,self,matmul,1465,2655,64,177,688454775,2753819100,8,8,0.4912608046766761,30075840.0,matmul_physical_exact_v2,1924853760.0,498182120.86328965
,,vlm.layer.7.pv,prefill,-1,A,self,matmul,1465,2655,177,64,688454775,2753819100,8,8,0.7409498630465596,30075840.0,matmul_physical_exact_v2,1924853760.0,129171110.17822456
,,vlm.layer.7.pv,prefill,-1,B,self,matmul,1465,2655,177,64,248932800,995731200,8,8,0.5287138275872043,30075840.0,matmul_physical_exact_v2,1924853760.0,427530531.9295656
,,vlm.layer.7.pv,prefill,-1,O,self,matmul,1465,2655,177,64,248932800,995731200,8,8,0.5275291243259225,30075840.0,matmul_physical_exact_v2,1924853760.0,429682657.1242066
,,vlm.layer.8.qk,prefill,-1,A,self,matmul,1465,2655,64,177,248932800,995731200,8,8,0.5377484535987223,30075840.0,matmul_physical_exact_v2,1924853760.0,411295999.3392552
,,vlm.layer.8.qk,prefill,-1,B,self,matmul,1465,2655,64,177,248932800,995731200,8,8,0.5373662169067315,30075840.0,matmul_physical_exact_v2,1924853760.0,411976483.4742157
,,vlm.layer.8.qk,prefill,-1,O,self,matmul,1465,2655,64,177,688454775,2753819100,8,8,0.47796218313686617,30075840.0,matmul_physical_exact_v2,1924853760.0,524567849.4687697
,,vlm.layer.8.pv,prefill,-1,A,self,matmul,1465,2655,177,64,688454775,2753819100,8,8,0.7399379116805458,30075840.0,matmul_physical_exact_v2,1924853760.0,130182267.28251295
,,vlm.layer.8.pv,prefill,-1,B,self,matmul,1465,2655,177,64,248932800,995731200,8,8,0.5358237855758663,30075840.0,matmul_physical_exact_v2,1924853760.0,414728140.4156874
,,vlm.layer.8.pv,prefill,-1,O,self,matmul,1465,2655,177,64,248932800,995731200,8,8,0.5335139131926367,30075840.0,matmul_physical_exact_v2,1924853760.0,418866020.00130457
,,vlm.layer.9.qk,prefill,-1,A,self,matmul,1465,2655,64,177,248932800,995731200,8,8,0.5349957106897926,30075840.0,matmul_physical_exact_v2,1924853760.0,416209182.6456528
,,vlm.layer.9.qk,prefill,-1,B,self,matmul,1465,2655,64,177,248932800,995731200,8,8,0.5402358166541331,30075840.0,matmul_physical_exact_v2,1924853760.0,406881563.08863586
,,vlm.layer.9.qk,prefill,-1,O,self,matmul,1465,2655,64,177,688454775,2753819100,8,8,0.48093430465349013,30075840.0,matmul_physical_exact_v2,1924853760.0,518611801.13905925
,,vlm.layer.9.pv,prefill,-1,A,self,matmul,1465,2655,177,64,688454775,2753819100,8,8,0.7406114421241395,30075840.0,matmul_physical_exact_v2,1924853760.0,129508826.73538886
,,vlm.layer.9.pv,prefill,-1,B,self,matmul,1465,2655,177,64,248932800,995731200,8,8,0.5294730836996973,30075840.0,matmul_physical_exact_v2,1924853760.0,426154112.6144463
,,vlm.layer.9.pv,prefill,-1,O,self,matmul,1465,2655,177,64,248932800,995731200,8,8,0.5268437857526208,30075840.0,matmul_physical_exact_v2,1924853760.0,430930106.1870727
,,vlm.layer.10.qk,prefill,-1,A,self,matmul,1465,2655,64,177,248932800,995731200,8,8,0.5359078002175688,30075840.0,matmul_physical_exact_v2,1924853760.0,414578024.6545929
,,vlm.layer.10.qk,prefill,-1,B,self,matmul,1465,2655,64,177,248932800,995731200,8,8,0.5372711942741174,30075840.0,matmul_physical_exact_v2,1924853760.0,412145736.61470145
,,vlm.layer.10.qk,prefill,-1,O,self,matmul,1465,2655,64,177,688454775,2753819100,8,8,0.48784777983419464,30075840.0,matmul_physical_exact_v2,1924853760.0,504888942.25808793
,,vlm.layer.10.pv,prefill,-1,A,self,matmul,1465,2655,177,64,688454775,2753819100,8,8,0.7420567029983923,30075840.0,matmul_physical_exact_v2,1924853760.0,128069653.0599837
,,vlm.layer.10.pv,prefill,-1,B,self,matmul,1465,2655,177,64,248932800,995731200,8,8,0.5283472587782727,30075840.0,matmul_physical_exact_v2,1924853760.0,428195861.4707655
,,vlm.layer.10.pv,prefill,-1,O,self,matmul,1465,2655,177,64,248932800,995731200,8,8,0.5300346358535316,30075840.0,matmul_physical_exact_v2,1924853760.0,425137529.077409
,,vlm.layer.11.qk,prefill,-1,A,self,matmul,1465,2655,64,177,248932800,995731200,8,8,0.5350961243355636,30075840.0,matmul_physical_exact_v2,1924853760.0,416029448.5229074
,,vlm.layer.11.qk,prefill,-1,B,self,matmul,1465,2655,64,177,248932800,995731200,8,8,0.5373946492788415,30075840.0,matmul_physical_exact_v2,1924853760.0,411925846.8403778
,,vlm.layer.11.qk,prefill,-1,O,self,matmul,1465,2655,64,177,688454775,2753819100,8,8,0.49994532756345544,30075840.0,matmul_physical_exact_v2,1924853760.0,481318682.198584
,,vlm.layer.11.pv,prefill,-1,A,self,matmul,1465,2655,177,64,688454775,2753819100,8,8,0.7400090757595515,30075840.0,matmul_physical_exact_v2,1924853760.0,130111030.1894023
,,vlm.layer.11.pv,prefill,-1,B,self,matmul,1465,2655,177,64,248932800,995731200,8,8,0.5328789366045776,30075840.0,matmul_physical_exact_v2,1924853760.0,420007109.27193534
,,vlm.layer.11.pv,prefill,-1,O,self,matmul,1465,2655,177,64,248932800,995731200,8,8,0.5342275756750416,30075840.0,matmul_physical_exact_v2,1924853760.0,417585380.2950494
,,vlm.layer.12.qk,prefill,-1,A,self,matmul,1465,2655,64,177,248932800,995731200,8,8,0.5335635320054247,30075840.0,matmul_physical_exact_v2,1924853760.0,418776917.53986335
,,vlm.layer.12.qk,prefill,-1,B,self,matmul,1465,2655,64,177,248932800,995731200,8,8,0.5403389890765701,30075840.0,matmul_physical_exact_v2,1924853760.0,406698972.7611195
,,vlm.layer.12.qk,prefill,-1,O,self,matmul,1465,2655,64,177,688454775,2753819100,8,8,0.48473401284783013,30075840.0,matmul_physical_exact_v2,1924853760.0,511046820.63886136
,,vlm.layer.12.pv,prefill,-1,A,self,matmul,1465,2655,177,64,688454775,2753819100,8,8,0.7401307337144986,30075840.0,matmul_physical_exact_v2,1924853760.0,129989292.5676671
,,vlm.layer.12.pv,prefill,-1,B,self,matmul,1465,2655,177,64,248932800,995731200,8,8,0.5351884062686797,30075840.0,matmul_physical_exact_v2,1924853760.0,415864303.88373554
,,vlm.layer.12.pv,prefill,-1,O,self,matmul,1465,2655,177,64,248932800,995731200,8,8,0.5361645140776948,30075840.0,matmul_physical_exact_v2,1924853760.0,414119501.5868293
,,vlm.layer.13.qk,prefill,-1,A,self,matmul,1465,2655,64,177,248932800,995731200,8,8,0.5351063951797432,30075840.0,matmul_physical_exact_v2,1924853760.0,416011066.5447676
,,vlm.layer.13.qk,prefill,-1,B,self,matmul,1465,2655,64,177,248932800,995731200,8,8,0.5349458799724263,30075840.0,matmul_physical_exact_v2,1924853760.0,416298390.9127201
,,vlm.layer.13.qk,prefill,-1,O,self,matmul,1465,2655,64,177,688454775,2753819100,8,8,0.4467488045964966,30075840.0,matmul_physical_exact_v2,1924853760.0,589172491.8935617
,,vlm.layer.13.pv,prefill,-1,A,self,matmul,1465,2655,177,64,688454775,2753819100,8,8,0.741016633227651,30075840.0,matmul_physical_exact_v2,1924853760.0,129104531.04415165
,,vlm.layer.13.pv,prefill,-1,B,self,matmul,1465,2655,177,64,248932800,995731200,8,8,0.533967468328802,30075840.0,matmul_physical_exact_v2,1924853760.0,418051905.7810213
,,vlm.layer.13.pv,prefill,-1,O,self,matmul,1465,2655,177,64,248932800,995731200,8,8,0.5402875645555748,30075840.0,matmul_physical_exact_v2,1924853760.0,406789976.6498935
,,vlm.layer.14.qk,prefill,-1,A,self,matmul,1465,2655,64,177,248932800,995731200,8,8,0.5358435660146031,30075840.0,matmul_physical_exact_v2,1924853760.0,414692794.6589396
,,vlm.layer.14.qk,prefill,-1,B,self,matmul,1465,2655,64,177,248932800,995731200,8,8,0.5376042781425349,30075840.0,matmul_physical_exact_v2,1924853760.0,411552604.36908877
,,vlm.layer.14.qk,prefill,-1,O,self,matmul,1465,2655,64,177,688454775,2753819100,8,8,0.4629200429323771,30075840.0,matmul_physical_exact_v2,1924853760.0,555233460.9045447
,,vlm.layer.14.pv,prefill,-1,A,self,matmul,1465,2655,177,64,688454775,2753819100,8,8,0.7408782621196868,30075840.0,matmul_physical_exact_v2,1924853760.0,129242525.30653481
,,vlm.layer.14.pv,prefill,-1,B,self,matmul,1465,2655,177,64,248932800,995731200,8,8,0.5312605148859452,30075840.0,matmul_physical_exact_v2,1924853760.0,422922525.571179
,,vlm.layer.14.pv,prefill,-1,O,self,matmul,1465,2655,177,64,248932800,995731200,8,8,0.5315421039332704,30075840.0,matmul_physical_exact_v2,1924853760.0,422414547.96796006
,,vlm.layer.15.qk,prefill,-1,A,self,matmul,1465,2655,64,177,248932800,995731200,8,8,0.5357259137807473,30075840.0,matmul_physical_exact_v2,1924853760.0,414903050.1398758
,,vlm.layer.15.qk,prefill,-1,B,self,matmul,1465,2655,64,177,248932800,995731200,8,8,0.5430691295000096,30075840.0,matmul_physical_exact_v2,1924853760.0,401882171.46218944
,,vlm.layer.15.qk,prefill,-1,O,self,matmul,1465,2655,64,177,688454775,2753819100,8,8,0.4695177442846554,30075840.0,matmul_physical_exact_v2,1924853760.0,541675836.8789259
,,vlm.layer.15.pv,prefill,-1,A,self,matmul,1465,2655,177,64,688454775,2753819100,8,8,0.7399698625810243,30075840.0,matmul_physical_exact_v2,1924853760.0,130150281.18887614
,,vlm.layer.15.pv,prefill,-1,B,self,matmul,1465,2655,177,64,248932800,995731200,8,8,0.5280572076078364,30075840.0,matmul_physical_exact_v2,1924853760.0,428722676.5999109
,,vlm.layer.15.pv,prefill,-1,O,self,matmul,1465,2655,177,64,248932800,995731200,8,8,0.5288621638048502,30075840.0,matmul_physical_exact_v2,1924853760.0,427261445.81852907
,,expert.layer.0.qk,denoise,0,A,self,matmul,1465,750,64,227,70320000,281280000,8,8,0.5363153654721274,10896000.0,matmul_physical_exact_v2,697344000.0,149931359.07064325
,,expert.layer.0.qk,denoise,0,B,self,matmul,1465,750,64,227,319252800,1277011200,8,8,0.5364486020169597,10896000.0,matmul_physical_exact_v2,697344000.0,149845207.98981443
,,expert.layer.0.qk,denoise,0,O,self,matmul,1465,750,64,227,249416250,997665000,8,8,0.5045592418296723,10896000.0,matmul_physical_exact_v2,697344000.0,171171135.53633386
,,expert.layer.0.qk,denoise,1,A,self,matmul,1465,750,64,227,70320000,281280000,8,8,0.536713978953356,10896000.0,matmul_physical_exact_v2,697344000.0,149673688.37060055
,,expert.layer.0.qk,denoise,1,B,self,matmul,1465,750,64,227,319252800,1277011200,8,8,0.5362087098374705,10896000.0,matmul_physical_exact_v2,697344000.0,150000340.71107042
,,expert.layer.0.qk,denoise,1,O,self,matmul,1465,750,64,227,249416250,997665000,8,8,0.4992963369467707,10896000.0,matmul_physical_exact_v2,697344000.0,174827040.49227956
,,expert.layer.0.qk,denoise,2,A,self,matmul,1465,750,64,227,70320000,281280000,8,8,0.5369224438282139,10896000.0,matmul_physical_exact_v2,697344000.0,149539021.29505584
,,expert.layer.0.qk,denoise,2,B,self,matmul,1465,750,64,227,319252800,1277011200,8,8,0.5360782732367578,10896000.0,matmul_physical_exact_v2,697344000.0,150084724.72718856
,,expert.layer.0.qk,denoise,2,O,self,matmul,1465,750,64,227,249416250,997665000,8,8,0.49572592102559476,10896000.0,matmul_physical_exact_v2,697344000.0,177329242.2349364
,,expert.layer.0.qk,denoise,3,A,self,matmul,1465,750,64,227,70320000,281280000,8,8,0.5373240472127417,10896000.0,matmul_physical_exact_v2,697344000.0,149279758.7382822
,,expert.layer.0.qk,denoise,3,B,self,matmul,1465,750,64,227,319252800,1277011200,8,8,0.5359428633045662,10896000.0,matmul_physical_exact_v2,697344000.0,150172351.26920587
,,expert.layer.0.qk,denoise,3,O,self,matmul,1465,750,64,227,249416250,997665000,8,8,0.49405186410267976,10896000.0,matmul_physical_exact_v2,697344000.0,178508569.13350633
,,expert.layer.0.qk,denoise,4,A,self,matmul,1465,750,64,227,70320000,281280000,8,8,0.5376897468714448,10896000.0,matmul_physical_exact_v2,697344000.0,149043870.17793962
,,expert.layer.0.qk,denoise,4,B,self,matmul,1465,750,64,227,319252800,1277011200,8,8,0.5358227515937214,10896000.0,matmul_physical_exact_v2,697344000.0,150250099.42097345
,,expert.layer.0.qk,denoise,4,O,self,matmul,1465,750,64,227,249416250,997665000,8,8,0.49318104173244526,10896000.0,matmul_physical_exact_v2,697344000.0,179123584.8692304
,,expert.layer.0.qk,denoise,5,A,self,matmul,1465,750,64,227,70320000,281280000,8,8,0.5382447881114903,10896000.0,matmul_physical_exact_v2,697344000.0,148686206.31646603
,,expert.layer.0.qk,denoise,5,B,self,matmul,1465,750,64,227,319252800,1277011200,8,8,0.5356997761648449,10896000.0,matmul_physical_exact_v2,697344000.0,150329722.09986404
,,expert.layer.0.qk,denoise,5,O,self,matmul,1465,750,64,227,249416250,997665000,8,8,0.4935513263470203,10896000.0,matmul_physical_exact_v2,697344000.0,178861943.20338044
,,expert.layer.0.qk,denoise,6,A,self,matmul,1465,750,64,227,70320000,281280000,8,8,0.5387137905290103,10896000.0,matmul_physical_exact_v2,697344000.0,148384320.06119987
,,expert.layer.0.qk,denoise,6,B,self,matmul,1465,750,64,227,319252800,1277011200,8,8,0.5355430187299846,10896000.0,matmul_physical_exact_v2,697344000.0,150431248.13185042
,,expert.layer.0.qk,denoise,6,O,self,matmul,1465,750,64,227,249416250,997665000,8,8,0.4948727318288203,10896000.0,matmul_physical_exact_v2,697344000.0,177929802.08753023
,,expert.layer.0.qk,denoise,7,A,self,matmul,1465,750,64,227,70320000,281280000,8,8,0.5388044688566553,10896000.0,matmul_physical_exact_v2,697344000.0,148325987.8621481
,,expert.layer.0.qk,denoise,7,B,self,matmul,1465,750,64,227,319252800,1277011200,8,8,0.5353896254003098,10896000.0,matmul_physical_exact_v2,697344000.0,150530628.53267202
,,expert.layer.0.qk,denoise,7,O,self,matmul,1465,750,64,227,249416250,997665000,8,8,0.49851204662887844,10896000.0,matmul_physical_exact_v2,697344000.0,175375159.27889776
,,expert.layer.0.qk,denoise,8,A,self,matmul,1465,750,64,227,70320000,281280000,8,8,0.5383774637372014,10896000.0,matmul_physical_exact_v2,697344000.0,148600774.89793116
,,expert.layer.0.qk,denoise,8,B,self,matmul,1465,750,64,227,319252800,1277011200,8,8,0.5353446234457458,10896000.0,matmul_physical_exact_v2,697344000.0,150559790.60458317
,,expert.layer.0.qk,denoise,8,O,self,matmul,1465,750,64,227,249416250,997665000,8,8,0.505453160128901,10896000.0,matmul_physical_exact_v2,697344000.0,170554008.39049217
,,expert.layer.0.qk,denoise,9,A,self,matmul,1465,750,64,227,70320000,281280000,8,8,0.5385715123720136,10896000.0,matmul_physical_exact_v2,697344000.0,148475868.87839454
,,expert.layer.0.qk,denoise,9,B,self,matmul,1465,750,64,227,319252800,1277011200,8,8,0.5350611341545007,10896000.0,matmul_physical_exact_v2,697344000.0,150743561.67791528
,,expert.layer.0.qk,denoise,9,O,self,matmul,1465,750,64,227,249416250,997665000,8,8,0.5218577277943999,10896000.0,matmul_physical_exact_v2,697344000.0,159426807.92271382
,,expert.layer.0.pv,denoise,0,A,self,matmul,1465,750,227,64,249416250,997665000,8,8,0.7558969934797752,10896000.0,matmul_physical_exact_v2,697344000.0,41552133.3007329
,,expert.layer.0.pv,denoise,0,B,self,matmul,1465,750,227,64,319252800,1277011200,8,8,0.5321774734630362,10896000.0,matmul_physical_exact_v2,697344000.0,152619254.80901283
,,expert.layer.0.pv,denoise,0,O,self,matmul,1465,750,227,64,70320000,281280000,8,8,0.5337937393344709,10896000.0,matmul_physical_exact_v2,697344000.0,151566517.21361786
,,expert.layer.0.pv,denoise,1,A,self,matmul,1465,750,227,64,249416250,997665000,8,8,0.755900448547358,10896000.0,matmul_physical_exact_v2,697344000.0,41550957.039819226
,,expert.layer.0.pv,denoise,1,B,self,matmul,1465,750,227,64,319252800,1277011200,8,8,0.5322698007660387,10896000.0,matmul_physical_exact_v2,697344000.0,152559020.28449324
,,expert.layer.0.pv,denoise,1,O,self,matmul,1465,750,227,64,70320000,281280000,8,8,0.5328977353526735,10896000.0,matmul_physical_exact_v2,697344000.0,152149669.84696645
,,expert.layer.0.pv,denoise,2,A,self,matmul,1465,750,227,64,249416250,997665000,8,8,0.7559464659981056,10896000.0,matmul_physical_exact_v2,697344000.0,41535292.21063909
,,expert.layer.0.pv,denoise,2,B,self,matmul,1465,750,227,64,319252800,1277011200,8,8,0.5321771774593677,10896000.0,matmul_physical_exact_v2,697344000.0,152619447.94154087
,,expert.layer.0.pv,denoise,2,O,self,matmul,1465,750,227,64,70320000,281280000,8,8,0.5316933056029579,10896000.0,matmul_physical_exact_v2,697344000.0,152935321.57095382
,,expert.layer.0.pv,denoise,3,A,self,matmul,1465,750,227,64,249416250,997665000,8,8,0.755909911643688,10896000.0,matmul_physical_exact_v2,697344000.0,41547735.46005758
,,expert.layer.0.pv,denoise,3,B,self,matmul,1465,750,227,64,319252800,1277011200,8,8,0.5319277450346559,10896000.0,matmul_physical_exact_v2,697344000.0,152782237.72297317
,,expert.layer.0.pv,denoise,3,O,self,matmul,1465,750,227,64,70320000,281280000,8,8,0.5302498151308305,10896000.0,matmul_physical_exact_v2,697344000.0,153879578.4619269
,,expert.layer.0.pv,denoise,4,A,self,matmul,1465,750,227,64,249416250,997665000,8,8,0.7559498428831322,10896000.0,matmul_physical_exact_v2,697344000.0,41534142.799412146
,,expert.layer.0.pv,denoise,4,B,self,matmul,1465,750,227,64,319252800,1277011200,8,8,0.5316047016658898,10896000.0,matmul_physical_exact_v2,697344000.0,152993197.9740381
,,expert.layer.0.pv,denoise,4,O,self,matmul,1465,750,227,64,70320000,281280000,8,8,0.5282821494596132,10896000.0,matmul_physical_exact_v2,697344000.0,155171404.27065292
,,expert.layer.0.pv,denoise,5,A,self,matmul,1465,750,227,64,249416250,997665000,8,8,0.7560476602867696,10896000.0,matmul_physical_exact_v2,697344000.0,41500854.98789061
,,expert.layer.0.pv,denoise,5,B,self,matmul,1465,750,227,64,319252800,1277011200,8,8,0.5314075256348574,10896000.0,matmul_physical_exact_v2,697344000.0,153122033.34507674
,,expert.layer.0.pv,denoise,5,O,self,matmul,1465,750,227,64,70320000,281280000,8,8,0.5268117000853242,10896000.0,matmul_physical_exact_v2,697344000.0,156140319.587279
,,expert.layer.0.pv,denoise,6,A,self,matmul,1465,750,227,64,249416250,997665000,8,8,0.7562426335493377,10896000.0,matmul_physical_exact_v2,697344000.0,41434544.30104927
,,expert.layer.0.pv,denoise,6,B,self,matmul,1465,750,227,64,319252800,1277011200,8,8,0.5314142444482868,10896000.0,matmul_physical_exact_v2,697344000.0,153117642.3612063
,,expert.layer.0.pv,denoise,6,O,self,matmul,1465,750,227,64,70320000,281280000,8,8,0.5263304287542662,10896000.0,matmul_physical_exact_v2,697344000.0,156458096.14348686
,,expert.layer.0.pv,denoise,7,A,self,matmul,1465,750,227,64,249416250,997665000,8,8,0.7561415795883387,10896000.0,matmul_physical_exact_v2,697344000.0,41468906.27999912
,,expert.layer.0.pv,denoise,7,B,self,matmul,1465,750,227,64,319252800,1277011200,8,8,0.531501981345191,10896000.0,matmul_physical_exact_v2,697344000.0,153060308.95334512
,,expert.layer.0.pv,denoise,7,O,self,matmul,1465,750,227,64,70320000,281280000,8,8,0.525567345705347,10896000.0,matmul_physical_exact_v2,697344000.0,156962611.0945162
,,expert.layer.0.pv,denoise,8,A,self,matmul,1465,750,227,64,249416250,997665000,8,8,0.7555170242516276,10896000.0,matmul_physical_exact_v2,697344000.0,41681593.56760132
,,expert.layer.0.pv,denoise,8,B,self,matmul,1465,750,227,64,319252800,1277011200,8,8,0.5315728742238126,10896000.0,matmul_physical_exact_v2,697344000.0,153013990.44399327
,,expert.layer.0.pv,denoise,8,O,self,matmul,1465,750,227,64,70320000,281280000,8,8,0.52543965443686,10896000.0,matmul_physical_exact_v2,697344000.0,157047113.92938563
,,expert.layer.0.pv,denoise,9,A,self,matmul,1465,750,227,64,249416250,997665000,8,8,0.7557064876486597,10896000.0,matmul_physical_exact_v2,697344000.0,41617015.84947814
,,expert.layer.0.pv,denoise,9,B,self,matmul,1465,750,227,64,319252800,1277011200,8,8,0.5314184871675361,10896000.0,matmul_physical_exact_v2,697344000.0,153114869.6255012
,,expert.layer.0.pv,denoise,9,O,self,matmul,1465,750,227,64,70320000,281280000,8,8,0.5249563282138794,10896000.0,matmul_physical_exact_v2,697344000.0,157367172.8751113
,,expert.layer.1.qk,denoise,0,A,cross,matmul,1465,750,64,177,70320000,281280000,8,8,0.5359720705346985,8496000.0,matmul_physical_exact_v2,543744000.0,117080001.7008301
,,expert.layer.1.qk,denoise,0,B,cross,matmul,1465,750,64,177,248932800,995731200,8,8,0.5402344216993502,8496000.0,matmul_physical_exact_v2,543744000.0,114938992.11956175
,,expert.layer.1.qk,denoise,0,O,cross,matmul,1465,750,64,177,194478750,777915000,8,8,0.451981135471099,8496000.0,matmul_physical_exact_v2,543744000.0,163299740.56144786
,,expert.layer.1.qk,denoise,1,A,cross,matmul,1465,750,64,177,70320000,281280000,8,8,0.535784744738339,8496000.0,matmul_physical_exact_v2,543744000.0,117174550.02477735
,,expert.layer.1.qk,denoise,1,B,cross,matmul,1465,750,64,177,248932800,995731200,8,8,0.5402476300832996,8496000.0,matmul_physical_exact_v2,543744000.0,114932388.1604874
,,expert.layer.1.qk,denoise,1,O,cross,matmul,1465,750,64,177,194478750,777915000,8,8,0.45186576811091184,8496000.0,matmul_physical_exact_v2,543744000.0,163368502.58488134
,,expert.layer.1.qk,denoise,2,A,cross,matmul,1465,750,64,177,70320000,281280000,8,8,0.5357509527872583,8496000.0,matmul_physical_exact_v2,543744000.0,117191609.78631204
,,expert.layer.1.qk,denoise,2,B,cross,matmul,1465,750,64,177,248932800,995731200,8,8,0.540242990276894,8496000.0,matmul_physical_exact_v2,543744000.0,114934707.96026017
,,expert.layer.1.qk,denoise,2,O,cross,matmul,1465,750,64,177,194478750,777915000,8,8,0.4514719075991593,8496000.0,matmul_physical_exact_v2,543744000.0,163603363.00973326
,,expert.layer.1.qk,denoise,3,A,cross,matmul,1465,750,64,177,70320000,281280000,8,8,0.5358140607224118,8496000.0,matmul_physical_exact_v2,543744000.0,117159750.94724806
,,expert.layer.1.qk,denoise,3,B,cross,matmul,1465,750,64,177,248932800,995731200,8,8,0.5402421527014519,8496000.0,matmul_physical_exact_v2,543744000.0,114935126.73180464
,,expert.layer.1.qk,denoise,3,O,cross,matmul,1465,750,64,177,194478750,777915000,8,8,0.45086949216816746,8496000.0,matmul_physical_exact_v2,543744000.0,163962911.81506985
,,expert.layer.1.qk,denoise,4,A,cross,matmul,1465,750,64,177,70320000,281280000,8,8,0.5361123186860068,8496000.0,matmul_physical_exact_v2,543744000.0,117009239.70002688
,,expert.layer.1.qk,denoise,4,B,cross,matmul,1465,750,64,177,248932800,995731200,8,8,0.540235316519157,8496000.0,matmul_physical_exact_v2,543744000.0,114938544.71944529
,,expert.layer.1.qk,denoise,4,O,cross,matmul,1465,750,64,177,194478750,777915000,8,8,0.45012441076467224,8496000.0,matmul_physical_exact_v2,543744000.0,164408156.04858196
,,expert.layer.1.qk,denoise,5,A,cross,matmul,1465,750,64,177,70320000,281280000,8,8,0.5366638225255973,8496000.0,matmul_physical_exact_v2,543744000.0,116731186.68016632
,,expert.layer.1.qk,denoise,5,B,cross,matmul,1465,750,64,177,248932800,995731200,8,8,0.5402537190759916,8496000.0,matmul_physical_exact_v2,543744000.0,114929343.83539793
,,expert.layer.1.qk,denoise,5,O,cross,matmul,1465,750,64,177,194478750,777915000,8,8,0.449998893195272,8496000.0,matmul_physical_exact_v2,543744000.0,164483222.00093913
,,expert.layer.1.qk,denoise,6,A,cross,matmul,1465,750,64,177,70320000,281280000,8,8,0.5372554358646189,8496000.0,matmul_physical_exact_v2,543744000.0,116433279.28234401
,,expert.layer.1.qk,denoise,6,B,cross,matmul,1465,750,64,177,248932800,995731200,8,8,0.5402602720493241,8496000.0,matmul_physical_exact_v2,543744000.0,114926067.57808305
,,expert.layer.1.qk,denoise,6,O,cross,matmul,1465,750,64,177,194478750,777915000,8,8,0.45048613923114994,8496000.0,matmul_physical_exact_v2,543744000.0,164191919.6846421
,,expert.layer.1.qk,denoise,7,A,cross,matmul,1465,750,64,177,70320000,281280000,8,8,0.5376924808020478,8496000.0,matmul_physical_exact_v2,543744000.0,116213449.38495836
,,expert.layer.1.qk,denoise,7,B,cross,matmul,1465,750,64,177,248932800,995731200,8,8,0.5402661742446154,8496000.0,matmul_physical_exact_v2,543744000.0,114923116.726984
,,expert.layer.1.qk,denoise,7,O,cross,matmul,1465,750,64,177,194478750,777915000,8,8,0.4525312624129886,8496000.0,matmul_physical_exact_v2,543744000.0,162972049.3007325
,,expert.layer.1.qk,denoise,8,A,cross,matmul,1465,750,64,177,70320000,281280000,8,8,0.5375636696530148,8496000.0,matmul_physical_exact_v2,543744000.0,116278218.71181963
,,expert.layer.1.qk,denoise,8,B,cross,matmul,1465,750,64,177,248932800,995731200,8,8,0.5402685092121248,8496000.0,matmul_physical_exact_v2,543744000.0,114921949.3512237
,,expert.layer.1.qk,denoise,8,O,cross,matmul,1465,750,64,177,194478750,777915000,8,8,0.4556001285487489,8496000.0,matmul_physical_exact_v2,543744000.0,161150072.66733024
,,expert.layer.1.qk,denoise,9,A,cross,matmul,1465,750,64,177,70320000,281280000,8,8,0.5379712777303755,8496000.0,matmul_physical_exact_v2,543744000.0,116073325.41165167
,,expert.layer.1.qk,denoise,9,B,cross,matmul,1465,750,64,177,248932800,995731200,8,8,0.5402792681398353,8496000.0,matmul_physical_exact_v2,543744000.0,114916570.46157941
,,expert.layer.1.qk,denoise,9,O,cross,matmul,1465,750,64,177,194478750,777915000,8,8,0.4626317194037909,8496000.0,matmul_physical_exact_v2,543744000.0,157014056.17580214
,,expert.layer.1.pv,denoise,0,A,cross,matmul,1465,750,177,64,194478750,777915000,8,8,0.7835966384502163,8496000.0,matmul_physical_exact_v2,543744000.0,25463757.113973383
,,expert.layer.1.pv,denoise,0,B,cross,matmul,1465,750,177,64,248932800,995731200,8,8,0.5332760739042826,8496000.0,matmul_physical_exact_v2,543744000.0,118444420.6223325
,,expert.layer.1.pv,denoise,0,O,cross,matmul,1465,750,177,64,70320000,281280000,8,8,0.5282009136803185,8496000.0,matmul_physical_exact_v2,543744000.0,121034357.3908048
,,expert.layer.1.pv,denoise,1,A,cross,matmul,1465,750,177,64,194478750,777915000,8,8,0.785107564451129,8496000.0,matmul_physical_exact_v2,543744000.0,25109423.055465214
,,expert.layer.1.pv,denoise,1,B,cross,matmul,1465,750,177,64,248932800,995731200,8,8,0.5332831812440948,8496000.0,matmul_physical_exact_v2,543744000.0,118440813.2720792
,,expert.layer.1.pv,denoise,1,O,cross,matmul,1465,750,177,64,70320000,281280000,8,8,0.5282538609215017,8496000.0,matmul_physical_exact_v2,543744000.0,121007192.9646433
,,expert.layer.1.pv,denoise,2,A,cross,matmul,1465,750,177,64,194478750,777915000,8,8,0.7839682998785215,8496000.0,matmul_physical_exact_v2,543744000.0,25376366.88677569
,,expert.layer.1.pv,denoise,2,B,cross,matmul,1465,750,177,64,248932800,995731200,8,8,0.5332832595784887,8496000.0,matmul_physical_exact_v2,543744000.0,118440773.51354398
,,expert.layer.1.pv,denoise,2,O,cross,matmul,1465,750,177,64,70320000,281280000,8,8,0.528278430745165,8496000.0,matmul_physical_exact_v2,543744000.0,120994588.52457432
,,expert.layer.1.pv,denoise,3,A,cross,matmul,1465,750,177,64,194478750,777915000,8,8,0.7814174363523007,8496000.0,matmul_physical_exact_v2,543744000.0,25979184.14485001
,,expert.layer.1.pv,denoise,3,B,cross,matmul,1465,750,177,64,248932800,995731200,8,8,0.5332831902826787,8496000.0,matmul_physical_exact_v2,543744000.0,118440808.68455558
,,expert.layer.1.pv,denoise,3,O,cross,matmul,1465,750,177,64,70320000,281280000,8,8,0.5283327005119454,8496000.0,matmul_physical_exact_v2,543744000.0,120966750.19445667
,,expert.layer.1.pv,denoise,4,A,cross,matmul,1465,750,177,64,194478750,777915000,8,8,0.7770720271494957,8496000.0,matmul_physical_exact_v2,543744000.0,27022380.90554764
,,expert.layer.1.pv,denoise,4,B,cross,matmul,1465,750,177,64,248932800,995731200,8,8,0.5332877005360482,8496000.0,matmul_physical_exact_v2,543744000.0,118438519.52134503
,,expert.layer.1.pv,denoise,4,O,cross,matmul,1465,750,177,64,70320000,281280000,8,8,0.5284027410409556,8496000.0,matmul_physical_exact_v2,543744000.0,120930826.7962677
,,expert.layer.1.pv,denoise,5,A,cross,matmul,1465,750,177,64,194478750,777915000,8,8,0.7711662173887892,8496000.0,matmul_physical_exact_v2,543744000.0,28473100.22048383
,,expert.layer.1.pv,denoise,5,B,cross,matmul,1465,750,177,64,248932800,995731200,8,8,0.533288962924934,8496000.0,matmul_physical_exact_v2,543744000.0,118437878.80427521
,,expert.layer.1.pv,denoise,5,O,cross,matmul,1465,750,177,64,70320000,281280000,8,8,0.5284432629408419,8496000.0,matmul_physical_exact_v2,543744000.0,120910045.77503465
,,expert.layer.1.pv,denoise,6,A,cross,matmul,1465,750,177,64,194478750,777915000,8,8,0.7628956955451431,8496000.0,matmul_physical_exact_v2,543744000.0,30568445.524410773
,,expert.layer.1.pv,denoise,6,B,cross,matmul,1465,750,177,64,248932800,995731200,8,8,0.5332873540569986,8496000.0,matmul_physical_exact_v2,543744000.0,118438695.3747818
,,expert.layer.1.pv,denoise,6,O,cross,matmul,1465,750,177,64,70320000,281280000,8,8,0.5285747120307167,8496000.0,matmul_physical_exact_v2,543744000.0,120842646.46113835
,,expert.layer.1.pv,denoise,7,A,cross,matmul,1465,750,177,64,194478750,777915000,8,8,0.7523056619296453,8496000.0,matmul_physical_exact_v2,543744000.0,33360045.664799772
,,expert.layer.1.pv,denoise,7,B,cross,matmul,1465,750,177,64,248932800,995731200,8,8,0.5332859048707121,8496000.0,matmul_physical_exact_v2,543744000.0,118439430.90231073
,,expert.layer.1.pv,denoise,7,O,cross,matmul,1465,750,177,64,70320000,281280000,8,8,0.528675686149033,8496000.0,matmul_physical_exact_v2,543744000.0,120790885.6700744
,,expert.layer.1.pv,denoise,8,A,cross,matmul,1465,750,177,64,194478750,777915000,8,8,0.7400490670574549,8496000.0,matmul_physical_exact_v2,543744000.0,36743222.15169893
,,expert.layer.1.pv,denoise,8,B,cross,matmul,1465,750,177,64,248932800,995731200,8,8,0.5332853535170937,8496000.0,matmul_physical_exact_v2,543744000.0,118439710.73978744
,,expert.layer.1.pv,denoise,8,O,cross,matmul,1465,750,177,64,70320000,281280000,8,8,0.5289649104095563,8496000.0,matmul_physical_exact_v2,543744000.0,120642686.50201955
,,expert.layer.1.pv,denoise,9,A,cross,matmul,1465,750,177,64,194478750,777915000,8,8,0.72980613306081,8496000.0,matmul_physical_exact_v2,543744000.0,39695881.5881774
,,expert.layer.1.pv,denoise,9,B,cross,matmul,1465,750,177,64,248932800,995731200,8,8,0.5332798791481075,8496000.0,matmul_physical_exact_v2,543744000.0,118442489.25332555
,,expert.layer.1.pv,denoise,9,O,cross,matmul,1465,750,177,64,70320000,281280000,8,8,0.5294813850967008,8496000.0,matmul_physical_exact_v2,543744000.0,120378269.96361797
,,expert.layer.2.qk,denoise,0,A,self,matmul,1465,750,64,227,70320000,281280000,8,8,0.5356178967576792,10896000.0,matmul_physical_exact_v2,697344000.0,150382748.108605
,,expert.layer.2.qk,denoise,0,B,self,matmul,1465,750,64,227,319252800,1277011200,8,8,0.5389143008299379,10896000.0,matmul_physical_exact_v2,697344000.0,148255349.7270249
,,expert.layer.2.qk,denoise,0,O,self,matmul,1465,750,64,227,249416250,997665000,8,8,0.5220134193341452,10896000.0,matmul_physical_exact_v2,697344000.0,159323000.4766811
,,expert.layer.2.qk,denoise,1,A,self,matmul,1465,750,64,227,70320000,281280000,8,8,0.5355948805460751,10896000.0,matmul_physical_exact_v2,697344000.0,150397655.34513637
,,expert.layer.2.qk,denoise,1,B,self,matmul,1465,750,64,227,319252800,1277011200,8,8,0.5389266343161282,10896000.0,matmul_physical_exact_v2,697344000.0,148247418.52960703
,,expert.layer.2.qk,denoise,1,O,self,matmul,1465,750,64,227,249416250,997665000,8,8,0.5213732675797988,10896000.0,matmul_physical_exact_v2,697344000.0,159750038.38495708
,,expert.layer.2.qk,denoise,2,A,self,matmul,1465,750,64,227,70320000,281280000,8,8,0.53558545221843,10896000.0,matmul_physical_exact_v2,697344000.0,150403762.1372724
,,expert.layer.2.qk,denoise,2,B,self,matmul,1465,750,64,227,319252800,1277011200,8,8,0.538985797462074,10896000.0,matmul_physical_exact_v2,697344000.0,148209375.90301082
,,expert.layer.2.qk,denoise,2,O,self,matmul,1465,750,64,227,249416250,997665000,8,8,0.5211948008600081,10896000.0,matmul_physical_exact_v2,697344000.0,159869193.3703115
,,expert.layer.2.qk,denoise,3,A,self,matmul,1465,750,64,227,70320000,281280000,8,8,0.5354587955062571,10896000.0,matmul_physical_exact_v2,697344000.0,150485810.5732821
,,expert.layer.2.qk,denoise,3,B,self,matmul,1465,750,64,227,319252800,1277011200,8,8,0.5390811646757679,10896000.0,matmul_physical_exact_v2,697344000.0,148148063.89481094
,,expert.layer.2.qk,denoise,3,O,self,matmul,1465,750,64,227,249416250,997665000,8,8,0.52082287140473,10896000.0,matmul_physical_exact_v2,697344000.0,160117658.32433474
,,expert.layer.2.qk,denoise,4,A,self,matmul,1465,750,64,227,70320000,281280000,8,8,0.5354116076507395,10896000.0,matmul_physical_exact_v2,697344000.0,150516384.66781345
,,expert.layer.2.qk,denoise,4,B,self,matmul,1465,750,64,227,319252800,1277011200,8,8,0.5391409621152892,10896000.0,matmul_physical_exact_v2,697344000.0,148109626.32377806
,,expert.layer.2.qk,denoise,4,O,self,matmul,1465,750,64,227,249416250,997665000,8,8,0.5207978820545975,10896000.0,matmul_physical_exact_v2,697344000.0,160134359.2072476
,,expert.layer.2.qk,denoise,5,A,self,matmul,1465,750,64,227,70320000,281280000,8,8,0.5353061255688282,10896000.0,matmul_physical_exact_v2,697344000.0,150584740.15944126
,,expert.layer.2.qk,denoise,5,B,self,matmul,1465,750,64,227,319252800,1277011200,8,8,0.5392393574934973,10896000.0,matmul_physical_exact_v2,697344000.0,148046388.9962256
,,expert.layer.2.qk,denoise,5,O,self,matmul,1465,750,64,227,249416250,997665000,8,8,0.5212962367127242,10896000.0,matmul_physical_exact_v2,697344000.0,159801463.31961092
,,expert.layer.2.qk,denoise,6,A,self,matmul,1465,750,64,227,70320000,281280000,8,8,0.5351556740614335,10896000.0,matmul_physical_exact_v2,697344000.0,150682264.01311523
,,expert.layer.2.qk,denoise,6,B,self,matmul,1465,750,64,227,319252800,1277011200,8,8,0.5393233732014253,10896000.0,matmul_physical_exact_v2,697344000.0,147992403.96786433
,,expert.layer.2.qk,denoise,6,O,self,matmul,1465,750,64,227,249416250,997665000,8,8,0.5217579879017505,10896000.0,matmul_physical_exact_v2,697344000.0,159493327.33385488
,,expert.layer.2.qk,denoise,7,A,self,matmul,1465,750,64,227,70320000,281280000,8,8,0.5352680034129693,10896000.0,matmul_physical_exact_v2,697344000.0,150609448.25533843
,,expert.layer.2.qk,denoise,7,B,self,matmul,1465,750,64,227,319252800,1277011200,8,8,0.5393160506344815,10896000.0,matmul_physical_exact_v2,697344000.0,147997108.75571293
,,expert.layer.2.qk,denoise,7,O,self,matmul,1465,750,64,227,249416250,997665000,8,8,0.5211483764590319,10896000.0,matmul_physical_exact_v2,697344000.0,159900196.3391858
,,expert.layer.2.qk,denoise,8,A,self,matmul,1465,750,64,227,70320000,281280000,8,8,0.5358284982935153,10896000.0,matmul_physical_exact_v2,697344000.0,150246379.1314786
,,expert.layer.2.qk,denoise,8,B,self,matmul,1465,750,64,227,319252800,1277011200,8,8,0.5393541951707237,10896000.0,matmul_physical_exact_v2,697344000.0,147972601.51003012
,,expert.layer.2.qk,denoise,8,O,self,matmul,1465,750,64,227,249416250,997665000,8,8,0.5195444091954714,10896000.0,matmul_physical_exact_v2,697344000.0,160973197.71623302
,,expert.layer.2.qk,denoise,9,A,self,matmul,1465,750,64,227,70320000,281280000,8,8,0.5372860779294653,10896000.0,matmul_physical_exact_v2,697344000.0,149304260.88923934
,,expert.layer.2.qk,denoise,9,B,self,matmul,1465,750,64,227,319252800,1277011200,8,8,0.5394262885086677,10896000.0,matmul_physical_exact_v2,697344000.0,147926288.25211862
,,expert.layer.2.qk,denoise,9,O,self,matmul,1465,750,64,227,249416250,997665000,8,8,0.5182055669989425,10896000.0,matmul_physical_exact_v2,697344000.0,161871586.6437857
,,expert.layer.2.pv,denoise,0,A,self,matmul,1465,750,227,64,249416250,997665000,8,8,0.7562604150691865,10896000.0,matmul_physical_exact_v2,697344000.0,41428499.41871514
,,expert.layer.2.pv,denoise,0,B,self,matmul,1465,750,227,64,319252800,1277011200,8,8,0.535365902820586,10896000.0,matmul_physical_exact_v2,697344000.0,150546000.8368512
,,expert.layer.2.pv,denoise,0,O,self,matmul,1465,750,227,64,70320000,281280000,8,8,0.5291337670648464,10896000.0,matmul_physical_exact_v2,697344000.0,154611631.4582296
,,expert.layer.2.pv,denoise,1,A,self,matmul,1465,750,227,64,249416250,997665000,8,8,0.7562670094671057,10896000.0,matmul_physical_exact_v2,697344000.0,41426257.744965136
,,expert.layer.2.pv,denoise,1,B,self,matmul,1465,750,227,64,319252800,1277011200,8,8,0.5352781118912661,10896000.0,matmul_physical_exact_v2,697344000.0,150602896.45433146
,,expert.layer.2.pv,denoise,1,O,self,matmul,1465,750,227,64,70320000,281280000,8,8,0.529120829778157,10896000.0,matmul_physical_exact_v2,697344000.0,154620127.63969594
,,expert.layer.2.pv,denoise,2,A,self,matmul,1465,750,227,64,249416250,997665000,8,8,0.756252414387595,10896000.0,matmul_physical_exact_v2,697344000.0,41431219.22044725
,,expert.layer.2.pv,denoise,2,B,self,matmul,1465,750,227,64,319252800,1277011200,8,8,0.5351687432342018,10896000.0,matmul_physical_exact_v2,697344000.0,150673791.22019023
,,expert.layer.2.pv,denoise,2,O,self,matmul,1465,750,227,64,70320000,281280000,8,8,0.5290629550625711,10896000.0,matmul_physical_exact_v2,697344000.0,154658138.01009664
,,expert.layer.2.pv,denoise,3,A,self,matmul,1465,750,227,64,249416250,997665000,8,8,0.7562267103687109,10896000.0,matmul_physical_exact_v2,697344000.0,41439957.80950702
,,expert.layer.2.pv,denoise,3,B,self,matmul,1465,750,227,64,319252800,1277011200,8,8,0.5350482368517989,10896000.0,matmul_physical_exact_v2,697344000.0,150751924.98093754
,,expert.layer.2.pv,denoise,3,O,self,matmul,1465,750,227,64,70320000,281280000,8,8,0.5291048741467577,10896000.0,matmul_physical_exact_v2,697344000.0,154630606.35150763
,,expert.layer.2.pv,denoise,4,A,self,matmul,1465,750,227,64,249416250,997665000,8,8,0.7561260974375166,10896000.0,matmul_physical_exact_v2,697344000.0,41474172.02592656
,,expert.layer.2.pv,denoise,4,B,self,matmul,1465,750,227,64,319252800,1277011200,8,8,0.5349486363157974,10896000.0,matmul_physical_exact_v2,697344000.0,150816519.12575933
,,expert.layer.2.pv,denoise,4,O,self,matmul,1465,750,227,64,70320000,281280000,8,8,0.5290110459328783,10896000.0,matmul_physical_exact_v2,697344000.0,154692234.3373387
,,expert.layer.2.pv,denoise,5,A,self,matmul,1465,750,227,64,249416250,997665000,8,8,0.7560595700961745,10896000.0,matmul_physical_exact_v2,697344000.0,41496802.924208775
,,expert.layer.2.pv,denoise,5,B,self,matmul,1465,750,227,64,319252800,1277011200,8,8,0.5348448282990783,10896000.0,matmul_physical_exact_v2,697344000.0,150883856.68161288
,,expert.layer.2.pv,denoise,5,O,self,matmul,1465,750,227,64,70320000,281280000,8,8,0.5289227353526735,10896000.0,matmul_physical_exact_v2,697344000.0,154750249.4630303
,,expert.layer.2.pv,denoise,6,A,self,matmul,1465,750,227,64,249416250,997665000,8,8,0.7559906792360161,10896000.0,matmul_physical_exact_v2,697344000.0,41520244.33665661
,,expert.layer.2.pv,denoise,6,B,self,matmul,1465,750,227,64,319252800,1277011200,8,8,0.534819348491227,10896000.0,matmul_physical_exact_v2,697344000.0,150900387.0663313
,,expert.layer.2.pv,denoise,6,O,self,matmul,1465,750,227,64,70320000,281280000,8,8,0.528806978811149,10896000.0,matmul_physical_exact_v2,697344000.0,154826311.5272493
,,expert.layer.2.pv,denoise,7,A,self,matmul,1465,750,227,64,249416250,997665000,8,8,0.7559086777625756,10896000.0,matmul_physical_exact_v2,697344000.0,41548155.510670565
,,expert.layer.2.pv,denoise,7,B,self,matmul,1465,750,227,64,319252800,1277011200,8,8,0.5347777341342034,10896000.0,matmul_physical_exact_v2,697344000.0,150927386.91443238
,,expert.layer.2.pv,denoise,7,O,self,matmul,1465,750,227,64,70320000,281280000,8,8,0.5286761163253697,10896000.0,matmul_physical_exact_v2,697344000.0,154912322.00947192
,,expert.layer.2.pv,denoise,8,A,self,matmul,1465,750,227,64,249416250,997665000,8,8,0.7558467962692887,10896000.0,matmul_physical_exact_v2,697344000.0,41569224.57439407
,,expert.layer.2.pv,denoise,8,B,self,matmul,1465,750,227,64,319252800,1277011200,8,8,0.5348586183112568,10896000.0,matmul_physical_exact_v2,697344000.0,150874910.5943472
,,expert.layer.2.pv,denoise,8,O,self,matmul,1465,750,227,64,70320000,281280000,8,8,0.5286495093856656,10896000.0,matmul_physical_exact_v2,697344000.0,154929812.5686953
,,expert.layer.2.pv,denoise,9,A,self,matmul,1465,750,227,64,249416250,997665000,8,8,0.756379461041532,10896000.0,matmul_physical_exact_v2,697344000.0,41388040.733331695
,,expert.layer.2.pv,denoise,9,B,self,matmul,1465,750,227,64,319252800,1277011200,8,8,0.5349848450820165,10896000.0,matmul_physical_exact_v2,697344000.0,150793034.9779075
,,expert.layer.2.pv,denoise,9,O,self,matmul,1465,750,227,64,70320000,281280000,8,8,0.5288327538395905,10896000.0,matmul_physical_exact_v2,697344000.0,154809373.4859115
,,expert.layer.3.qk,denoise,0,A,cross,matmul,1465,750,64,177,70320000,281280000,8,8,0.5365263687428896,8496000.0,matmul_physical_exact_v2,543744000.0,116800456.13907577
,,expert.layer.3.qk,denoise,0,B,cross,matmul,1465,750,64,177,248932800,995731200,8,8,0.5343162311274368,8496000.0,matmul_physical_exact_v2,543744000.0,117917070.17831369
,,expert.layer.3.qk,denoise,0,O,cross,matmul,1465,750,64,177,194478750,777915000,8,8,0.46204278230912116,8496000.0,matmul_physical_exact_v2,543744000.0,157358408.74792233
,,expert.layer.3.qk,denoise,1,A,cross,matmul,1465,750,64,177,70320000,281280000,8,8,0.5365484783845279,8496000.0,matmul_physical_exact_v2,543744000.0,116789312.65880759
,,expert.layer.3.qk,denoise,1,B,cross,matmul,1465,750,64,177,248932800,995731200,8,8,0.5343169451755655,8496000.0,matmul_physical_exact_v2,543744000.0,117916708.56640284
,,expert.layer.3.qk,denoise,1,O,cross,matmul,1465,750,64,177,194478750,777915000,8,8,0.4620202824216013,8496000.0,matmul_physical_exact_v2,543744000.0,157371571.9528085
,,expert.layer.3.qk,denoise,2,A,cross,matmul,1465,750,64,177,70320000,281280000,8,8,0.5366592647895335,8496000.0,matmul_physical_exact_v2,543744000.0,116733483.20947656
,,expert.layer.3.qk,denoise,2,B,cross,matmul,1465,750,64,177,248932800,995731200,8,8,0.5343064875339851,8496000.0,matmul_physical_exact_v2,543744000.0,117922004.63422273
,,expert.layer.3.qk,denoise,2,O,cross,matmul,1465,750,64,177,194478750,777915000,8,8,0.4621354916668273,8496000.0,matmul_physical_exact_v2,543744000.0,157304176.40581307
,,expert.layer.3.qk,denoise,3,A,cross,matmul,1465,750,64,177,70320000,281280000,8,8,0.5369201791808874,8496000.0,matmul_physical_exact_v2,543744000.0,116602051.33708945
,,expert.layer.3.qk,denoise,3,B,cross,matmul,1465,750,64,177,248932800,995731200,8,8,0.5343140136615183,8496000.0,matmul_physical_exact_v2,543744000.0,117918193.16229698
,,expert.layer.3.qk,denoise,3,O,cross,matmul,1465,750,64,177,194478750,777915000,8,8,0.46208554147946757,8496000.0,matmul_physical_exact_v2,543744000.0,157333394.6859186
,,expert.layer.3.qk,denoise,4,A,cross,matmul,1465,750,64,177,70320000,281280000,8,8,0.5370685757963595,8496000.0,matmul_physical_exact_v2,543744000.0,116527331.70337488
,,expert.layer.3.qk,denoise,4,B,cross,matmul,1465,750,64,177,248932800,995731200,8,8,0.534306107913461,8496000.0,matmul_physical_exact_v2,543744000.0,117922196.88784127
,,expert.layer.3.qk,denoise,4,O,cross,matmul,1465,750,64,177,194478750,777915000,8,8,0.4620262419416003,8496000.0,matmul_physical_exact_v2,543744000.0,157368085.37587973
,,expert.layer.3.qk,denoise,5,A,cross,matmul,1465,750,64,177,70320000,281280000,8,8,0.5371494062855517,8496000.0,matmul_physical_exact_v2,543744000.0,116486642.57133052
,,expert.layer.3.qk,denoise,5,B,cross,matmul,1465,750,64,177,248932800,995731200,8,8,0.5343018145861052,8496000.0,matmul_physical_exact_v2,543744000.0,117924371.19562632
,,expert.layer.3.qk,denoise,5,O,cross,matmul,1465,750,64,177,194478750,777915000,8,8,0.461815415565968,8496000.0,matmul_physical_exact_v2,543744000.0,157491451.40819076
,,expert.layer.3.qk,denoise,6,A,cross,matmul,1465,750,64,177,70320000,281280000,8,8,0.5368779152445962,8496000.0,matmul_physical_exact_v2,543744000.0,116623336.16243678
,,expert.layer.3.qk,denoise,6,B,cross,matmul,1465,750,64,177,248932800,995731200,8,8,0.5343163245261372,8496000.0,matmul_physical_exact_v2,543744000.0,117917022.87883388
,,expert.layer.3.qk,denoise,6,O,cross,matmul,1465,750,64,177,194478750,777915000,8,8,0.4617336302809433,8496000.0,matmul_physical_exact_v2,543744000.0,157539321.4598683
,,expert.layer.3.qk,denoise,7,A,cross,matmul,1465,750,64,177,70320000,281280000,8,8,0.536414896188851,8496000.0,matmul_physical_exact_v2,543744000.0,116856647.51671328
,,expert.layer.3.qk,denoise,7,B,cross,matmul,1465,750,64,177,248932800,995731200,8,8,0.5343200695127359,8496000.0,matmul_physical_exact_v2,543744000.0,117915126.33009037
,,expert.layer.3.qk,denoise,7,O,cross,matmul,1465,750,64,177,194478750,777915000,8,8,0.4622217260240515,8496000.0,matmul_physical_exact_v2,543744000.0,157253740.14571744
,,expert.layer.3.qk,denoise,8,A,cross,matmul,1465,750,64,177,70320000,281280000,8,8,0.5356256470420933,8496000.0,matmul_physical_exact_v2,543744000.0,117254880.84252118
,,expert.layer.3.qk,denoise,8,B,cross,matmul,1465,750,64,177,248932800,995731200,8,8,0.5343419669886813,8496000.0,matmul_physical_exact_v2,543744000.0,117904037.24178664
,,expert.layer.3.qk,denoise,8,O,cross,matmul,1465,750,64,177,194478750,777915000,8,8,0.4631782919727734,8496000.0,matmul_physical_exact_v2,543744000.0,156694811.68601272
,,expert.layer.3.qk,denoise,9,A,cross,matmul,1465,750,64,177,70320000,281280000,8,8,0.5347512407565416,8496000.0,matmul_physical_exact_v2,543744000.0,117696873.09935993
,,expert.layer.3.qk,denoise,9,B,cross,matmul,1465,750,64,177,248932800,995731200,8,8,0.5343539611895258,8496000.0,matmul_physical_exact_v2,543744000.0,117897963.48641205
,,expert.layer.3.qk,denoise,9,O,cross,matmul,1465,750,64,177,194478750,777915000,8,8,0.46599632479126896,8496000.0,matmul_physical_exact_v2,543744000.0,155053998.33338404
,,expert.layer.3.pv,denoise,0,A,cross,matmul,1465,750,177,64,194478750,777915000,8,8,0.7638326205305207,8496000.0,matmul_physical_exact_v2,543744000.0,30327338.524293557
,,expert.layer.3.pv,denoise,0,B,cross,matmul,1465,750,177,64,248932800,995731200,8,8,0.5297990903569156,8496000.0,matmul_physical_exact_v2,543744000.0,120215760.35624622
,,expert.layer.3.pv,denoise,0,O,cross,matmul,1465,750,177,64,70320000,281280000,8,8,0.5272166879977247,8496000.0,matmul_physical_exact_v2,543744000.0,121539866.53927778
,,expert.layer.3.pv,denoise,1,A,cross,matmul,1465,750,177,64,194478750,777915000,8,8,0.7651521387298098,8496000.0,matmul_physical_exact_v2,543744000.0,29989394.460497826
,,expert.layer.3.pv,denoise,1,B,cross,matmul,1465,750,177,64,248932800,995731200,8,8,0.5297983130386996,8496000.0,matmul_physical_exact_v2,543744000.0,120216157.82879764
,,expert.layer.3.pv,denoise,1,O,cross,matmul,1465,750,177,64,70320000,281280000,8,8,0.5271625497724687,8496000.0,matmul_physical_exact_v2,543744000.0,121567703.09458375
,,expert.layer.3.pv,denoise,2,A,cross,matmul,1465,750,177,64,194478750,777915000,8,8,0.7645014995211559,8496000.0,matmul_physical_exact_v2,543744000.0,30155794.144720264
,,expert.layer.3.pv,denoise,2,B,cross,matmul,1465,750,177,64,248932800,995731200,8,8,0.5297995362603883,8496000.0,matmul_physical_exact_v2,543744000.0,120215532.3490327
,,expert.layer.3.pv,denoise,2,O,cross,matmul,1465,750,177,64,70320000,281280000,8,8,0.5270654116894198,8496000.0,matmul_physical_exact_v2,543744000.0,121617657.11839686
,,expert.layer.3.pv,denoise,3,A,cross,matmul,1465,750,177,64,194478750,777915000,8,8,0.7626789687819363,8496000.0,matmul_physical_exact_v2,543744000.0,30624353.645376656
,,expert.layer.3.pv,denoise,3,B,cross,matmul,1465,750,177,64,248932800,995731200,8,8,0.5297998044050443,8496000.0,matmul_physical_exact_v2,543744000.0,120215395.23669083
,,expert.layer.3.pv,denoise,3,O,cross,matmul,1465,750,177,64,70320000,281280000,8,8,0.5270282778725824,8496000.0,matmul_physical_exact_v2,543744000.0,121636756.1871206
,,expert.layer.3.pv,denoise,4,A,cross,matmul,1465,750,177,64,194478750,777915000,8,8,0.7596425676327105,8496000.0,matmul_physical_exact_v2,543744000.0,31413012.68604738
,,expert.layer.3.pv,denoise,4,B,cross,matmul,1465,750,177,64,248932800,995731200,8,8,0.5298001267812036,8496000.0,matmul_physical_exact_v2,543744000.0,120215230.3938665
,,expert.layer.3.pv,denoise,4,O,cross,matmul,1465,750,177,64,70320000,281280000,8,8,0.5270412009385665,8496000.0,matmul_physical_exact_v2,543744000.0,121630109.2850845
,,expert.layer.3.pv,denoise,5,A,cross,matmul,1465,750,177,64,194478750,777915000,8,8,0.755767065810532,8496000.0,matmul_physical_exact_v2,543744000.0,32434180.69178902
,,expert.layer.3.pv,denoise,5,B,cross,matmul,1465,750,177,64,248932800,995731200,8,8,0.5298000876140067,8496000.0,matmul_physical_exact_v2,543744000.0,120215250.42149334
,,expert.layer.3.pv,denoise,5,O,cross,matmul,1465,750,177,64,70320000,281280000,8,8,0.5270254443970421,8496000.0,matmul_physical_exact_v2,543744000.0,121638213.59266818
,,expert.layer.3.pv,denoise,6,A,cross,matmul,1465,750,177,64,194478750,777915000,8,8,0.7508199829030164,8496000.0,matmul_physical_exact_v2,543744000.0,33761435.20641081
,,expert.layer.3.pv,denoise,6,B,cross,matmul,1465,750,177,64,248932800,995731200,8,8,0.5298008107007193,8496000.0,matmul_physical_exact_v2,543744000.0,120214880.68095912
,,expert.layer.3.pv,denoise,6,O,cross,matmul,1465,750,177,64,70320000,281280000,8,8,0.5270575405290102,8496000.0,matmul_physical_exact_v2,543744000.0,121621705.3740226
,,expert.layer.3.pv,denoise,7,A,cross,matmul,1465,750,177,64,194478750,777915000,8,8,0.7449945649588965,8496000.0,matmul_physical_exact_v2,543744000.0,35358460.80426681
,,expert.layer.3.pv,denoise,7,B,cross,matmul,1465,750,177,64,248932800,995731200,8,8,0.5298016301989935,8496000.0,matmul_physical_exact_v2,543744000.0,120214461.64237443
,,expert.layer.3.pv,denoise,7,O,cross,matmul,1465,750,177,64,70320000,281280000,8,8,0.5270825654152446,8496000.0,matmul_physical_exact_v2,543744000.0,121608834.93383601
,,expert.layer.3.pv,denoise,8,A,cross,matmul,1465,750,177,64,194478750,777915000,8,8,0.7385282890804266,8496000.0,matmul_physical_exact_v2,543744000.0,37174393.78386121
,,expert.layer.3.pv,denoise,8,B,cross,matmul,1465,750,177,64,248932800,995731200,8,8,0.5298010698067912,8496000.0,matmul_physical_exact_v2,543744000.0,120214748.19073945
,,expert.layer.3.pv,denoise,8,O,cross,matmul,1465,750,177,64,70320000,281280000,8,8,0.5270973478384527,8496000.0,matmul_physical_exact_v2,543744000.0,121601232.57013951
,,expert.layer.3.pv,denoise,9,A,cross,matmul,1465,750,177,64,194478750,777915000,8,8,0.731871654358124,8496000.0,matmul_physical_exact_v2,543744000.0,39091283.93744466
,,expert.layer.3.pv,denoise,9,B,cross,matmul,1465,750,177,64,248932800,995731200,8,8,0.5298013138485567,8496000.0,matmul_physical_exact_v2,543744000.0,120214623.40350628
,,expert.layer.3.pv,denoise,9,O,cross,matmul,1465,750,177,64,70320000,281280000,8,8,0.5272536013936291,8496000.0,matmul_physical_exact_v2,543744000.0,121520888.3987466
,,expert.layer.4.qk,denoise,0,A,self,matmul,1465,750,64,227,70320000,281280000,8,8,0.5350442619453925,10896000.0,matmul_physical_exact_v2,697344000.0,150754502.57027605
,,expert.layer.4.qk,denoise,0,B,self,matmul,1465,750,64,227,319252800,1277011200,8,8,0.5394897625016914,10896000.0,matmul_physical_exact_v2,697344000.0,147885518.12152296
,,expert.layer.4.qk,denoise,0,O,self,matmul,1465,750,64,227,249416250,997665000,8,8,0.45594063839064214,10896000.0,matmul_physical_exact_v2,697344000.0,206414234.70408353
,,expert.layer.4.qk,denoise,1,A,self,matmul,1465,750,64,227,70320000,281280000,8,8,0.5351049914675768,10896000.0,matmul_physical_exact_v2,697344000.0,150715123.97889984
,,expert.layer.4.qk,denoise,1,B,self,matmul,1465,750,64,227,319252800,1277011200,8,8,0.5396122257972366,10896000.0,matmul_physical_exact_v2,697344000.0,147806874.3113627
,,expert.layer.4.qk,denoise,1,O,self,matmul,1465,750,64,227,249416250,997665000,8,8,0.4538454050207234,10896000.0,matmul_physical_exact_v2,697344000.0,208007144.59254962
,,expert.layer.4.qk,denoise,2,A,self,matmul,1465,750,64,227,70320000,281280000,8,8,0.5351632430318544,10896000.0,matmul_physical_exact_v2,697344000.0,150677356.9926343
,,expert.layer.4.qk,denoise,2,B,self,matmul,1465,750,64,227,319252800,1277011200,8,8,0.5397808186803686,10896000.0,matmul_physical_exact_v2,697344000.0,147698641.0966246
,,expert.layer.4.qk,denoise,2,O,self,matmul,1465,750,64,227,249416250,997665000,8,8,0.4521927029614149,10896000.0,matmul_physical_exact_v2,697344000.0,209267937.71317118
,,expert.layer.4.qk,denoise,3,A,self,matmul,1465,750,64,227,70320000,281280000,8,8,0.5353036049488055,10896000.0,matmul_physical_exact_v2,697344000.0,150586373.78519568
,,expert.layer.4.qk,denoise,3,B,self,matmul,1465,750,64,227,319252800,1277011200,8,8,0.5400260600690111,10896000.0,matmul_physical_exact_v2,697344000.0,147541271.86744195
,,expert.layer.4.qk,denoise,3,O,self,matmul,1465,750,64,227,249416250,997665000,8,8,0.45064850425744113,10896000.0,matmul_physical_exact_v2,697344000.0,210449399.66524783
,,expert.layer.4.qk,denoise,4,A,self,matmul,1465,750,64,227,70320000,281280000,8,8,0.5354637443117178,10896000.0,matmul_physical_exact_v2,697344000.0,150482604.3085757
,,expert.layer.4.qk,denoise,4,B,self,matmul,1465,750,64,227,319252800,1277011200,8,8,0.5401651089669378,10896000.0,matmul_physical_exact_v2,697344000.0,147452082.68262947
,,expert.layer.4.qk,denoise,4,O,self,matmul,1465,750,64,227,249416250,997665000,8,8,0.44956304070003456,10896000.0,matmul_physical_exact_v2,697344000.0,211281875.18696427
,,expert.layer.4.qk,denoise,5,A,self,matmul,1465,750,64,227,70320000,281280000,8,8,0.5356675199089875,10896000.0,matmul_physical_exact_v2,697344000.0,150350610.49133813
,,expert.layer.4.qk,denoise,5,B,self,matmul,1465,750,64,227,319252800,1277011200,8,8,0.5402942628850866,10896000.0,matmul_physical_exact_v2,697344000.0,147369264.52271628
,,expert.layer.4.qk,denoise,5,O,self,matmul,1465,750,64,227,249416250,997665000,8,8,0.44814963239163447,10896000.0,matmul_physical_exact_v2,697344000.0,212368324.63286415
,,expert.layer.4.qk,denoise,6,A,self,matmul,1465,750,64,227,70320000,281280000,8,8,0.5357980162116041,10896000.0,matmul_physical_exact_v2,697344000.0,150266113.09962136
,,expert.layer.4.qk,denoise,6,B,self,matmul,1465,750,64,227,319252800,1277011200,8,8,0.5405816284148487,10896000.0,matmul_physical_exact_v2,697344000.0,147185078.82712826
,,expert.layer.4.qk,denoise,6,O,self,matmul,1465,750,64,227,249416250,997665000,8,8,0.44671965740002906,10896000.0,matmul_physical_exact_v2,697344000.0,213470343.8260588
,,expert.layer.4.qk,denoise,7,A,self,matmul,1465,750,64,227,70320000,281280000,8,8,0.5360152268202503,10896000.0,matmul_physical_exact_v2,697344000.0,150125520.17382815
,,expert.layer.4.qk,denoise,7,B,self,matmul,1465,750,64,227,319252800,1277011200,8,8,0.5411373377148141,10896000.0,matmul_physical_exact_v2,697344000.0,146829226.05943242
,,expert.layer.4.qk,denoise,7,O,self,matmul,1465,750,64,227,249416250,997665000,8,8,0.44522327534793743,10896000.0,matmul_physical_exact_v2,697344000.0,214626593.67001244
,,expert.layer.4.qk,denoise,8,A,self,matmul,1465,750,64,227,70320000,281280000,8,8,0.536517651450512,10896000.0,matmul_physical_exact_v2,697344000.0,149800570.19488496
,,expert.layer.4.qk,denoise,8,B,self,matmul,1465,750,64,227,319252800,1277011200,8,8,0.5415063744155102,10896000.0,matmul_physical_exact_v2,697344000.0,146593148.52023974
,,expert.layer.4.qk,denoise,8,O,self,matmul,1465,750,64,227,249416250,997665000,8,8,0.4435878877178211,10896000.0,matmul_physical_exact_v2,697344000.0,215893824.25684914
,,expert.layer.4.qk,denoise,9,A,self,matmul,1465,750,64,227,70320000,281280000,8,8,0.5368242996302617,10896000.0,matmul_physical_exact_v2,697344000.0,149602414.3157774
,,expert.layer.4.qk,denoise,9,B,self,matmul,1465,750,64,227,319252800,1277011200,8,8,0.5413840802649186,10896000.0,matmul_physical_exact_v2,697344000.0,146671360.62388596
,,expert.layer.4.qk,denoise,9,O,self,matmul,1465,750,64,227,249416250,997665000,8,8,0.44161935318969797,10896000.0,matmul_physical_exact_v2,697344000.0,217424151.27008295
,,expert.layer.4.pv,denoise,0,A,self,matmul,1465,750,227,64,249416250,997665000,8,8,0.7558859958001934,10896000.0,matmul_physical_exact_v2,697344000.0,41555877.51796882
,,expert.layer.4.pv,denoise,0,B,self,matmul,1465,750,227,64,319252800,1277011200,8,8,0.5337959510456917,10896000.0,matmul_physical_exact_v2,697344000.0,151565079.13523954
,,expert.layer.4.pv,denoise,0,O,self,matmul,1465,750,227,64,70320000,281280000,8,8,0.5289705346985211,10896000.0,matmul_physical_exact_v2,697344000.0,154718846.6084621
,,expert.layer.4.pv,denoise,1,A,self,matmul,1465,750,227,64,249416250,997665000,8,8,0.7557049721098765,10896000.0,matmul_physical_exact_v2,697344000.0,41617532.21519407
,,expert.layer.4.pv,denoise,1,B,self,matmul,1465,750,227,64,319252800,1277011200,8,8,0.5339008679015501,10896000.0,matmul_physical_exact_v2,697344000.0,151496868.90714535
,,expert.layer.4.pv,denoise,1,O,self,matmul,1465,750,227,64,70320000,281280000,8,8,0.528587404010239,10896000.0,matmul_physical_exact_v2,697344000.0,154970642.51695684
,,expert.layer.4.pv,denoise,2,A,self,matmul,1465,750,227,64,249416250,997665000,8,8,0.7555990638140057,10896000.0,matmul_physical_exact_v2,697344000.0,41653624.61844492
,,expert.layer.4.pv,denoise,2,B,self,matmul,1465,750,227,64,319252800,1277011200,8,8,0.5339311636421044,10896000.0,matmul_physical_exact_v2,697344000.0,151477175.41124707
,,expert.layer.4.pv,denoise,2,O,self,matmul,1465,750,227,64,70320000,281280000,8,8,0.5283201898464164,10896000.0,matmul_physical_exact_v2,697344000.0,155146378.53874236
,,expert.layer.4.pv,denoise,3,A,self,matmul,1465,750,227,64,249416250,997665000,8,8,0.7556813168749029,10896000.0,matmul_physical_exact_v2,697344000.0,41625592.30692503
,,expert.layer.4.pv,denoise,3,B,self,matmul,1465,750,227,64,319252800,1277011200,8,8,0.5339238058366286,10896000.0,matmul_physical_exact_v2,697344000.0,151481958.17422688
,,expert.layer.4.pv,denoise,3,O,self,matmul,1465,750,227,64,70320000,281280000,8,8,0.5278910693970421,10896000.0,matmul_physical_exact_v2,697344000.0,155428802.19525287
,,expert.layer.4.pv,denoise,4,A,self,matmul,1465,750,227,64,249416250,997665000,8,8,0.7557899866187547,10896000.0,matmul_physical_exact_v2,697344000.0,41588571.50759926
,,expert.layer.4.pv,denoise,4,B,self,matmul,1465,750,227,64,319252800,1277011200,8,8,0.5339420100622454,10896000.0,matmul_physical_exact_v2,697344000.0,151470125.09661445
,,expert.layer.4.pv,denoise,4,O,self,matmul,1465,750,227,64,70320000,281280000,8,8,0.5277220918657566,10896000.0,matmul_physical_exact_v2,697344000.0,155540084.45996884
,,expert.layer.4.pv,denoise,5,A,self,matmul,1465,750,227,64,249416250,997665000,8,8,0.7558410538607648,10896000.0,matmul_physical_exact_v2,697344000.0,41571179.98823295
,,expert.layer.4.pv,denoise,5,B,self,matmul,1465,750,227,64,319252800,1277011200,8,8,0.5338968882966727,10896000.0,matmul_physical_exact_v2,697344000.0,151499455.9115429
,,expert.layer.4.pv,denoise,5,O,self,matmul,1465,750,227,64,70320000,281280000,8,8,0.5272292982081911,10896000.0,matmul_physical_exact_v2,697344000.0,155864847.2964321
,,expert.layer.4.pv,denoise,6,A,self,matmul,1465,750,227,64,249416250,997665000,8,8,0.7558400685600878,10896000.0,matmul_physical_exact_v2,697344000.0,41571515.508967154
,,expert.layer.4.pv,denoise,6,B,self,matmul,1465,750,227,64,319252800,1277011200,8,8,0.5339343820946911,10896000.0,matmul_physical_exact_v2,697344000.0,151475083.35794634
,,expert.layer.4.pv,denoise,6,O,self,matmul,1465,750,227,64,70320000,281280000,8,8,0.527193085182025,10896000.0,matmul_physical_exact_v2,697344000.0,155888725.90795794
,,expert.layer.4.pv,denoise,7,A,self,matmul,1465,750,227,64,249416250,997665000,8,8,0.7556980098530067,10896000.0,matmul_physical_exact_v2,697344000.0,41619904.396739855
,,expert.layer.4.pv,denoise,7,B,self,matmul,1465,750,227,64,319252800,1277011200,8,8,0.5339081693253748,10896000.0,matmul_physical_exact_v2,697344000.0,151492122.55982143
,,expert.layer.4.pv,denoise,7,O,self,matmul,1465,750,227,64,70320000,281280000,8,8,0.5269628839590443,10896000.0,matmul_physical_exact_v2,697344000.0,156040561.72210857
,,expert.layer.4.pv,denoise,8,A,self,matmul,1465,750,227,64,249416250,997665000,8,8,0.7553104839800935,10896000.0,matmul_physical_exact_v2,697344000.0,41752048.895271115
,,expert.layer.4.pv,denoise,8,B,self,matmul,1465,750,227,64,319252800,1277011200,8,8,0.5340149021402475,10896000.0,matmul_physical_exact_v2,697344000.0,151422748.5512031
,,expert.layer.4.pv,denoise,8,O,self,matmul,1465,750,227,64,70320000,281280000,8,8,0.5270821885665529,10896000.0,matmul_physical_exact_v2,697344000.0,155961861.72277963
,,expert.layer.4.pv,denoise,9,A,self,matmul,1465,750,227,64,249416250,997665000,8,8,0.7554919156229797,10896000.0,matmul_physical_exact_v2,697344000.0,41690155.48397095
,,expert.layer.4.pv,denoise,9,B,self,matmul,1465,750,227,64,319252800,1277011200,8,8,0.5343525671505466,10896000.0,matmul_physical_exact_v2,697344000.0,151203378.27925393
,,expert.layer.4.pv,denoise,9,O,self,matmul,1465,750,227,64,70320000,281280000,8,8,0.5280676230091013,10896000.0,matmul_physical_exact_v2,697344000.0,155312573.14918658
,,expert.layer.5.qk,denoise,0,A,cross,matmul,1465,750,64,177,70320000,281280000,8,8,0.5343169155290103,8496000.0,matmul_physical_exact_v2,543744000.0,117916723.58015215
,,expert.layer.5.qk,denoise,0,B,cross,matmul,1465,750,64,177,248932800,995731200,8,8,0.5321859092092324,8496000.0,matmul_physical_exact_v2,543744000.0,118998387.20103471
,,expert.layer.5.qk,denoise,0,O,cross,matmul,1465,750,64,177,194478750,777915000,8,8,0.46887255677034123,8496000.0,matmul_physical_exact_v2,543744000.0,153388203.68930724
,,expert.layer.5.qk,denoise,1,A,cross,matmul,1465,750,64,177,70320000,281280000,8,8,0.534244457480091,8496000.0,matmul_physical_exact_v2,543744000.0,117953420.98538071
,,expert.layer.5.qk,denoise,1,B,cross,matmul,1465,750,64,177,248932800,995731200,8,8,0.5321855808073505,8496000.0,matmul_physical_exact_v2,543744000.0,118998554.27299252
,,expert.layer.5.qk,denoise,1,O,cross,matmul,1465,750,64,177,194478750,777915000,8,8,0.46747170320664855,8496000.0,matmul_physical_exact_v2,543744000.0,154198396.35073882
,,expert.layer.5.qk,denoise,2,A,cross,matmul,1465,750,64,177,70320000,281280000,8,8,0.5342188850967008,8496000.0,matmul_physical_exact_v2,543744000.0,117966373.84427272
,,expert.layer.5.qk,denoise,2,B,cross,matmul,1465,750,64,177,248932800,995731200,8,8,0.5321720379957965,8496000.0,matmul_physical_exact_v2,543744000.0,119005444.17743507
,,expert.layer.5.qk,denoise,2,O,cross,matmul,1465,750,64,177,194478750,777915000,8,8,0.46618737008542066,8496000.0,matmul_physical_exact_v2,543744000.0,154943073.86133066
,,expert.layer.5.qk,denoise,3,A,cross,matmul,1465,750,64,177,70320000,281280000,8,8,0.5340936611205915,8496000.0,matmul_physical_exact_v2,543744000.0,118029812.24330807
,,expert.layer.5.qk,denoise,3,B,cross,matmul,1465,750,64,177,248932800,995731200,8,8,0.5321654187395153,8496000.0,matmul_physical_exact_v2,543744000.0,119008811.79617782
,,expert.layer.5.qk,denoise,3,O,cross,matmul,1465,750,64,177,194478750,777915000,8,8,0.4650664969823181,8496000.0,matmul_physical_exact_v2,543744000.0,155594440.45573932
,,expert.layer.5.qk,denoise,4,A,cross,matmul,1465,750,64,177,70320000,281280000,8,8,0.5340724331626848,8496000.0,matmul_physical_exact_v2,543744000.0,118040568.00581384
,,expert.layer.5.qk,denoise,4,B,cross,matmul,1465,750,64,177,248932800,995731200,8,8,0.5321387097240701,8496000.0,matmul_physical_exact_v2,543744000.0,119022400.78277364
,,expert.layer.5.qk,denoise,4,O,cross,matmul,1465,750,64,177,194478750,777915000,8,8,0.4639409729854804,8496000.0,matmul_physical_exact_v2,543744000.0,156249884.58560827
,,expert.layer.5.qk,denoise,5,A,cross,matmul,1465,750,64,177,70320000,281280000,8,8,0.5340514469567691,8496000.0,matmul_physical_exact_v2,543744000.0,118051201.75935055
,,expert.layer.5.qk,denoise,5,B,cross,matmul,1465,750,64,177,248932800,995731200,8,8,0.5321103135062957,8496000.0,matmul_physical_exact_v2,543744000.0,119036849.0333501
,,expert.layer.5.qk,denoise,5,O,cross,matmul,1465,750,64,177,194478750,777915000,8,8,0.46294097041450544,8496000.0,matmul_physical_exact_v2,543744000.0,156833387.59034395
,,expert.layer.5.qk,denoise,6,A,cross,matmul,1465,750,64,177,70320000,281280000,8,8,0.5340224616040956,8496000.0,matmul_physical_exact_v2,543744000.0,118065889.48452145
,,expert.layer.5.qk,denoise,6,B,cross,matmul,1465,750,64,177,248932800,995731200,8,8,0.53209408322246,8496000.0,matmul_physical_exact_v2,543744000.0,119045107.54133344
,,expert.layer.5.qk,denoise,6,O,cross,matmul,1465,750,64,177,194478750,777915000,8,8,0.46181807009763276,8496000.0,matmul_physical_exact_v2,543744000.0,157489897.7961931
,,expert.layer.5.qk,denoise,7,A,cross,matmul,1465,750,64,177,70320000,281280000,8,8,0.5340001777588168,8496000.0,matmul_physical_exact_v2,543744000.0,118077181.98128681
,,expert.layer.5.qk,denoise,7,B,cross,matmul,1465,750,64,177,248932800,995731200,8,8,0.5320595287161837,8496000.0,matmul_physical_exact_v2,543744000.0,119062690.97705983
,,expert.layer.5.qk,denoise,7,O,cross,matmul,1465,750,64,177,194478750,777915000,8,8,0.4605475251152118,8496000.0,matmul_physical_exact_v2,543744000.0,158234382.82967094
,,expert.layer.5.qk,denoise,8,A,cross,matmul,1465,750,64,177,70320000,281280000,8,8,0.5339426692263937,8496000.0,matmul_physical_exact_v2,543744000.0,118106327.33338802
,,expert.layer.5.qk,denoise,8,B,cross,matmul,1465,750,64,177,248932800,995731200,8,8,0.5320274086018395,8496000.0,matmul_physical_exact_v2,543744000.0,119079036.81049809
,,expert.layer.5.qk,denoise,8,O,cross,matmul,1465,750,64,177,194478750,777915000,8,8,0.45889357706176126,8496000.0,matmul_physical_exact_v2,543744000.0,159206155.73688683
,,expert.layer.5.qk,denoise,9,A,cross,matmul,1465,750,64,177,70320000,281280000,8,8,0.533995143629124,8496000.0,matmul_physical_exact_v2,543744000.0,118079733.13701768
,,expert.layer.5.qk,denoise,9,B,cross,matmul,1465,750,64,177,248932800,995731200,8,8,0.5320163875551956,8496000.0,matmul_physical_exact_v2,543744000.0,119084645.6478392
,,expert.layer.5.qk,denoise,9,O,cross,matmul,1465,750,64,177,194478750,777915000,8,8,0.4557271707063111,8496000.0,matmul_physical_exact_v2,543744000.0,161074868.88714916
,,expert.layer.5.pv,denoise,0,A,cross,matmul,1465,750,177,64,194478750,777915000,8,8,0.7450734720374333,8496000.0,matmul_physical_exact_v2,543744000.0,35336582.04565009
,,expert.layer.5.pv,denoise,0,B,cross,matmul,1465,750,177,64,248932800,995731200,8,8,0.5307888243333141,8496000.0,matmul_physical_exact_v2,543744000.0,119710204.55295253
,,expert.layer.5.pv,denoise,0,O,cross,matmul,1465,750,177,64,70320000,281280000,8,8,0.5299254977246871,8496000.0,matmul_physical_exact_v2,543744000.0,120151132.17337595
,,expert.layer.5.pv,denoise,1,A,cross,matmul,1465,750,177,64,194478750,777915000,8,8,0.7465909925891646,8496000.0,matmul_physical_exact_v2,543744000.0,34917132.69208853
,,expert.layer.5.pv,denoise,1,B,cross,matmul,1465,750,177,64,248932800,995731200,8,8,0.5307878180376391,8496000.0,matmul_physical_exact_v2,543744000.0,119710718.02746688
,,expert.layer.5.pv,denoise,1,O,cross,matmul,1465,750,177,64,70320000,281280000,8,8,0.5299526948236633,8496000.0,matmul_physical_exact_v2,543744000.0,120137229.40823321
,,expert.layer.5.pv,denoise,2,A,cross,matmul,1465,750,177,64,194478750,777915000,8,8,0.7464292101322124,8496000.0,matmul_physical_exact_v2,543744000.0,34961730.81270909
,,expert.layer.5.pv,denoise,2,B,cross,matmul,1465,750,177,64,248932800,995731200,8,8,0.5307884085584543,8496000.0,matmul_physical_exact_v2,543744000.0,119710416.70695971
,,expert.layer.5.pv,denoise,2,O,cross,matmul,1465,750,177,64,70320000,281280000,8,8,0.5298928469852104,8496000.0,matmul_physical_exact_v2,543744000.0,120167823.8234841
,,expert.layer.5.pv,denoise,3,A,cross,matmul,1465,750,177,64,194478750,777915000,8,8,0.7461773767056812,8496000.0,matmul_physical_exact_v2,543744000.0,35031209.671660684
,,expert.layer.5.pv,denoise,3,B,cross,matmul,1465,750,177,64,248932800,995731200,8,8,0.5307877457289678,8496000.0,matmul_physical_exact_v2,543744000.0,119710754.92388158
,,expert.layer.5.pv,denoise,3,O,cross,matmul,1465,750,177,64,70320000,281280000,8,8,0.5299435864618885,8496000.0,matmul_physical_exact_v2,543744000.0,120141885.38195322
,,expert.layer.5.pv,denoise,4,A,cross,matmul,1465,750,177,64,194478750,777915000,8,8,0.7452732509335853,8496000.0,matmul_physical_exact_v2,543744000.0,35281219.13585701
,,expert.layer.5.pv,denoise,4,B,cross,matmul,1465,750,177,64,248932800,995731200,8,8,0.5307871521952913,8496000.0,matmul_physical_exact_v2,543744000.0,119711057.78216706
,,expert.layer.5.pv,denoise,4,O,cross,matmul,1465,750,177,64,70320000,281280000,8,8,0.5299315059726962,8496000.0,matmul_physical_exact_v2,543744000.0,120148060.7743372
,,expert.layer.5.pv,denoise,5,A,cross,matmul,1465,750,177,64,194478750,777915000,8,8,0.7439515833992145,8496000.0,matmul_physical_exact_v2,543744000.0,35648287.09154975
,,expert.layer.5.pv,denoise,5,B,cross,matmul,1465,750,177,64,248932800,995731200,8,8,0.5307875107257862,8496000.0,matmul_physical_exact_v2,543744000.0,119710874.83726859
,,expert.layer.5.pv,denoise,5,O,cross,matmul,1465,750,177,64,70320000,281280000,8,8,0.5299703889362912,8496000.0,matmul_physical_exact_v2,543744000.0,120128184.8646947
,,expert.layer.5.pv,denoise,6,A,cross,matmul,1465,750,177,64,194478750,777915000,8,8,0.7419911905542379,8496000.0,matmul_physical_exact_v2,543744000.0,36196247.34116864
,,expert.layer.5.pv,denoise,6,B,cross,matmul,1465,750,177,64,248932800,995731200,8,8,0.530786371864214,8496000.0,matmul_physical_exact_v2,543744000.0,119711455.9568411
,,expert.layer.5.pv,denoise,6,O,cross,matmul,1465,750,177,64,70320000,281280000,8,8,0.5300510487770194,8496000.0,matmul_physical_exact_v2,543744000.0,120086958.99874578
,,expert.layer.5.pv,denoise,7,A,cross,matmul,1465,750,177,64,194478750,777915000,8,8,0.739760170455641,8496000.0,matmul_physical_exact_v2,543744000.0,36824936.73058109
,,expert.layer.5.pv,denoise,7,B,cross,matmul,1465,750,177,64,248932800,995731200,8,8,0.5307882368253601,8496000.0,matmul_physical_exact_v2,543744000.0,119710504.33584358
,,expert.layer.5.pv,denoise,7,O,cross,matmul,1465,750,177,64,70320000,281280000,8,8,0.5301687891069397,8496000.0,matmul_physical_exact_v2,543744000.0,120026793.71082352
,,expert.layer.5.pv,denoise,8,A,cross,matmul,1465,750,177,64,194478750,777915000,8,8,0.7366387368799933,8496000.0,matmul_physical_exact_v2,543744000.0,37713624.32856047
,,expert.layer.5.pv,denoise,8,B,cross,matmul,1465,750,177,64,248932800,995731200,8,8,0.5307874173270859,8496000.0,matmul_physical_exact_v2,543744000.0,119710922.49516983
,,expert.layer.5.pv,denoise,8,O,cross,matmul,1465,750,177,64,70320000,281280000,8,8,0.5302631612627986,8496000.0,matmul_physical_exact_v2,543744000.0,119978580.44014713
,,expert.layer.5.pv,denoise,9,A,cross,matmul,1465,750,177,64,194478750,777915000,8,8,0.7325775515319797,8496000.0,matmul_physical_exact_v2,543744000.0,38885724.893797435
,,expert.layer.5.pv,denoise,9,B,cross,matmul,1465,750,177,64,248932800,995731200,8,8,0.5307902644810165,8496000.0,matmul_physical_exact_v2,543744000.0,119709469.70212029
,,expert.layer.5.pv,denoise,9,O,cross,matmul,1465,750,177,64,70320000,281280000,8,8,0.5304996124857793,8496000.0,matmul_physical_exact_v2,543744000.0,119857823.71139362
,,expert.layer.6.qk,denoise,0,A,self,matmul,1465,750,64,227,70320000,281280000,8,8,0.5394449765358362,10896000.0,matmul_physical_exact_v2,697344000.0,147914284.1175348
,,expert.layer.6.qk,denoise,0,B,self,matmul,1465,750,64,227,319252800,1277011200,8,8,0.5349774097517704,10896000.0,matmul_physical_exact_v2,697344000.0,150797857.20774522
,,expert.layer.6.qk,denoise,0,O,self,matmul,1465,750,64,227,249416250,997665000,8,8,0.4724111219697995,10896000.0,matmul_physical_exact_v2,697344000.0,194105719.29048464
,,expert.layer.6.qk,denoise,1,A,self,matmul,1465,750,64,227,70320000,281280000,8,8,0.5394428647610922,10896000.0,matmul_physical_exact_v2,697344000.0,147915640.57810825
,,expert.layer.6.qk,denoise,1,B,self,matmul,1465,750,64,227,319252800,1277011200,8,8,0.5349492847047856,10896000.0,matmul_physical_exact_v2,697344000.0,150816098.57994562
,,expert.layer.6.qk,denoise,1,O,self,matmul,1465,750,64,227,249416250,997665000,8,8,0.47041746678494284,10896000.0,matmul_physical_exact_v2,697344000.0,195575466.09693792
,,expert.layer.6.qk,denoise,2,A,self,matmul,1465,750,64,227,70320000,281280000,8,8,0.5391977709044369,10896000.0,matmul_physical_exact_v2,697344000.0,148073114.46544233
,,expert.layer.6.qk,denoise,2,B,self,matmul,1465,750,64,227,319252800,1277011200,8,8,0.5348398972538377,10896000.0,matmul_physical_exact_v2,697344000.0,150887055.696102
,,expert.layer.6.qk,denoise,2,O,self,matmul,1465,750,64,227,249416250,997665000,8,8,0.4687246670976731,10896000.0,matmul_physical_exact_v2,697344000.0,196827770.30417997
,,expert.layer.6.qk,denoise,3,A,self,matmul,1465,750,64,227,70320000,281280000,8,8,0.5391186255688282,10896000.0,matmul_physical_exact_v2,697344000.0,148123983.58900988
,,expert.layer.6.qk,denoise,3,B,self,matmul,1465,750,64,227,319252800,1277011200,8,8,0.5346945077693915,10896000.0,matmul_physical_exact_v2,697344000.0,150981392.33185667
,,expert.layer.6.qk,denoise,3,O,self,matmul,1465,750,64,227,249416250,997665000,8,8,0.46703996732370084,10896000.0,matmul_physical_exact_v2,697344000.0,198078050.27230632
,,expert.layer.6.qk,denoise,4,A,self,matmul,1465,750,64,227,70320000,281280000,8,8,0.5388872298065984,10896000.0,matmul_physical_exact_v2,697344000.0,148272758.81976804
,,expert.layer.6.qk,denoise,4,B,self,matmul,1465,750,64,227,319252800,1277011200,8,8,0.5345412412984318,10896000.0,matmul_physical_exact_v2,697344000.0,151080871.90672913
,,expert.layer.6.qk,denoise,4,O,self,matmul,1465,750,64,227,249416250,997665000,8,8,0.4654149178331404,10896000.0,matmul_physical_exact_v2,697344000.0,199287812.1587835
,,expert.layer.6.qk,denoise,5,A,self,matmul,1465,750,64,227,70320000,281280000,8,8,0.538903853811149,10896000.0,matmul_physical_exact_v2,697344000.0,148262067.97473094
,,expert.layer.6.qk,denoise,5,B,self,matmul,1465,750,64,227,319252800,1277011200,8,8,0.5344018823014238,10896000.0,matmul_physical_exact_v2,697344000.0,151171353.094385
,,expert.layer.6.qk,denoise,5,O,self,matmul,1465,750,64,227,249416250,997665000,8,8,0.4636566783439331,10896000.0,matmul_physical_exact_v2,697344000.0,200600875.07407677
,,expert.layer.6.qk,denoise,6,A,self,matmul,1465,750,64,227,70320000,281280000,8,8,0.5389235814846416,10896000.0,matmul_physical_exact_v2,697344000.0,148249381.67004865
,,expert.layer.6.qk,denoise,6,B,self,matmul,1465,750,64,227,319252800,1277011200,8,8,0.534259972034701,10896000.0,matmul_physical_exact_v2,697344000.0,151263518.57157022
,,expert.layer.6.qk,denoise,6,O,self,matmul,1465,750,64,227,249416250,997665000,8,8,0.4621386868337568,10896000.0,matmul_physical_exact_v2,697344000.0,201737987.57255524
,,expert.layer.6.qk,denoise,7,A,self,matmul,1465,750,64,227,70320000,281280000,8,8,0.5391482224118316,10896000.0,matmul_physical_exact_v2,697344000.0,148104959.77175546
,,expert.layer.6.qk,denoise,7,B,self,matmul,1465,750,64,227,319252800,1277011200,8,8,0.5341870682105215,10896000.0,matmul_physical_exact_v2,697344000.0,151310877.83382288
,,expert.layer.6.qk,denoise,7,O,self,matmul,1465,750,64,227,249416250,997665000,8,8,0.4601775345431583,10896000.0,matmul_physical_exact_v2,697344000.0,203211825.51890537
,,expert.layer.6.qk,denoise,8,A,self,matmul,1465,750,64,227,70320000,281280000,8,8,0.5391915244596132,10896000.0,matmul_physical_exact_v2,697344000.0,148077128.92869782
,,expert.layer.6.qk,denoise,8,B,self,matmul,1465,750,64,227,319252800,1277011200,8,8,0.534151423260814,10896000.0,matmul_physical_exact_v2,697344000.0,151334035.94997668
,,expert.layer.6.qk,denoise,8,O,self,matmul,1465,750,64,227,249416250,997665000,8,8,0.4584038189171716,10896000.0,matmul_physical_exact_v2,697344000.0,204549421.3739993
,,expert.layer.6.qk,denoise,9,A,self,matmul,1465,750,64,227,70320000,281280000,8,8,0.5389285018486917,10896000.0,matmul_physical_exact_v2,697344000.0,148246217.60870603
,,expert.layer.6.qk,denoise,9,B,self,matmul,1465,750,64,227,319252800,1277011200,8,8,0.5341114181300838,10896000.0,matmul_physical_exact_v2,697344000.0,151360028.93630943
,,expert.layer.6.qk,denoise,9,O,self,matmul,1465,750,64,227,249416250,997665000,8,8,0.4560194403933184,10896000.0,matmul_physical_exact_v2,697344000.0,206354444.62144405
,,expert.layer.6.pv,denoise,0,A,self,matmul,1465,750,227,64,249416250,997665000,8,8,0.7559031388291662,10896000.0,matmul_physical_exact_v2,697344000.0,41550041.15802288
,,expert.layer.6.pv,denoise,0,B,self,matmul,1465,750,227,64,319252800,1277011200,8,8,0.530265172302326,10896000.0,matmul_physical_exact_v2,697344000.0,153869517.2995311
,,expert.layer.6.pv,denoise,0,O,self,matmul,1465,750,227,64,70320000,281280000,8,8,0.5293494631683732,10896000.0,matmul_physical_exact_v2,697344000.0,154470013.7936393
,,expert.layer.6.pv,denoise,1,A,self,matmul,1465,750,227,64,249416250,997665000,8,8,0.7559274355620373,10896000.0,matmul_physical_exact_v2,697344000.0,41541770.01514113
,,expert.layer.6.pv,denoise,1,B,self,matmul,1465,750,227,64,319252800,1277011200,8,8,0.5302259776578311,10896000.0,matmul_physical_exact_v2,697344000.0,153895196.09650707
,,expert.layer.6.pv,denoise,1,O,self,matmul,1465,750,227,64,70320000,281280000,8,8,0.5291802936575655,10896000.0,matmul_physical_exact_v2,697344000.0,154581078.4200051
,,expert.layer.6.pv,denoise,2,A,self,matmul,1465,750,227,64,249416250,997665000,8,8,0.7559410473455519,10896000.0,matmul_physical_exact_v2,697344000.0,41537136.62413349
,,expert.layer.6.pv,denoise,2,B,self,matmul,1465,750,227,64,319252800,1277011200,8,8,0.5302230974951512,10896000.0,matmul_physical_exact_v2,697344000.0,153897083.15086973
,,expert.layer.6.pv,denoise,2,O,self,matmul,1465,750,227,64,70320000,281280000,8,8,0.5289504692832765,10896000.0,matmul_physical_exact_v2,697344000.0,154732028.6459201
,,expert.layer.6.pv,denoise,3,A,self,matmul,1465,750,227,64,249416250,997665000,8,8,0.7559324111801056,10896000.0,matmul_physical_exact_v2,697344000.0,41540076.30675472
,,expert.layer.6.pv,denoise,3,B,self,matmul,1465,750,227,64,319252800,1277011200,8,8,0.5302303636804439,10896000.0,matmul_physical_exact_v2,697344000.0,153892322.4396977
,,expert.layer.6.pv,denoise,3,O,self,matmul,1465,750,227,64,70320000,281280000,8,8,0.5288760061149033,10896000.0,matmul_physical_exact_v2,697344000.0,154780952.36638784
,,expert.layer.6.pv,denoise,4,A,self,matmul,1465,750,227,64,249416250,997665000,8,8,0.7560056371627751,10896000.0,matmul_physical_exact_v2,697344000.0,41515154.05784045
,,expert.layer.6.pv,denoise,4,B,self,matmul,1465,750,227,64,319252800,1277011200,8,8,0.5301977844830178,10896000.0,matmul_physical_exact_v2,697344000.0,153913668.4860179
,,expert.layer.6.pv,denoise,4,O,self,matmul,1465,750,227,64,70320000,281280000,8,8,0.5285963594994312,10896000.0,matmul_physical_exact_v2,697344000.0,154964754.57614446
,,expert.layer.6.pv,denoise,5,A,self,matmul,1465,750,227,64,249416250,997665000,8,8,0.7560302997499161,10896000.0,matmul_physical_exact_v2,697344000.0,41506761.90199691
,,expert.layer.6.pv,denoise,5,B,self,matmul,1465,750,227,64,319252800,1277011200,8,8,0.5302118352603329,10896000.0,matmul_physical_exact_v2,697344000.0,153904462.16782376
,,expert.layer.6.pv,denoise,5,O,self,matmul,1465,750,227,64,70320000,281280000,8,8,0.5284418693117179,10896000.0,matmul_physical_exact_v2,697344000.0,155066342.49319687
,,expert.layer.6.pv,denoise,6,A,self,matmul,1465,750,227,64,249416250,997665000,8,8,0.7560026582069131,10896000.0,matmul_physical_exact_v2,697344000.0,41516167.79082236
,,expert.layer.6.pv,denoise,6,B,self,matmul,1465,750,227,64,319252800,1277011200,8,8,0.5302644675316864,10896000.0,matmul_physical_exact_v2,697344000.0,153869979.01875255
,,expert.layer.6.pv,denoise,6,O,self,matmul,1465,750,227,64,70320000,281280000,8,8,0.528444425483504,10896000.0,matmul_physical_exact_v2,697344000.0,155064661.36372608
,,expert.layer.6.pv,denoise,7,A,self,matmul,1465,750,227,64,249416250,997665000,8,8,0.7558704575183053,10896000.0,matmul_physical_exact_v2,697344000.0,41561167.89441638
,,expert.layer.6.pv,denoise,7,B,self,matmul,1465,750,227,64,319252800,1277011200,8,8,0.530290201056968,10896000.0,matmul_physical_exact_v2,697344000.0,153853120.5600599
,,expert.layer.6.pv,denoise,7,O,self,matmul,1465,750,227,64,70320000,281280000,8,8,0.5283900917235494,10896000.0,matmul_physical_exact_v2,697344000.0,155100397.26393297
,,expert.layer.6.pv,denoise,8,A,self,matmul,1465,750,227,64,249416250,997665000,8,8,0.75598467321195,10896000.0,matmul_physical_exact_v2,697344000.0,41522288.31313214
,,expert.layer.6.pv,denoise,8,B,self,matmul,1465,750,227,64,319252800,1277011200,8,8,0.530296943362752,10896000.0,matmul_physical_exact_v2,697344000.0,153848703.71654508
,,expert.layer.6.pv,denoise,8,O,self,matmul,1465,750,227,64,70320000,281280000,8,8,0.5284247191410694,10896000.0,matmul_physical_exact_v2,697344000.0,155077621.96193188
,,expert.layer.6.pv,denoise,9,A,self,matmul,1465,750,227,64,249416250,997665000,8,8,0.7563817533941753,10896000.0,matmul_physical_exact_v2,697344000.0,41387261.85369687
,,expert.layer.6.pv,denoise,9,B,self,matmul,1465,750,227,64,319252800,1277011200,8,8,0.5303788400602908,10896000.0,matmul_physical_exact_v2,697344000.0,153795058.7502421
,,expert.layer.6.pv,denoise,9,O,self,matmul,1465,750,227,64,70320000,281280000,8,8,0.5287175163538111,10896000.0,matmul_physical_exact_v2,697344000.0,154885108.90573978
,,expert.layer.7.qk,denoise,0,A,cross,matmul,1465,750,64,177,70320000,281280000,8,8,0.5369037329351536,8496000.0,matmul_physical_exact_v2,543744000.0,116610333.71069342
,,expert.layer.7.qk,denoise,0,B,cross,matmul,1465,750,64,177,248932800,995731200,8,8,0.5348843543317715,8496000.0,matmul_physical_exact_v2,543744000.0,117629533.59553854
,,expert.layer.7.qk,denoise,0,O,cross,matmul,1465,750,64,177,194478750,777915000,8,8,0.47585396219381293,8496000.0,matmul_physical_exact_v2,543744000.0,149382282.86602047
,,expert.layer.7.qk,denoise,1,A,cross,matmul,1465,750,64,177,70320000,281280000,8,8,0.5370037898179749,8496000.0,matmul_physical_exact_v2,543744000.0,116559949.34414276
,,expert.layer.7.qk,denoise,1,B,cross,matmul,1465,750,64,177,248932800,995731200,8,8,0.5348934411214593,8496000.0,matmul_physical_exact_v2,543744000.0,117624937.47239494
,,expert.layer.7.qk,denoise,1,O,cross,matmul,1465,750,64,177,194478750,777915000,8,8,0.4739438833291555,8496000.0,matmul_physical_exact_v2,543744000.0,150473016.44072518
,,expert.layer.7.qk,denoise,2,A,cross,matmul,1465,750,64,177,70320000,281280000,8,8,0.5369488765642776,8496000.0,matmul_physical_exact_v2,543744000.0,116587599.96201977
,,expert.layer.7.qk,denoise,2,B,cross,matmul,1465,750,64,177,248932800,995731200,8,8,0.534900792503037,8496000.0,matmul_physical_exact_v2,543744000.0,117621219.1891404
,,expert.layer.7.qk,denoise,2,O,cross,matmul,1465,750,64,177,194478750,777915000,8,8,0.4722267779898832,8496000.0,matmul_physical_exact_v2,543744000.0,151456940.7748804
,,expert.layer.7.qk,denoise,3,A,cross,matmul,1465,750,64,177,70320000,281280000,8,8,0.5368584968714448,8496000.0,matmul_physical_exact_v2,543744000.0,116633116.23128498
,,expert.layer.7.qk,denoise,3,B,cross,matmul,1465,750,64,177,248932800,995731200,8,8,0.5349039861360174,8496000.0,matmul_physical_exact_v2,543744000.0,117619603.88767754
,,expert.layer.7.qk,denoise,3,O,cross,matmul,1465,750,64,177,194478750,777915000,8,8,0.4707603182867023,8496000.0,matmul_physical_exact_v2,543744000.0,152299780.31277683
,,expert.layer.7.qk,denoise,4,A,cross,matmul,1465,750,64,177,70320000,281280000,8,8,0.5367711532992037,8496000.0,matmul_physical_exact_v2,543744000.0,116677111.9152775
,,expert.layer.7.qk,denoise,4,B,cross,matmul,1465,750,64,177,248932800,995731200,8,8,0.534914805320954,8496000.0,matmul_physical_exact_v2,543744000.0,117614131.7554402
,,expert.layer.7.qk,denoise,4,O,cross,matmul,1465,750,64,177,194478750,777915000,8,8,0.4694905227434874,8496000.0,matmul_physical_exact_v2,543744000.0,153031477.4514867
,,expert.layer.7.qk,denoise,5,A,cross,matmul,1465,750,64,177,70320000,281280000,8,8,0.5364678754266211,8496000.0,matmul_physical_exact_v2,543744000.0,116829939.91845073
,,expert.layer.7.qk,denoise,5,B,cross,matmul,1465,750,64,177,248932800,995731200,8,8,0.5349201652012109,8496000.0,matmul_physical_exact_v2,543744000.0,117611420.87993859
,,expert.layer.7.qk,denoise,5,O,cross,matmul,1465,750,64,177,194478750,777915000,8,8,0.46841456842971274,8496000.0,matmul_physical_exact_v2,543744000.0,153652849.38923532
,,expert.layer.7.qk,denoise,6,A,cross,matmul,1465,750,64,177,70320000,281280000,8,8,0.5361482437428896,8496000.0,matmul_physical_exact_v2,543744000.0,116991117.20618993
,,expert.layer.7.qk,denoise,6,B,cross,matmul,1465,750,64,177,248932800,995731200,8,8,0.5349168600923623,8496000.0,matmul_physical_exact_v2,543744000.0,117613092.5066142
,,expert.layer.7.qk,denoise,6,O,cross,matmul,1465,750,64,177,194478750,777915000,8,8,0.46746207876181844,8496000.0,matmul_physical_exact_v2,543744000.0,154203970.0916214
,,expert.layer.7.qk,denoise,7,A,cross,matmul,1465,750,64,177,70320000,281280000,8,8,0.5356097518486916,8496000.0,matmul_physical_exact_v2,543744000.0,117262908.0769904
,,expert.layer.7.qk,denoise,7,B,cross,matmul,1465,750,64,177,248932800,995731200,8,8,0.5349151337228361,8496000.0,matmul_physical_exact_v2,543744000.0,117613965.65817878
,,expert.layer.7.qk,denoise,7,O,cross,matmul,1465,750,64,177,194478750,777915000,8,8,0.46649014223919066,8496000.0,matmul_physical_exact_v2,543744000.0,154767359.9817177
,,expert.layer.7.qk,denoise,8,A,cross,matmul,1465,750,64,177,70320000,281280000,8,8,0.5349504408418657,8496000.0,matmul_physical_exact_v2,543744000.0,117596108.90573408
,,expert.layer.7.qk,denoise,8,B,cross,matmul,1465,750,64,177,248932800,995731200,8,8,0.5349083427334606,8496000.0,matmul_physical_exact_v2,543744000.0,117617400.3905486
,,expert.layer.7.qk,denoise,8,O,cross,matmul,1465,750,64,177,194478750,777915000,8,8,0.46552077540605336,8496000.0,matmul_physical_exact_v2,543744000.0,155330283.5696355
,,expert.layer.7.qk,denoise,9,A,cross,matmul,1465,750,64,177,70320000,281280000,8,8,0.5340921075085324,8496000.0,matmul_physical_exact_v2,543744000.0,118030599.40944028
,,expert.layer.7.qk,denoise,9,B,cross,matmul,1465,750,64,177,248932800,995731200,8,8,0.5349138412053374,8496000.0,matmul_physical_exact_v2,543744000.0,117614619.38110533
,,expert.layer.7.qk,denoise,9,O,cross,matmul,1465,750,64,177,194478750,777915000,8,8,0.46229948644774815,8496000.0,matmul_physical_exact_v2,543744000.0,157208267.00562713
,,expert.layer.7.pv,denoise,0,A,cross,matmul,1465,750,177,64,194478750,777915000,8,8,0.7492319585044639,8496000.0,matmul_physical_exact_v2,543744000.0,34193129.72539307
,,expert.layer.7.pv,denoise,0,B,cross,matmul,1465,750,177,64,248932800,995731200,8,8,0.5291359806743025,8496000.0,matmul_physical_exact_v2,543744000.0,120555072.52565762
,,expert.layer.7.pv,denoise,0,O,cross,matmul,1465,750,177,64,70320000,281280000,8,8,0.5279490401023891,8496000.0,matmul_physical_exact_v2,543744000.0,121163622.1348617
,,expert.layer.7.pv,denoise,1,A,cross,matmul,1465,750,177,64,194478750,777915000,8,8,0.7534658375272363,8496000.0,matmul_physical_exact_v2,543744000.0,33048267.288907867
,,expert.layer.7.pv,denoise,1,B,cross,matmul,1465,750,177,64,248932800,995731200,8,8,0.5291363693334105,8496000.0,matmul_physical_exact_v2,543744000.0,120554873.50935698
,,expert.layer.7.pv,denoise,1,O,cross,matmul,1465,750,177,64,70320000,281280000,8,8,0.5278377488623436,8496000.0,matmul_physical_exact_v2,543744000.0,121220760.20026411
,,expert.layer.7.pv,denoise,2,A,cross,matmul,1465,750,177,64,194478750,777915000,8,8,0.7558867922587943,8496000.0,matmul_physical_exact_v2,543744000.0,32402389.095275786
,,expert.layer.7.pv,denoise,2,B,cross,matmul,1465,750,177,64,248932800,995731200,8,8,0.529135646246698,8496000.0,matmul_physical_exact_v2,543744000.0,120555243.77237335
,,expert.layer.7.pv,denoise,2,O,cross,matmul,1465,750,177,64,70320000,281280000,8,8,0.5277085537542662,8496000.0,matmul_physical_exact_v2,543744000.0,121287107.18929605
,,expert.layer.7.pv,denoise,3,A,cross,matmul,1465,750,177,64,194478750,777915000,8,8,0.7578757820584511,8496000.0,matmul_physical_exact_v2,543744000.0,31876522.7020609
,,expert.layer.7.pv,denoise,3,B,cross,matmul,1465,750,177,64,248932800,995731200,8,8,0.5291344832822352,8496000.0,matmul_physical_exact_v2,543744000.0,120555839.27991739
,,expert.layer.7.pv,denoise,3,O,cross,matmul,1465,750,177,64,70320000,281280000,8,8,0.5276949125426621,8496000.0,matmul_physical_exact_v2,543744000.0,121294113.57063413
,,expert.layer.7.pv,denoise,4,A,cross,matmul,1465,750,177,64,194478750,777915000,8,8,0.7593692858474255,8496000.0,matmul_physical_exact_v2,543744000.0,31484485.278914493
,,expert.layer.7.pv,denoise,4,B,cross,matmul,1465,750,177,64,248932800,995731200,8,8,0.5291340644945142,8496000.0,matmul_physical_exact_v2,543744000.0,120556053.72470407
,,expert.layer.7.pv,denoise,4,O,cross,matmul,1465,750,177,64,70320000,281280000,8,8,0.5276032245449375,8496000.0,matmul_physical_exact_v2,543744000.0,121341211.49177954
,,expert.layer.7.pv,denoise,5,A,cross,matmul,1465,750,177,64,194478750,777915000,8,8,0.759759647262233,8496000.0,matmul_physical_exact_v2,543744000.0,31382417.184126902
,,expert.layer.7.pv,denoise,5,B,cross,matmul,1465,750,177,64,248932800,995731200,8,8,0.5291338294913326,8496000.0,matmul_physical_exact_v2,543744000.0,120556174.06071107
,,expert.layer.7.pv,denoise,5,O,cross,matmul,1465,750,177,64,70320000,281280000,8,8,0.5276006114903299,8496000.0,matmul_physical_exact_v2,543744000.0,121342553.88912511
,,expert.layer.7.pv,denoise,6,A,cross,matmul,1465,750,177,64,194478750,777915000,8,8,0.7589293778883297,8496000.0,matmul_physical_exact_v2,543744000.0,31599706.94436701
,,expert.layer.7.pv,denoise,6,B,cross,matmul,1465,750,177,64,248932800,995731200,8,8,0.5291334197421955,8496000.0,matmul_physical_exact_v2,543744000.0,120556383.87748227
,,expert.layer.7.pv,denoise,6,O,cross,matmul,1465,750,177,64,70320000,281280000,8,8,0.5277002701934016,8496000.0,matmul_physical_exact_v2,543744000.0,121291361.7569074
,,expert.layer.7.pv,denoise,7,A,cross,matmul,1465,750,177,64,194478750,777915000,8,8,0.7570995969996722,8496000.0,matmul_physical_exact_v2,543744000.0,32081225.388001475
,,expert.layer.7.pv,denoise,7,B,cross,matmul,1465,750,177,64,248932800,995731200,8,8,0.5291331576232622,8496000.0,matmul_physical_exact_v2,543744000.0,120556518.09860082
,,expert.layer.7.pv,denoise,7,O,cross,matmul,1465,750,177,64,70320000,281280000,8,8,0.527686454778157,8496000.0,matmul_physical_exact_v2,543744000.0,121298457.7382541
,,expert.layer.7.pv,denoise,8,A,cross,matmul,1465,750,177,64,194478750,777915000,8,8,0.7525950920087671,8496000.0,matmul_physical_exact_v2,543744000.0,33282128.99073831
,,expert.layer.7.pv,denoise,8,B,cross,matmul,1465,750,177,64,248932800,995731200,8,8,0.529133344420663,8496000.0,matmul_physical_exact_v2,543744000.0,120556422.44676155
,,expert.layer.7.pv,denoise,8,O,cross,matmul,1465,750,177,64,70320000,281280000,8,8,0.5276816552901024,8496000.0,matmul_physical_exact_v2,543744000.0,121300922.93732686
,,expert.layer.7.pv,denoise,9,A,cross,matmul,1465,750,177,64,194478750,777915000,8,8,0.7445681507619727,8496000.0,matmul_physical_exact_v2,543744000.0,35476810.8752272
,,expert.layer.7.pv,denoise,9,B,cross,matmul,1465,750,177,64,248932800,995731200,8,8,0.5291328201827963,8496000.0,matmul_physical_exact_v2,543744000.0,120556690.8891163
,,expert.layer.7.pv,denoise,9,O,cross,matmul,1465,750,177,64,70320000,281280000,8,8,0.5277946032423209,8496000.0,matmul_physical_exact_v2,543744000.0,121242915.22772786
,,expert.layer.8.qk,denoise,0,A,self,matmul,1465,750,64,227,70320000,281280000,8,8,0.5389075654152446,10896000.0,matmul_physical_exact_v2,697344000.0,148259681.10644552
,,expert.layer.8.qk,denoise,0,B,self,matmul,1465,750,64,227,319252800,1277011200,8,8,0.5380960973560764,10896000.0,matmul_physical_exact_v2,697344000.0,148781979.2426035
,,expert.layer.8.qk,denoise,0,O,self,matmul,1465,750,64,227,249416250,997665000,8,8,0.4548781053760531,10896000.0,matmul_physical_exact_v2,697344000.0,207221264.66960526
,,expert.layer.8.qk,denoise,1,A,self,matmul,1465,750,64,227,70320000,281280000,8,8,0.5388498791240045,10896000.0,matmul_physical_exact_v2,697344000.0,148296780.33210033
,,expert.layer.8.qk,denoise,1,B,self,matmul,1465,750,64,227,319252800,1277011200,8,8,0.5379692527363895,10896000.0,matmul_physical_exact_v2,697344000.0,148863705.26715577
,,expert.layer.8.qk,denoise,1,O,self,matmul,1465,750,64,227,249416250,997665000,8,8,0.45322509158886,10896000.0,matmul_physical_exact_v2,697344000.0,208479915.12956432
,,expert.layer.8.qk,denoise,2,A,self,matmul,1465,750,64,227,70320000,281280000,8,8,0.5385831911262798,10896000.0,matmul_physical_exact_v2,697344000.0,148468353.12551126
,,expert.layer.8.qk,denoise,2,B,self,matmul,1465,750,64,227,319252800,1277011200,8,8,0.5378907929703357,10896000.0,matmul_physical_exact_v2,697344000.0,148914268.14965707
,,expert.layer.8.qk,denoise,2,O,self,matmul,1465,750,64,227,249416250,997665000,8,8,0.4518703993825583,10896000.0,matmul_physical_exact_v2,697344000.0,209514256.61822727
,,expert.layer.8.qk,denoise,3,A,self,matmul,1465,750,64,227,70320000,281280000,8,8,0.5382723265073948,10896000.0,matmul_physical_exact_v2,697344000.0,148668471.99571633
,,expert.layer.8.qk,denoise,3,B,self,matmul,1465,750,64,227,319252800,1277011200,8,8,0.537822679237269,10896000.0,matmul_physical_exact_v2,697344000.0,148958170.56099382
,,expert.layer.8.qk,denoise,3,O,self,matmul,1465,750,64,227,249416250,997665000,8,8,0.4506150280905915,10896000.0,matmul_physical_exact_v2,697344000.0,210475049.0133432
,,expert.layer.8.qk,denoise,4,A,self,matmul,1465,750,64,227,70320000,281280000,8,8,0.5380292271046644,10896000.0,matmul_physical_exact_v2,697344000.0,148825060.96791437
,,expert.layer.8.qk,denoise,4,B,self,matmul,1465,750,64,227,319252800,1277011200,8,8,0.5377466626760987,10896000.0,matmul_physical_exact_v2,697344000.0,149007174.34622416
,,expert.layer.8.qk,denoise,4,O,self,matmul,1465,750,64,227,249416250,997665000,8,8,0.44949067372314355,10896000.0,matmul_physical_exact_v2,697344000.0,211337434.0858068
,,expert.layer.8.qk,denoise,5,A,self,matmul,1465,750,64,227,70320000,281280000,8,8,0.5377456058020478,10896000.0,matmul_physical_exact_v2,697344000.0,149007855.71283975
,,expert.layer.8.qk,denoise,5,B,self,matmul,1465,750,64,227,319252800,1277011200,8,8,0.537693837767437,10896000.0,matmul_physical_exact_v2,697344000.0,149041232.46757355
,,expert.layer.8.qk,denoise,5,O,self,matmul,1465,750,64,227,249416250,997665000,8,8,0.44851305297870525,10896000.0,matmul_physical_exact_v2,697344000.0,212088706.77754402
,,expert.layer.8.qk,denoise,6,A,self,matmul,1465,750,64,227,70320000,281280000,8,8,0.537574313850967,10896000.0,matmul_physical_exact_v2,697344000.0,149118308.20688397
,,expert.layer.8.qk,denoise,6,B,self,matmul,1465,750,64,227,319252800,1277011200,8,8,0.5376496392514021,10896000.0,matmul_physical_exact_v2,697344000.0,149069731.833291
,,expert.layer.8.qk,denoise,6,O,self,matmul,1465,750,64,227,249416250,997665000,8,8,0.4478667227977327,10896000.0,matmul_physical_exact_v2,697344000.0,212586124.3860919
,,expert.layer.8.qk,denoise,7,A,self,matmul,1465,750,64,227,70320000,281280000,8,8,0.5374362983503982,10896000.0,matmul_physical_exact_v2,697344000.0,149207333.14565676
,,expert.layer.8.qk,denoise,7,B,self,matmul,1465,750,64,227,319252800,1277011200,8,8,0.5375950970516156,10896000.0,matmul_physical_exact_v2,697344000.0,149104904.5999104
,,expert.layer.8.qk,denoise,7,O,self,matmul,1465,750,64,227,249416250,997665000,8,8,0.4471914380077481,10896000.0,matmul_physical_exact_v2,697344000.0,213106447.90306008
,,expert.layer.8.qk,denoise,8,A,self,matmul,1465,750,64,227,70320000,281280000,8,8,0.5372431136234357,10896000.0,matmul_physical_exact_v2,697344000.0,149331988.8285317
,,expert.layer.8.qk,denoise,8,B,self,matmul,1465,750,64,227,319252800,1277011200,8,8,0.5376061736968321,10896000.0,matmul_physical_exact_v2,697344000.0,149097761.23989666
,,expert.layer.8.qk,denoise,8,O,self,matmul,1465,750,64,227,249416250,997665000,8,8,0.44700466689720497,10896000.0,matmul_physical_exact_v2,697344000.0,213250471.90855056
,,expert.layer.8.qk,denoise,9,A,self,matmul,1465,750,64,227,70320000,281280000,8,8,0.5364943899317406,10896000.0,matmul_physical_exact_v2,697344000.0,149815607.12662458
,,expert.layer.8.qk,denoise,9,B,self,matmul,1465,750,64,227,319252800,1277011200,8,8,0.5375452768151133,10896000.0,matmul_physical_exact_v2,697344000.0,149137035.92784172
,,expert.layer.8.qk,denoise,9,O,self,matmul,1465,750,64,227,249416250,997665000,8,8,0.4475081625595766,10896000.0,matmul_physical_exact_v2,697344000.0,212862324.66276255
,,expert.layer.8.pv,denoise,0,A,self,matmul,1465,750,227,64,249416250,997665000,8,8,0.7564815343827838,10896000.0,matmul_physical_exact_v2,697344000.0,41353366.06592986
,,expert.layer.8.pv,denoise,0,B,self,matmul,1465,750,227,64,319252800,1277011200,8,8,0.5352347168137601,10896000.0,matmul_physical_exact_v2,697344000.0,150631023.94161305
,,expert.layer.8.pv,denoise,0,O,self,matmul,1465,750,227,64,70320000,281280000,8,8,0.5324982757394767,10896000.0,matmul_physical_exact_v2,697344000.0,152410013.84862614
,,expert.layer.8.pv,denoise,1,A,self,matmul,1465,750,227,64,249416250,997665000,8,8,0.7567088712142853,10896000.0,matmul_physical_exact_v2,697344000.0,41276191.17927253
,,expert.layer.8.pv,denoise,1,B,self,matmul,1465,750,227,64,319252800,1277011200,8,8,0.535206382684819,10896000.0,matmul_physical_exact_v2,697344000.0,150649390.75646457
,,expert.layer.8.pv,denoise,1,O,self,matmul,1465,750,227,64,70320000,281280000,8,8,0.5323407778725825,10896000.0,matmul_physical_exact_v2,697344000.0,152512722.75537843
,,expert.layer.8.pv,denoise,2,A,self,matmul,1465,750,227,64,249416250,997665000,8,8,0.7568446843379291,10896000.0,matmul_physical_exact_v2,697344000.0,41230120.58229273
,,expert.layer.8.pv,denoise,2,B,self,matmul,1465,750,227,64,319252800,1277011200,8,8,0.5352040287508834,10896000.0,matmul_physical_exact_v2,697344000.0,150650916.67936048
,,expert.layer.8.pv,denoise,2,O,self,matmul,1465,750,227,64,70320000,281280000,8,8,0.5321880190557452,10896000.0,matmul_physical_exact_v2,697344000.0,152612374.24097967
,,expert.layer.8.pv,denoise,3,A,self,matmul,1465,750,227,64,249416250,997665000,8,8,0.756971431292067,10896000.0,matmul_physical_exact_v2,697344000.0,41187148.622645505
,,expert.layer.8.pv,denoise,3,B,self,matmul,1465,750,227,64,319252800,1277011200,8,8,0.535114128208116,10896000.0,matmul_physical_exact_v2,697344000.0,150709199.92539924
,,expert.layer.8.pv,denoise,3,O,self,matmul,1465,750,227,64,70320000,281280000,8,8,0.5317433980375427,10896000.0,matmul_physical_exact_v2,697344000.0,152902605.86153156
,,expert.layer.8.pv,denoise,4,A,self,matmul,1465,750,227,64,249416250,997665000,8,8,0.7570226889787655,10896000.0,matmul_physical_exact_v2,697344000.0,41169776.71170635
,,expert.layer.8.pv,denoise,4,B,self,matmul,1465,750,227,64,319252800,1277011200,8,8,0.5350412901625295,10896000.0,matmul_physical_exact_v2,697344000.0,150756429.683084
,,expert.layer.8.pv,denoise,4,O,self,matmul,1465,750,227,64,70320000,281280000,8,8,0.5313072916666667,10896000.0,matmul_physical_exact_v2,697344000.0,153187547.28891665
,,expert.layer.8.pv,denoise,5,A,self,matmul,1465,750,227,64,249416250,997665000,8,8,0.7569732345025635,10896000.0,matmul_physical_exact_v2,697344000.0,41186537.428467125
,,expert.layer.8.pv,denoise,5,B,self,matmul,1465,750,227,64,319252800,1277011200,8,8,0.5349650786148156,10896000.0,matmul_physical_exact_v2,697344000.0,150805854.81355315
,,expert.layer.8.pv,denoise,5,O,self,matmul,1465,750,227,64,70320000,281280000,8,8,0.530818771331058,10896000.0,matmul_physical_exact_v2,697344000.0,153507049.73141804
,,expert.layer.8.pv,denoise,6,A,self,matmul,1465,750,227,64,249416250,997665000,8,8,0.7568443956638752,10896000.0,matmul_physical_exact_v2,697344000.0,41230218.47917056
,,expert.layer.8.pv,denoise,6,B,self,matmul,1465,750,227,64,319252800,1277011200,8,8,0.5349227430425042,10896000.0,matmul_physical_exact_v2,697344000.0,150833314.01065773
,,expert.layer.8.pv,denoise,6,O,self,matmul,1465,750,227,64,70320000,281280000,8,8,0.5305862912400455,10896000.0,matmul_physical_exact_v2,697344000.0,153659213.42543772
,,expert.layer.8.pv,denoise,7,A,self,matmul,1465,750,227,64,249416250,997665000,8,8,0.7569340359739993,10896000.0,matmul_physical_exact_v2,697344000.0,41199824.70454522
,,expert.layer.8.pv,denoise,7,B,self,matmul,1465,750,227,64,319252800,1277011200,8,8,0.5347680388394401,10896000.0,matmul_physical_exact_v2,697344000.0,150933677.67417833
,,expert.layer.8.pv,denoise,7,O,self,matmul,1465,750,227,64,70320000,281280000,8,8,0.5301793408703072,10896000.0,matmul_physical_exact_v2,697344000.0,153925753.48570645
,,expert.layer.8.pv,denoise,8,A,self,matmul,1465,750,227,64,249416250,997665000,8,8,0.7574113855853418,10896000.0,matmul_physical_exact_v2,697344000.0,41038161.520135924
,,expert.layer.8.pv,denoise,8,B,self,matmul,1465,750,227,64,319252800,1277011200,8,8,0.5347108725436394,10896000.0,matmul_physical_exact_v2,697344000.0,150970772.5003961
,,expert.layer.8.pv,denoise,8,O,self,matmul,1465,750,227,64,70320000,281280000,8,8,0.5300618529579068,10896000.0,matmul_physical_exact_v2,697344000.0,154002747.44615677
,,expert.layer.8.pv,denoise,9,A,self,matmul,1465,750,227,64,249416250,997665000,8,8,0.7581900818410989,10896000.0,matmul_physical_exact_v2,697344000.0,40775123.83501295
,,expert.layer.8.pv,denoise,9,B,self,matmul,1465,750,227,64,319252800,1277011200,8,8,0.5348321729676294,10896000.0,matmul_physical_exact_v2,697344000.0,150892066.89320743
,,expert.layer.8.pv,denoise,9,O,self,matmul,1465,750,227,64,70320000,281280000,8,8,0.5301040493458475,10896000.0,matmul_physical_exact_v2,697344000.0,153975092.45382303
,,expert.layer.9.qk,denoise,0,A,cross,matmul,1465,750,64,177,70320000,281280000,8,8,0.5324574872013652,8496000.0,matmul_physical_exact_v2,543744000.0,118860264.11676334
,,expert.layer.9.qk,denoise,0,B,cross,matmul,1465,750,64,177,248932800,995731200,8,8,0.536211941536029,8496000.0,matmul_physical_exact_v2,543744000.0,116958988.1295637
,,expert.layer.9.qk,denoise,0,O,cross,matmul,1465,750,64,177,194478750,777915000,8,8,0.4837953491062648,8496000.0,matmul_physical_exact_v2,543744000.0,144889963.81890106
,,expert.layer.9.qk,denoise,1,A,cross,matmul,1465,750,64,177,70320000,281280000,8,8,0.5325267491467577,8496000.0,matmul_physical_exact_v2,543744000.0,118825050.70572694
,,expert.layer.9.qk,denoise,1,B,cross,matmul,1465,750,64,177,248932800,995731200,8,8,0.5362146681755076,8496000.0,matmul_physical_exact_v2,543744000.0,116957612.91495371
,,expert.layer.9.qk,denoise,1,O,cross,matmul,1465,750,64,177,194478750,777915000,8,8,0.4830158821979265,8496000.0,matmul_physical_exact_v2,543744000.0,145327860.68443274
,,expert.layer.9.qk,denoise,2,A,cross,matmul,1465,750,64,177,70320000,281280000,8,8,0.5326204671501706,8496000.0,matmul_physical_exact_v2,543744000.0,118777411.91474895
,,expert.layer.9.qk,denoise,2,B,cross,matmul,1465,750,64,177,248932800,995731200,8,8,0.5362080609706716,8496000.0,matmul_physical_exact_v2,543744000.0,116960945.35501643
,,expert.layer.9.qk,denoise,2,O,cross,matmul,1465,750,64,177,194478750,777915000,8,8,0.48239177159458296,8496000.0,matmul_physical_exact_v2,543744000.0,145678956.21427205
,,expert.layer.9.qk,denoise,3,A,cross,matmul,1465,750,64,177,70320000,281280000,8,8,0.5326575476393629,8496000.0,matmul_physical_exact_v2,543744000.0,118758565.77572788
,,expert.layer.9.qk,denoise,3,B,cross,matmul,1465,750,64,177,248932800,995731200,8,8,0.5362052409324927,8496000.0,matmul_physical_exact_v2,543744000.0,116962367.69683117
,,expert.layer.9.qk,denoise,3,O,cross,matmul,1465,750,64,177,194478750,777915000,8,8,0.4818762705436969,8496000.0,matmul_physical_exact_v2,543744000.0,145969272.50703472
,,expert.layer.9.qk,denoise,4,A,cross,matmul,1465,750,64,177,70320000,281280000,8,8,0.532622614476678,8496000.0,matmul_physical_exact_v2,543744000.0,118776320.49639943
,,expert.layer.9.qk,denoise,4,B,cross,matmul,1465,750,64,177,248932800,995731200,8,8,0.536207705453038,8496000.0,matmul_physical_exact_v2,543744000.0,116961124.6668628
,,expert.layer.9.qk,denoise,4,O,cross,matmul,1465,750,64,177,194478750,777915000,8,8,0.4813493697897585,8496000.0,matmul_physical_exact_v2,543744000.0,146266307.4523978
,,expert.layer.9.qk,denoise,5,A,cross,matmul,1465,750,64,177,70320000,281280000,8,8,0.5326516353811149,8496000.0,matmul_physical_exact_v2,543744000.0,118761570.57765736
,,expert.layer.9.qk,denoise,5,B,cross,matmul,1465,750,64,177,248932800,995731200,8,8,0.5362047709261295,8496000.0,matmul_physical_exact_v2,543744000.0,116962604.75464112
,,expert.layer.9.qk,denoise,5,O,cross,matmul,1465,750,64,177,194478750,777915000,8,8,0.48109610947211456,8496000.0,matmul_physical_exact_v2,543744000.0,146409187.8177199
,,expert.layer.9.qk,denoise,6,A,cross,matmul,1465,750,64,177,70320000,281280000,8,8,0.5326664391353811,8496000.0,matmul_physical_exact_v2,543744000.0,118754046.89983974
,,expert.layer.9.qk,denoise,6,B,cross,matmul,1465,750,64,177,248932800,995731200,8,8,0.536186479845163,8496000.0,matmul_physical_exact_v2,543744000.0,116971830.44100276
,,expert.layer.9.qk,denoise,6,O,cross,matmul,1465,750,64,177,194478750,777915000,8,8,0.4806192578880726,8496000.0,matmul_physical_exact_v2,543744000.0,146678399.6435938
,,expert.layer.9.qk,denoise,7,A,cross,matmul,1465,750,64,177,70320000,281280000,8,8,0.5327219069965871,8496000.0,matmul_physical_exact_v2,543744000.0,118725858.71634555
,,expert.layer.9.qk,denoise,7,B,cross,matmul,1465,750,64,177,248932800,995731200,8,8,0.5361735697344826,8496000.0,matmul_physical_exact_v2,543744000.0,116978342.28349428
,,expert.layer.9.qk,denoise,7,O,cross,matmul,1465,750,64,177,194478750,777915000,8,8,0.4801156064608601,8496000.0,matmul_physical_exact_v2,543744000.0,146963010.13482702
,,expert.layer.9.qk,denoise,8,A,cross,matmul,1465,750,64,177,70320000,281280000,8,8,0.5328576898464163,8496000.0,matmul_physical_exact_v2,543744000.0,118656869.42086954
,,expert.layer.9.qk,denoise,8,B,cross,matmul,1465,750,64,177,248932800,995731200,8,8,0.5361642991602553,8496000.0,matmul_physical_exact_v2,543744000.0,116983018.46049482
,,expert.layer.9.qk,denoise,8,O,cross,matmul,1465,750,64,177,194478750,777915000,8,8,0.4796970285956692,8496000.0,matmul_physical_exact_v2,543744000.0,147199755.94977832
,,expert.layer.9.qk,denoise,9,A,cross,matmul,1465,750,64,177,70320000,281280000,8,8,0.5330244702787258,8496000.0,matmul_physical_exact_v2,543744000.0,118572158.14179301
,,expert.layer.9.qk,denoise,9,B,cross,matmul,1465,750,64,177,248932800,995731200,8,8,0.5361574358622085,8496000.0,matmul_physical_exact_v2,543744000.0,116986480.4417988
,,expert.layer.9.qk,denoise,9,O,cross,matmul,1465,750,64,177,194478750,777915000,8,8,0.47809034020426394,8496000.0,matmul_physical_exact_v2,543744000.0,148110261.22412193
,,expert.layer.9.pv,denoise,0,A,cross,matmul,1465,750,177,64,194478750,777915000,8,8,0.7538559328461336,8496000.0,matmul_physical_exact_v2,543744000.0,32943764.32964608
,,expert.layer.9.pv,denoise,0,B,cross,matmul,1465,750,177,64,248932800,995731200,8,8,0.5282817019291953,8496000.0,matmul_physical_exact_v2,543744000.0,120992910.44064008
,,expert.layer.9.pv,denoise,0,O,cross,matmul,1465,750,177,64,70320000,281280000,8,8,0.5286834968714448,8496000.0,matmul_physical_exact_v2,543744000.0,120786882.24299614
,,expert.layer.9.pv,denoise,1,A,cross,matmul,1465,750,177,64,194478750,777915000,8,8,0.7564402858924175,8496000.0,matmul_physical_exact_v2,543744000.0,32255619.617284957
,,expert.layer.9.pv,denoise,1,B,cross,matmul,1465,750,177,64,248932800,995731200,8,8,0.5282821327683616,8496000.0,matmul_physical_exact_v2,543744000.0,120992689.42542374
,,expert.layer.9.pv,denoise,1,O,cross,matmul,1465,750,177,64,70320000,281280000,8,8,0.5287359677189989,8496000.0,matmul_physical_exact_v2,543744000.0,120759989.75247198
,,expert.layer.9.pv,denoise,2,A,cross,matmul,1465,750,177,64,194478750,777915000,8,8,0.7583213872980982,8496000.0,matmul_physical_exact_v2,543744000.0,31759299.610338226
,,expert.layer.9.pv,denoise,2,B,cross,matmul,1465,750,177,64,248932800,995731200,8,8,0.5282791500356723,8496000.0,matmul_physical_exact_v2,543744000.0,120994219.53490637
,,expert.layer.9.pv,denoise,2,O,cross,matmul,1465,750,177,64,70320000,281280000,8,8,0.5287361348122867,8496000.0,matmul_physical_exact_v2,543744000.0,120759904.1181831
,,expert.layer.9.pv,denoise,3,A,cross,matmul,1465,750,177,64,194478750,777915000,8,8,0.7600805743558101,8496000.0,matmul_physical_exact_v2,543744000.0,31298628.25529708
,,expert.layer.9.pv,denoise,3,B,cross,matmul,1465,750,177,64,248932800,995731200,8,8,0.528277782196641,8496000.0,matmul_physical_exact_v2,543744000.0,120994921.22471294
,,expert.layer.9.pv,denoise,3,O,cross,matmul,1465,750,177,64,70320000,281280000,8,8,0.5287469247724688,8496000.0,matmul_physical_exact_v2,543744000.0,120754374.39381112
,,expert.layer.9.pv,denoise,4,A,cross,matmul,1465,750,177,64,194478750,777915000,8,8,0.7612654673068394,8496000.0,matmul_physical_exact_v2,543744000.0,30990241.83318298
,,expert.layer.9.pv,denoise,4,B,cross,matmul,1465,750,177,64,248932800,995731200,8,8,0.5282761341615086,8496000.0,matmul_physical_exact_v2,543744000.0,120995766.65544237
,,expert.layer.9.pv,denoise,4,O,cross,matmul,1465,750,177,64,70320000,281280000,8,8,0.5286866147610921,8496000.0,matmul_physical_exact_v2,543744000.0,120785284.17069642
,,expert.layer.9.pv,denoise,5,A,cross,matmul,1465,750,177,64,194478750,777915000,8,8,0.7619035125945637,8496000.0,matmul_physical_exact_v2,543744000.0,30824813.27530247
,,expert.layer.9.pv,denoise,5,B,cross,matmul,1465,750,177,64,248932800,995731200,8,8,0.5282754562677157,8496000.0,matmul_physical_exact_v2,543744000.0,120996114.4111701
,,expert.layer.9.pv,denoise,5,O,cross,matmul,1465,750,177,64,70320000,281280000,8,8,0.5286536120591582,8496000.0,matmul_physical_exact_v2,543744000.0,120802200.22027318
,,expert.layer.9.pv,denoise,6,A,cross,matmul,1465,750,177,64,194478750,777915000,8,8,0.7615474377020626,8496000.0,matmul_physical_exact_v2,543744000.0,30917079.64588633
,,expert.layer.9.pv,denoise,6,B,cross,matmul,1465,750,177,64,248932800,995731200,8,8,0.528271723332562,8496000.0,matmul_physical_exact_v2,543744000.0,120998029.39499728
,,expert.layer.9.pv,denoise,6,O,cross,matmul,1465,750,177,64,70320000,281280000,8,8,0.5286441908418658,8496000.0,matmul_physical_exact_v2,543744000.0,120807029.42945325
,,expert.layer.9.pv,denoise,7,A,cross,matmul,1465,750,177,64,194478750,777915000,8,8,0.7605714698906693,8496000.0,matmul_physical_exact_v2,543744000.0,31170679.979107432
,,expert.layer.9.pv,denoise,7,B,cross,matmul,1465,750,177,64,248932800,995731200,8,8,0.5282715485866065,8496000.0,matmul_physical_exact_v2,543744000.0,120998119.03948636
,,expert.layer.9.pv,denoise,7,O,cross,matmul,1465,750,177,64,70320000,281280000,8,8,0.5286032103242321,8496000.0,matmul_physical_exact_v2,543744000.0,120828036.70131233
,,expert.layer.9.pv,denoise,8,A,cross,matmul,1465,750,177,64,194478750,777915000,8,8,0.7579064627883509,8496000.0,matmul_physical_exact_v2,543744000.0,31868444.7573741
,,expert.layer.9.pv,denoise,8,B,cross,matmul,1465,750,177,64,248932800,995731200,8,8,0.5282709008214265,8496000.0,matmul_physical_exact_v2,543744000.0,120998451.34262367
,,expert.layer.9.pv,denoise,8,O,cross,matmul,1465,750,177,64,70320000,281280000,8,8,0.5285511945392491,8496000.0,matmul_physical_exact_v2,543744000.0,120854703.45878106
,,expert.layer.9.pv,denoise,9,A,cross,matmul,1465,750,177,64,194478750,777915000,8,8,0.7524058952456245,8496000.0,matmul_physical_exact_v2,543744000.0,33333051.818540107
,,expert.layer.9.pv,denoise,9,B,cross,matmul,1465,750,177,64,248932800,995731200,8,8,0.5282698885000289,8496000.0,matmul_physical_exact_v2,543744000.0,120998970.66378918
,,expert.layer.9.pv,denoise,9,O,cross,matmul,1465,750,177,64,70320000,281280000,8,8,0.5284176230091012,8496000.0,matmul_physical_exact_v2,543744000.0,120923194.60468026
,,expert.layer.10.qk,denoise,0,A,self,matmul,1465,750,64,227,70320000,281280000,8,8,0.5377187855517633,10896000.0,matmul_physical_exact_v2,697344000.0,149025147.24742413
,,expert.layer.10.qk,denoise,0,B,self,matmul,1465,750,64,227,319252800,1277011200,8,8,0.5381285215039617,10896000.0,matmul_physical_exact_v2,697344000.0,148761091.95608804
,,expert.layer.10.qk,denoise,0,O,self,matmul,1465,750,64,227,249416250,997665000,8,8,0.45807050763532847,10896000.0,matmul_physical_exact_v2,697344000.0,204801268.0878525
,,expert.layer.10.qk,denoise,1,A,self,matmul,1465,750,64,227,70320000,281280000,8,8,0.5377266709328783,10896000.0,matmul_physical_exact_v2,697344000.0,149020063.28544298
,,expert.layer.10.qk,denoise,1,B,self,matmul,1465,750,64,227,319252800,1277011200,8,8,0.5380873934386793,10896000.0,matmul_physical_exact_v2,697344000.0,148787586.4619891
,,expert.layer.10.qk,denoise,1,O,self,matmul,1465,750,64,227,249416250,997665000,8,8,0.4565410062495928,10896000.0,matmul_physical_exact_v2,697344000.0,205958931.0892725
,,expert.layer.10.qk,denoise,2,A,self,matmul,1465,750,64,227,70320000,281280000,8,8,0.5376928647610921,10896000.0,matmul_physical_exact_v2,697344000.0,149041859.8363144
,,expert.layer.10.qk,denoise,2,B,self,matmul,1465,750,64,227,319252800,1277011200,8,8,0.5380621931898483,10896000.0,matmul_physical_exact_v2,697344000.0,148803821.5091715
,,expert.layer.10.qk,denoise,2,O,self,matmul,1465,750,64,227,249416250,997665000,8,8,0.4556166749359755,10896000.0,matmul_physical_exact_v2,697344000.0,206660129.1139961
,,expert.layer.10.qk,denoise,3,A,self,matmul,1465,750,64,227,70320000,281280000,8,8,0.5377619489476678,10896000.0,matmul_physical_exact_v2,697344000.0,148997319.46238813
,,expert.layer.10.qk,denoise,3,B,self,matmul,1465,750,64,227,319252800,1277011200,8,8,0.5380373359293952,10896000.0,matmul_physical_exact_v2,697344000.0,148819836.45669207
,,expert.layer.10.qk,denoise,3,O,self,matmul,1465,750,64,227,249416250,997665000,8,8,0.45482307087048257,10896000.0,matmul_physical_exact_v2,697344000.0,207263108.1385133
,,expert.layer.10.qk,denoise,4,A,self,matmul,1465,750,64,227,70320000,281280000,8,8,0.5378726393629124,10896000.0,matmul_physical_exact_v2,697344000.0,148925968.34615496
,,expert.layer.10.qk,denoise,4,B,self,matmul,1465,750,64,227,319252800,1277011200,8,8,0.5379909714182617,10896000.0,matmul_physical_exact_v2,697344000.0,148849710.32207283
,,expert.layer.10.qk,denoise,4,O,self,matmul,1465,750,64,227,249416250,997665000,8,8,0.4543125397803872,10896000.0,matmul_physical_exact_v2,697344000.0,207651473.08858812
,,expert.layer.10.qk,denoise,5,A,self,matmul,1465,750,64,227,70320000,281280000,8,8,0.5380039604664392,10896000.0,matmul_physical_exact_v2,697344000.0,148841340.83680016
,,expert.layer.10.qk,denoise,5,B,self,matmul,1465,750,64,227,319252800,1277011200,8,8,0.5379382052404865,10896000.0,matmul_physical_exact_v2,697344000.0,148883712.59608746
,,expert.layer.10.qk,denoise,5,O,self,matmul,1465,750,64,227,249416250,997665000,8,8,0.4537509695138148,10896000.0,matmul_physical_exact_v2,697344000.0,208079083.77818447
,,expert.layer.10.qk,denoise,6,A,self,matmul,1465,750,64,227,70320000,281280000,8,8,0.5380809975824801,10896000.0,matmul_physical_exact_v2,697344000.0,148791706.85438383
,,expert.layer.10.qk,denoise,6,B,self,matmul,1465,750,64,227,319252800,1277011200,8,8,0.5379068758363278,10896000.0,matmul_physical_exact_v2,697344000.0,148903902.95239943
,,expert.layer.10.qk,denoise,6,O,self,matmul,1465,750,64,227,249416250,997665000,8,8,0.45339799130970815,10896000.0,matmul_physical_exact_v2,697344000.0,208348086.03730163
,,expert.layer.10.qk,denoise,7,A,self,matmul,1465,750,64,227,70320000,281280000,8,8,0.5382763900739477,10896000.0,matmul_physical_exact_v2,697344000.0,148665855.2083476
,,expert.layer.10.qk,denoise,7,B,self,matmul,1465,750,64,227,319252800,1277011200,8,8,0.5379069557103336,10896000.0,matmul_physical_exact_v2,697344000.0,148903851.47554523
,,expert.layer.10.qk,denoise,7,O,self,matmul,1465,750,64,227,249416250,997665000,8,8,0.4530429693333935,10896000.0,matmul_physical_exact_v2,697344000.0,208618821.122483
,,expert.layer.10.qk,denoise,8,A,self,matmul,1465,750,64,227,70320000,281280000,8,8,0.538575739476678,10896000.0,matmul_physical_exact_v2,697344000.0,148473148.5428283
,,expert.layer.10.qk,denoise,8,B,self,matmul,1465,750,64,227,319252800,1277011200,8,8,0.5379405709205995,10896000.0,matmul_physical_exact_v2,697344000.0,148882188.07992792
,,expert.layer.10.qk,denoise,8,O,self,matmul,1465,750,64,227,249416250,997665000,8,8,0.45190526780031376,10896000.0,matmul_physical_exact_v2,697344000.0,209487601.61453694
,,expert.layer.10.qk,denoise,9,A,self,matmul,1465,750,64,227,70320000,281280000,8,8,0.5393580098122867,10896000.0,matmul_physical_exact_v2,697344000.0,147970150.7763306
,,expert.layer.10.qk,denoise,9,B,self,matmul,1465,750,64,227,319252800,1277011200,8,8,0.5382041598382222,10896000.0,matmul_physical_exact_v2,697344000.0,148712372.2564422
,,expert.layer.10.qk,denoise,9,O,self,matmul,1465,750,64,227,249416250,997665000,8,8,0.449523166593997,10896000.0,matmul_physical_exact_v2,697344000.0,211312487.16131634
,,expert.layer.10.pv,denoise,0,A,self,matmul,1465,750,227,64,249416250,997665000,8,8,0.7554904572176031,10896000.0,matmul_physical_exact_v2,697344000.0,41690652.81990478
,,expert.layer.10.pv,denoise,0,B,self,matmul,1465,750,227,64,319252800,1277011200,8,8,0.5310733985731684,10896000.0,matmul_physical_exact_v2,697344000.0,153340476.69761473
,,expert.layer.10.pv,denoise,0,O,self,matmul,1465,750,227,64,70320000,281280000,8,8,0.5325727780147895,10896000.0,matmul_physical_exact_v2,697344000.0,152361440.8169108
,,expert.layer.10.pv,denoise,1,A,self,matmul,1465,750,227,64,249416250,997665000,8,8,0.7554995725017917,10896000.0,matmul_physical_exact_v2,697344000.0,41687544.43353632
,,expert.layer.10.pv,denoise,1,B,self,matmul,1465,750,227,64,319252800,1277011200,8,8,0.5312035556148607,10896000.0,matmul_physical_exact_v2,697344000.0,153255364.9854561
,,expert.layer.10.pv,denoise,1,O,self,matmul,1465,750,227,64,70320000,281280000,8,8,0.5335313211035267,10896000.0,matmul_physical_exact_v2,697344000.0,151737192.79058713
,,expert.layer.10.pv,denoise,2,A,self,matmul,1465,750,227,64,249416250,997665000,8,8,0.7555062962016308,10896000.0,matmul_physical_exact_v2,697344000.0,41685251.67123194
,,expert.layer.10.pv,denoise,2,B,self,matmul,1465,750,227,64,319252800,1277011200,8,8,0.5312285820202673,10896000.0,matmul_physical_exact_v2,697344000.0,153239002.53832254
,,expert.layer.10.pv,denoise,2,O,self,matmul,1465,750,227,64,70320000,281280000,8,8,0.5335852246871445,10896000.0,matmul_physical_exact_v2,697344000.0,151702126.31667337
,,expert.layer.10.pv,denoise,3,A,self,matmul,1465,750,227,64,249416250,997665000,8,8,0.755565160650118,10896000.0,matmul_physical_exact_v2,697344000.0,41665181.75593449
,,expert.layer.10.pv,denoise,3,B,self,matmul,1465,750,227,64,319252800,1277011200,8,8,0.5312393673602863,10896000.0,matmul_physical_exact_v2,697344000.0,153231951.27337605
,,expert.layer.10.pv,denoise,3,O,self,matmul,1465,750,227,64,70320000,281280000,8,8,0.5336233930602958,10896000.0,matmul_physical_exact_v2,697344000.0,151677298.68790036
,,expert.layer.10.pv,denoise,4,A,self,matmul,1465,750,227,64,249416250,997665000,8,8,0.755539611994006,10896000.0,matmul_physical_exact_v2,697344000.0,41673892.01208527
,,expert.layer.10.pv,denoise,4,B,self,matmul,1465,750,227,64,319252800,1277011200,8,8,0.5312326955315662,10896000.0,matmul_physical_exact_v2,697344000.0,153236313.17809924
,,expert.layer.10.pv,denoise,4,O,self,matmul,1465,750,227,64,70320000,281280000,8,8,0.533529518629124,10896000.0,matmul_physical_exact_v2,697344000.0,151738365.4435293
,,expert.layer.10.pv,denoise,5,A,self,matmul,1465,750,227,64,249416250,997665000,8,8,0.7555676965714945,10896000.0,matmul_physical_exact_v2,697344000.0,41664317.23860742
,,expert.layer.10.pv,denoise,5,B,self,matmul,1465,750,227,64,319252800,1277011200,8,8,0.5312224011817595,10896000.0,matmul_physical_exact_v2,697344000.0,153243043.53457624
,,expert.layer.10.pv,denoise,5,O,self,matmul,1465,750,227,64,70320000,281280000,8,8,0.5334705489192264,10896000.0,matmul_physical_exact_v2,697344000.0,151776732.428514
,,expert.layer.10.pv,denoise,6,A,self,matmul,1465,750,227,64,249416250,997665000,8,8,0.7555713932031293,10896000.0,matmul_physical_exact_v2,697344000.0,41663057.041273795
,,expert.layer.10.pv,denoise,6,B,self,matmul,1465,750,227,64,319252800,1277011200,8,8,0.5312200167077626,10896000.0,matmul_physical_exact_v2,697344000.0,153244602.50404382
,,expert.layer.10.pv,denoise,6,O,self,matmul,1465,750,227,64,70320000,281280000,8,8,0.5331693188282138,10896000.0,matmul_physical_exact_v2,697344000.0,151972794.98806962
,,expert.layer.10.pv,denoise,7,A,self,matmul,1465,750,227,64,249416250,997665000,8,8,0.7555877644299439,10896000.0,matmul_physical_exact_v2,697344000.0,41657476.2500261
,,expert.layer.10.pv,denoise,7,B,self,matmul,1465,750,227,64,319252800,1277011200,8,8,0.5311754352663469,10896000.0,matmul_physical_exact_v2,697344000.0,153273751.3174356
,,expert.layer.10.pv,denoise,7,O,self,matmul,1465,750,227,64,70320000,281280000,8,8,0.532838957622298,10896000.0,matmul_physical_exact_v2,697344000.0,152187963.70944178
,,expert.layer.10.pv,denoise,8,A,self,matmul,1465,750,227,64,249416250,997665000,8,8,0.7555929956448307,10896000.0,matmul_physical_exact_v2,697344000.0,41655693.058793396
,,expert.layer.10.pv,denoise,8,B,self,matmul,1465,750,227,64,319252800,1277011200,8,8,0.5311034781840598,10896000.0,matmul_physical_exact_v2,697344000.0,153320805.07341814
,,expert.layer.10.pv,denoise,8,O,self,matmul,1465,750,227,64,70320000,281280000,8,8,0.5321664853526735,10896000.0,matmul_physical_exact_v2,697344000.0,152626424.26672232
,,expert.layer.10.pv,denoise,9,A,self,matmul,1465,750,227,64,249416250,997665000,8,8,0.7554886399743401,10896000.0,matmul_physical_exact_v2,697344000.0,41691272.52855618
,,expert.layer.10.pv,denoise,9,B,self,matmul,1465,750,227,64,319252800,1277011200,8,8,0.5309401311437206,10896000.0,matmul_physical_exact_v2,697344000.0,153427646.82155117
,,expert.layer.10.pv,denoise,9,O,self,matmul,1465,750,227,64,70320000,281280000,8,8,0.5313206164675768,10896000.0,matmul_physical_exact_v2,697344000.0,153178837.2555922
,,expert.layer.11.qk,denoise,0,A,cross,matmul,1465,750,64,177,70320000,281280000,8,8,0.5321200654152446,8496000.0,matmul_physical_exact_v2,543744000.0,119031887.07565115
,,expert.layer.11.qk,denoise,0,B,cross,matmul,1465,750,64,177,248932800,995731200,8,8,0.527770675459401,8496000.0,matmul_physical_exact_v2,543744000.0,121255202.87915352
,,expert.layer.11.qk,denoise,0,O,cross,matmul,1465,750,64,177,194478750,777915000,8,8,0.4674600811142606,8496000.0,matmul_physical_exact_v2,543744000.0,154205126.98862252
,,expert.layer.11.qk,denoise,1,A,cross,matmul,1465,750,64,177,70320000,281280000,8,8,0.5322551087883959,8496000.0,matmul_physical_exact_v2,543744000.0,118963185.05796497
,,expert.layer.11.qk,denoise,1,B,cross,matmul,1465,750,64,177,248932800,995731200,8,8,0.5277622695763676,8496000.0,matmul_physical_exact_v2,543744000.0,121259519.7060477
,,expert.layer.11.qk,denoise,1,O,cross,matmul,1465,750,64,177,194478750,777915000,8,8,0.46664617342511716,8496000.0,matmul_physical_exact_v2,543744000.0,154676846.17729974
,,expert.layer.11.qk,denoise,2,A,cross,matmul,1465,750,64,177,70320000,281280000,8,8,0.5322858575085324,8496000.0,matmul_physical_exact_v2,543744000.0,118947544.71418554
,,expert.layer.11.qk,denoise,2,B,cross,matmul,1465,750,64,177,248932800,995731200,8,8,0.5277558491689324,8496000.0,matmul_physical_exact_v2,543744000.0,121262816.94709444
,,expert.layer.11.qk,denoise,2,O,cross,matmul,1465,750,64,177,194478750,777915000,8,8,0.46582927440658684,8496000.0,matmul_physical_exact_v2,543744000.0,155151023.43885574
,,expert.layer.11.qk,denoise,3,A,cross,matmul,1465,750,64,177,70320000,281280000,8,8,0.532294425483504,8496000.0,matmul_physical_exact_v2,543744000.0,118943186.79485518
,,expert.layer.11.qk,denoise,3,B,cross,matmul,1465,750,64,177,248932800,995731200,8,8,0.5277471691155203,8496000.0,matmul_physical_exact_v2,543744000.0,121267274.71496503
,,expert.layer.11.qk,denoise,3,O,cross,matmul,1465,750,64,177,194478750,777915000,8,8,0.46516551551262025,8496000.0,matmul_physical_exact_v2,543744000.0,155536843.36449942
,,expert.layer.11.qk,denoise,4,A,cross,matmul,1465,750,64,177,70320000,281280000,8,8,0.5323309087030716,8496000.0,matmul_physical_exact_v2,543744000.0,118924631.27023277
,,expert.layer.11.qk,denoise,4,B,cross,matmul,1465,750,64,177,248932800,995731200,8,8,0.5277515287258248,8496000.0,matmul_physical_exact_v2,543744000.0,121265035.76334584
,,expert.layer.11.qk,denoise,4,O,cross,matmul,1465,750,64,177,194478750,777915000,8,8,0.46480182282125937,8496000.0,matmul_physical_exact_v2,543744000.0,155748448.442616
,,expert.layer.11.qk,denoise,5,A,cross,matmul,1465,750,64,177,70320000,281280000,8,8,0.5324490649886234,8496000.0,matmul_physical_exact_v2,543744000.0,118864546.4030583
,,expert.layer.11.qk,denoise,5,B,cross,matmul,1465,750,64,177,248932800,995731200,8,8,0.5277416706436436,8496000.0,matmul_physical_exact_v2,543744000.0,121270098.57768299
,,expert.layer.11.qk,denoise,5,O,cross,matmul,1465,750,64,177,194478750,777915000,8,8,0.4643952604076281,8496000.0,matmul_physical_exact_v2,543744000.0,155985166.42426315
,,expert.layer.11.qk,denoise,6,A,cross,matmul,1465,750,64,177,70320000,281280000,8,8,0.5325742356370876,8496000.0,matmul_physical_exact_v2,543744000.0,118800911.15112887
,,expert.layer.11.qk,denoise,6,B,cross,matmul,1465,750,64,177,248932800,995731200,8,8,0.5277380582229421,8496000.0,matmul_physical_exact_v2,543744000.0,121271953.8347016
,,expert.layer.11.qk,denoise,6,O,cross,matmul,1465,750,64,177,194478750,777915000,8,8,0.4640379925827372,8496000.0,matmul_physical_exact_v2,543744000.0,156193331.37675068
,,expert.layer.11.qk,denoise,7,A,cross,matmul,1465,750,64,177,70320000,281280000,8,8,0.5327324658703072,8496000.0,matmul_physical_exact_v2,543744000.0,118720493.18689051
,,expert.layer.11.qk,denoise,7,B,cross,matmul,1465,750,64,177,248932800,995731200,8,8,0.5277612873835831,8496000.0,matmul_physical_exact_v2,543744000.0,121260024.11449072
,,expert.layer.11.qk,denoise,7,O,cross,matmul,1465,750,64,177,194478750,777915000,8,8,0.463864756432258,8496000.0,matmul_physical_exact_v2,543744000.0,156294318.77527523
,,expert.layer.11.qk,denoise,8,A,cross,matmul,1465,750,64,177,70320000,281280000,8,8,0.5330175625711036,8496000.0,matmul_physical_exact_v2,543744000.0,118575666.11086808
,,expert.layer.11.qk,denoise,8,B,cross,matmul,1465,750,64,177,248932800,995731200,8,8,0.527779882763541,8496000.0,matmul_physical_exact_v2,543744000.0,121250474.57199594
,,expert.layer.11.qk,denoise,8,O,cross,matmul,1465,750,64,177,194478750,777915000,8,8,0.4634023151629677,8496000.0,matmul_physical_exact_v2,543744000.0,156564057.11132452
,,expert.layer.11.qk,denoise,9,A,cross,matmul,1465,750,64,177,70320000,281280000,8,8,0.533474683589306,8496000.0,matmul_physical_exact_v2,543744000.0,118343636.40060323
,,expert.layer.11.qk,denoise,9,B,cross,matmul,1465,750,64,177,248932800,995731200,8,8,0.5278038922552593,8496000.0,matmul_physical_exact_v2,543744000.0,121238145.2020625
,,expert.layer.11.qk,denoise,9,O,cross,matmul,1465,750,64,177,194478750,777915000,8,8,0.4618625235404896,8496000.0,matmul_physical_exact_v2,543744000.0,157463881.7646403
,,expert.layer.11.pv,denoise,0,A,cross,matmul,1465,750,177,64,194478750,777915000,8,8,0.7749461136499489,8496000.0,matmul_physical_exact_v2,543744000.0,27540226.749675486
,,expert.layer.11.pv,denoise,0,B,cross,matmul,1465,750,177,64,248932800,995731200,8,8,0.5251750803831395,8496000.0,matmul_physical_exact_v2,543744000.0,122591817.70500393
,,expert.layer.11.pv,denoise,0,O,cross,matmul,1465,750,177,64,70320000,281280000,8,8,0.5277692619453925,8496000.0,matmul_physical_exact_v2,543744000.0,121255928.78148733
,,expert.layer.11.pv,denoise,1,A,cross,matmul,1465,750,177,64,194478750,777915000,8,8,0.7784635570724308,8496000.0,matmul_physical_exact_v2,543744000.0,26686083.10722056
,,expert.layer.11.pv,denoise,1,B,cross,matmul,1465,750,177,64,248932800,995731200,8,8,0.5251733992065328,8496000.0,matmul_physical_exact_v2,543744000.0,122592685.80965658
,,expert.layer.11.pv,denoise,1,O,cross,matmul,1465,750,177,64,70320000,281280000,8,8,0.5278682842718999,8496000.0,matmul_physical_exact_v2,543744000.0,121205081.6666285
,,expert.layer.11.pv,denoise,2,A,cross,matmul,1465,750,177,64,194478750,777915000,8,8,0.7808580436165905,8496000.0,matmul_physical_exact_v2,543744000.0,26112325.255422022
,,expert.layer.11.pv,denoise,2,B,cross,matmul,1465,750,177,64,248932800,995731200,8,8,0.5251737035055244,8496000.0,matmul_physical_exact_v2,543744000.0,122592528.67937514
,,expert.layer.11.pv,denoise,2,O,cross,matmul,1465,750,177,64,70320000,281280000,8,8,0.5279268060295791,8496000.0,matmul_physical_exact_v2,543744000.0,121175036.2594773
,,expert.layer.11.pv,denoise,3,A,cross,matmul,1465,750,177,64,194478750,777915000,8,8,0.7826127700327157,8496000.0,matmul_physical_exact_v2,543744000.0,25695823.172365103
,,expert.layer.11.pv,denoise,3,B,cross,matmul,1465,750,177,64,248932800,995731200,8,8,0.5251732847178033,8496000.0,matmul_physical_exact_v2,543744000.0,122592744.92800637
,,expert.layer.11.pv,denoise,3,O,cross,matmul,1465,750,177,64,70320000,281280000,8,8,0.5279508390216154,8496000.0,matmul_physical_exact_v2,543744000.0,121162698.6618785
,,expert.layer.11.pv,denoise,4,A,cross,matmul,1465,750,177,64,194478750,777915000,8,8,0.7843277131820314,8496000.0,matmul_physical_exact_v2,543744000.0,25291999.482865773
,,expert.layer.11.pv,denoise,4,B,cross,matmul,1465,750,177,64,248932800,995731200,8,8,0.5251724230394709,8496000.0,matmul_physical_exact_v2,543744000.0,122593189.87183312
,,expert.layer.11.pv,denoise,4,O,cross,matmul,1465,750,177,64,70320000,281280000,8,8,0.5280137940841866,8496000.0,matmul_physical_exact_v2,543744000.0,121130382.97417855
,,expert.layer.11.pv,denoise,5,A,cross,matmul,1465,750,177,64,194478750,777915000,8,8,0.7854157947847773,8496000.0,matmul_physical_exact_v2,543744000.0,25037443.459981024
,,expert.layer.11.pv,denoise,5,B,cross,matmul,1465,750,177,64,248932800,995731200,8,8,0.5251723748336901,8496000.0,matmul_physical_exact_v2,543744000.0,122593214.76381929
,,expert.layer.11.pv,denoise,5,O,cross,matmul,1465,750,177,64,70320000,281280000,8,8,0.5280424523606371,8496000.0,matmul_physical_exact_v2,543744000.0,121115673.71967219
,,expert.layer.11.pv,denoise,6,A,cross,matmul,1465,750,177,64,194478750,777915000,8,8,0.785629314256699,8496000.0,matmul_physical_exact_v2,543744000.0,24987641.82642094
,,expert.layer.11.pv,denoise,6,B,cross,matmul,1465,750,177,64,248932800,995731200,8,8,0.5251726881712655,8496000.0,matmul_physical_exact_v2,543744000.0,122593052.96595426
,,expert.layer.11.pv,denoise,6,O,cross,matmul,1465,750,177,64,70320000,281280000,8,8,0.5280655147895336,8496000.0,matmul_physical_exact_v2,543744000.0,121103837.25945947
,,expert.layer.11.pv,denoise,7,A,cross,matmul,1465,750,177,64,194478750,777915000,8,8,0.785258978165995,8496000.0,matmul_physical_exact_v2,543744000.0,25074051.204468735
,,expert.layer.11.pv,denoise,7,B,cross,matmul,1465,750,177,64,248932800,995731200,8,8,0.5251726490040686,8496000.0,matmul_physical_exact_v2,543744000.0,122593073.19068155
,,expert.layer.11.pv,denoise,7,O,cross,matmul,1465,750,177,64,70320000,281280000,8,8,0.5280873826791809,8496000.0,matmul_physical_exact_v2,543744000.0,121092614.41359575
,,expert.layer.11.pv,denoise,8,A,cross,matmul,1465,750,177,64,194478750,777915000,8,8,0.7829575956242006,8496000.0,matmul_physical_exact_v2,543744000.0,25614368.985935945
,,expert.layer.11.pv,denoise,8,B,cross,matmul,1465,750,177,64,248932800,995731200,8,8,0.525172703235572,8496000.0,matmul_physical_exact_v2,543744000.0,122593045.18721347
,,expert.layer.11.pv,denoise,8,O,cross,matmul,1465,750,177,64,70320000,281280000,8,8,0.5281335644197952,8496000.0,matmul_physical_exact_v2,543744000.0,121068915.1359242
,,expert.layer.11.pv,denoise,9,A,cross,matmul,1465,750,177,64,194478750,777915000,8,8,0.7776200754581156,8496000.0,matmul_physical_exact_v2,543744000.0,26889680.05185943
,,expert.layer.11.pv,denoise,9,B,cross,matmul,1465,750,177,64,248932800,995731200,8,8,0.5251725465667842,8496000.0,matmul_physical_exact_v2,543744000.0,122593126.08613005
,,expert.layer.11.pv,denoise,9,O,cross,matmul,1465,750,177,64,70320000,281280000,8,8,0.5281192761660979,8496000.0,matmul_physical_exact_v2,543744000.0,121076247.25126137
,,expert.layer.12.qk,denoise,0,A,self,matmul,1465,750,64,227,70320000,281280000,8,8,0.5350951294084186,10896000.0,matmul_physical_exact_v2,697344000.0,150721518.4430559
,,expert.layer.12.qk,denoise,0,B,self,matmul,1465,750,64,227,319252800,1277011200,8,8,0.540764030104043,10896000.0,matmul_physical_exact_v2,697344000.0,147068229.00481734
,,expert.layer.12.qk,denoise,0,O,self,matmul,1465,750,64,227,249416250,997665000,8,8,0.4682986282970737,10896000.0,matmul_physical_exact_v2,697344000.0,197143576.0074718
,,expert.layer.12.qk,denoise,1,A,self,matmul,1465,750,64,227,70320000,281280000,8,8,0.5349286120591581,10896000.0,matmul_physical_exact_v2,697344000.0,150829507.16939422
,,expert.layer.12.qk,denoise,1,B,self,matmul,1465,750,64,227,319252800,1277011200,8,8,0.5407328745433087,10896000.0,matmul_physical_exact_v2,697344000.0,147088184.53472954
,,expert.layer.12.qk,denoise,1,O,self,matmul,1465,750,64,227,249416250,997665000,8,8,0.46787264763222125,10896000.0,matmul_physical_exact_v2,697344000.0,197459591.71372914
,,expert.layer.12.qk,denoise,2,A,self,matmul,1465,750,64,227,70320000,281280000,8,8,0.534796843003413,10896000.0,matmul_physical_exact_v2,697344000.0,150914988.5720592
,,expert.layer.12.qk,denoise,2,B,self,matmul,1465,750,64,227,319252800,1277011200,8,8,0.5407279270534198,10896000.0,matmul_physical_exact_v2,697344000.0,147091353.58901238
,,expert.layer.12.qk,denoise,2,O,self,matmul,1465,750,64,227,249416250,997665000,8,8,0.4677906331283547,10896000.0,matmul_physical_exact_v2,697344000.0,197520463.6022884
,,expert.layer.12.qk,denoise,3,A,self,matmul,1465,750,64,227,70320000,281280000,8,8,0.5347562784414107,10896000.0,matmul_physical_exact_v2,697344000.0,150941308.54526594
,,expert.layer.12.qk,denoise,3,B,self,matmul,1465,750,64,227,319252800,1277011200,8,8,0.5407258973139781,10896000.0,matmul_physical_exact_v2,697344000.0,147092653.72372216
,,expert.layer.12.qk,denoise,3,O,self,matmul,1465,750,64,227,249416250,997665000,8,8,0.46779501536086765,10896000.0,matmul_physical_exact_v2,697344000.0,197517210.83340526
,,expert.layer.12.qk,denoise,4,A,self,matmul,1465,750,64,227,70320000,281280000,8,8,0.5346742640784983,10896000.0,matmul_physical_exact_v2,697344000.0,150994529.8820241
,,expert.layer.12.qk,denoise,4,B,self,matmul,1465,750,64,227,319252800,1277011200,8,8,0.5407199208589557,10896000.0,matmul_physical_exact_v2,697344000.0,147096481.9315123
,,expert.layer.12.qk,denoise,4,O,self,matmul,1465,750,64,227,249416250,997665000,8,8,0.4680912250103993,10896000.0,matmul_physical_exact_v2,697344000.0,197297407.47197297
,,expert.layer.12.qk,denoise,5,A,self,matmul,1465,750,64,227,70320000,281280000,8,8,0.5347338950511945,10896000.0,matmul_physical_exact_v2,697344000.0,150955832.80137482
,,expert.layer.12.qk,denoise,5,B,self,matmul,1465,750,64,227,319252800,1277011200,8,8,0.5407283875035709,10896000.0,matmul_physical_exact_v2,697344000.0,147091058.6518454
,,expert.layer.12.qk,denoise,5,O,self,matmul,1465,750,64,227,249416250,997665000,8,8,0.46844024597435013,10896000.0,matmul_physical_exact_v2,697344000.0,197038572.33916944
,,expert.layer.12.qk,denoise,6,A,self,matmul,1465,750,64,227,70320000,281280000,8,8,0.5347335253128556,10896000.0,matmul_physical_exact_v2,697344000.0,150956072.72506776
,,expert.layer.12.qk,denoise,6,B,self,matmul,1465,750,64,227,319252800,1277011200,8,8,0.5407350616815264,10896000.0,matmul_physical_exact_v2,697344000.0,147086783.60091156
,,expert.layer.12.qk,denoise,6,O,self,matmul,1465,750,64,227,249416250,997665000,8,8,0.46906909934697516,10896000.0,matmul_physical_exact_v2,697344000.0,196572641.36567408
,,expert.layer.12.qk,denoise,7,A,self,matmul,1465,750,64,227,70320000,281280000,8,8,0.5347663004835039,10896000.0,matmul_physical_exact_v2,697344000.0,150934805.61450338
,,expert.layer.12.qk,denoise,7,B,self,matmul,1465,750,64,227,319252800,1277011200,8,8,0.5407457530521267,10896000.0,matmul_physical_exact_v2,697344000.0,147079935.5231306
,,expert.layer.12.qk,denoise,7,O,self,matmul,1465,750,64,227,249416250,997665000,8,8,0.4699943688512677,10896000.0,matmul_physical_exact_v2,697344000.0,195888092.08076108
,,expert.layer.12.qk,denoise,8,A,self,matmul,1465,750,64,227,70320000,281280000,8,8,0.5348618885096701,10896000.0,matmul_physical_exact_v2,697344000.0,150872789.13546076
,,expert.layer.12.qk,denoise,8,B,self,matmul,1465,750,64,227,319252800,1277011200,8,8,0.5407441344288915,10896000.0,matmul_physical_exact_v2,697344000.0,147080972.27966443
,,expert.layer.12.qk,denoise,8,O,self,matmul,1465,750,64,227,249416250,997665000,8,8,0.47037796554955824,10896000.0,matmul_physical_exact_v2,697344000.0,195604642.8924563
,,expert.layer.12.qk,denoise,9,A,self,matmul,1465,750,64,227,70320000,281280000,8,8,0.5352217327929465,10896000.0,matmul_physical_exact_v2,697344000.0,150639440.33474767
,,expert.layer.12.qk,denoise,9,B,self,matmul,1465,750,64,227,319252800,1277011200,8,8,0.5407372394228023,10896000.0,matmul_physical_exact_v2,697344000.0,147085388.69277197
,,expert.layer.12.qk,denoise,9,O,self,matmul,1465,750,64,227,249416250,997665000,8,8,0.4682268597174402,10896000.0,matmul_physical_exact_v2,697344000.0,197196800.12942234
,,expert.layer.12.pv,denoise,0,A,self,matmul,1465,750,227,64,249416250,997665000,8,8,0.7565316784692256,10896000.0,matmul_physical_exact_v2,697344000.0,41336337.26885635
,,expert.layer.12.pv,denoise,0,B,self,matmul,1465,750,227,64,319252800,1277011200,8,8,0.534635689961059,10896000.0,matmul_physical_exact_v2,697344000.0,151019564.9131636
,,expert.layer.12.pv,denoise,0,O,self,matmul,1465,750,227,64,70320000,281280000,8,8,0.5317623435722412,10896000.0,matmul_physical_exact_v2,697344000.0,152890233.3161776
,,expert.layer.12.pv,denoise,1,A,self,matmul,1465,750,227,64,249416250,997665000,8,8,0.7569442708724873,10896000.0,matmul_physical_exact_v2,697344000.0,41196355.13489649
,,expert.layer.12.pv,denoise,1,B,self,matmul,1465,750,227,64,319252800,1277011200,8,8,0.5346972563748854,10896000.0,matmul_physical_exact_v2,697344000.0,150979608.61313564
,,expert.layer.12.pv,denoise,1,O,self,matmul,1465,750,227,64,70320000,281280000,8,8,0.5318714483788396,10896000.0,matmul_physical_exact_v2,697344000.0,152818991.220769
,,expert.layer.12.pv,denoise,2,A,self,matmul,1465,750,227,64,249416250,997665000,8,8,0.7573537339688172,10896000.0,matmul_physical_exact_v2,697344000.0,41057669.42234033
,,expert.layer.12.pv,denoise,2,B,self,matmul,1465,750,227,64,319252800,1277011200,8,8,0.5347529825893461,10896000.0,matmul_physical_exact_v2,697344000.0,150943447.13182804
,,expert.layer.12.pv,denoise,2,O,self,matmul,1465,750,227,64,70320000,281280000,8,8,0.532135516211604,10896000.0,matmul_physical_exact_v2,697344000.0,152646631.7361014
,,expert.layer.12.pv,denoise,3,A,self,matmul,1465,750,227,64,249416250,997665000,8,8,0.7577850510943052,10896000.0,matmul_physical_exact_v2,697344000.0,40911834.606978536
,,expert.layer.12.pv,denoise,3,B,self,matmul,1465,750,227,64,319252800,1277011200,8,8,0.534785571183714,10896000.0,matmul_physical_exact_v2,697344000.0,150922301.96675164
,,expert.layer.12.pv,denoise,3,O,self,matmul,1465,750,227,64,70320000,281280000,8,8,0.5324187997724688,10896000.0,matmul_physical_exact_v2,697344000.0,152461838.09744373
,,expert.layer.12.pv,denoise,4,A,self,matmul,1465,750,227,64,249416250,997665000,8,8,0.7581999188104224,10896000.0,matmul_physical_exact_v2,697344000.0,40771806.390577145
,,expert.layer.12.pv,denoise,4,B,self,matmul,1465,750,227,64,319252800,1277011200,8,8,0.5348600795357159,10896000.0,matmul_physical_exact_v2,697344000.0,150873962.6599255
,,expert.layer.12.pv,denoise,4,O,self,matmul,1465,750,227,64,70320000,281280000,8,8,0.5328962635096701,10896000.0,matmul_physical_exact_v2,697344000.0,152150628.69815084
,,expert.layer.12.pv,denoise,5,A,self,matmul,1465,750,227,64,249416250,997665000,8,8,0.7585715906642009,10896000.0,matmul_physical_exact_v2,697344000.0,40646561.71441772
,,expert.layer.12.pv,denoise,5,B,self,matmul,1465,750,227,64,319252800,1277011200,8,8,0.5349122255153282,10896000.0,matmul_physical_exact_v2,697344000.0,150840136.15211156
,,expert.layer.12.pv,denoise,5,O,self,matmul,1465,750,227,64,70320000,281280000,8,8,0.5332472945108078,10896000.0,matmul_physical_exact_v2,697344000.0,151922030.57509202
,,expert.layer.12.pv,denoise,6,A,self,matmul,1465,750,227,64,249416250,997665000,8,8,0.7587041100970767,10896000.0,matmul_physical_exact_v2,697344000.0,40601952.374408945
,,expert.layer.12.pv,denoise,6,B,self,matmul,1465,750,227,64,319252800,1277011200,8,8,0.5350007775969389,10896000.0,matmul_physical_exact_v2,697344000.0,150782702.1055411
,,expert.layer.12.pv,denoise,6,O,self,matmul,1465,750,227,64,70320000,281280000,8,8,0.5337724687144483,10896000.0,matmul_physical_exact_v2,697344000.0,151580347.94740766
,,expert.layer.12.pv,denoise,7,A,self,matmul,1465,750,227,64,249416250,997665000,8,8,0.7588448517287867,10896000.0,matmul_physical_exact_v2,697344000.0,40554602.05688945
,,expert.layer.12.pv,denoise,7,B,self,matmul,1465,750,227,64,319252800,1277011200,8,8,0.5351516595939018,10896000.0,matmul_physical_exact_v2,697344000.0,150684866.65505266
,,expert.layer.12.pv,denoise,7,O,self,matmul,1465,750,227,64,70320000,281280000,8,8,0.5346453924914676,10896000.0,matmul_physical_exact_v2,697344000.0,151013267.66769683
,,expert.layer.12.pv,denoise,8,A,self,matmul,1465,750,227,64,249416250,997665000,8,8,0.7587603343807792,10896000.0,matmul_physical_exact_v2,697344000.0,40583033.28108343
,,expert.layer.12.pv,denoise,8,B,self,matmul,1465,750,227,64,319252800,1277011200,8,8,0.535353924068951,10896000.0,matmul_physical_exact_v2,697344000.0,150553763.4027532
,,expert.layer.12.pv,denoise,8,O,self,matmul,1465,750,227,64,70320000,281280000,8,8,0.535332000142207,10896000.0,matmul_physical_exact_v2,697344000.0,150567971.23844537
,,expert.layer.12.pv,denoise,9,A,self,matmul,1465,750,227,64,249416250,997665000,8,8,0.7584775931800755,10896000.0,matmul_physical_exact_v2,697344000.0,40678218.455384776
,,expert.layer.12.pv,denoise,9,B,self,matmul,1465,750,227,64,319252800,1277011200,8,8,0.5356277368593165,10896000.0,matmul_physical_exact_v2,697344000.0,150376375.05573532
,,expert.layer.12.pv,denoise,9,O,self,matmul,1465,750,227,64,70320000,281280000,8,8,0.5360286476109215,10896000.0,matmul_physical_exact_v2,697344000.0,150116835.51796025
,,expert.layer.13.qk,denoise,0,A,cross,matmul,1465,750,64,177,70320000,281280000,8,8,0.5362645548919226,8496000.0,matmul_physical_exact_v2,543744000.0,116932453.35483445
,,expert.layer.13.qk,denoise,0,B,cross,matmul,1465,750,64,177,248932800,995731200,8,8,0.5337058886976727,8496000.0,matmul_physical_exact_v2,543744000.0,118226365.7092154
,,expert.layer.13.qk,denoise,0,O,cross,matmul,1465,750,64,177,194478750,777915000,8,8,0.4824236118341978,8496000.0,matmul_physical_exact_v2,543744000.0,145661034.12589368
,,expert.layer.13.qk,denoise,1,A,cross,matmul,1465,750,64,177,70320000,281280000,8,8,0.5364606299772469,8496000.0,matmul_physical_exact_v2,543744000.0,116833592.27385779
,,expert.layer.13.qk,denoise,1,B,cross,matmul,1465,750,64,177,248932800,995731200,8,8,0.533705045096508,8496000.0,matmul_physical_exact_v2,543744000.0,118226793.4906847
,,expert.layer.13.qk,denoise,1,O,cross,matmul,1465,750,64,177,194478750,777915000,8,8,0.48201021191261256,8496000.0,matmul_physical_exact_v2,543744000.0,145893812.55050808
,,expert.layer.13.qk,denoise,2,A,cross,matmul,1465,750,64,177,70320000,281280000,8,8,0.5365291311149033,8496000.0,matmul_physical_exact_v2,543744000.0,116799063.84692381
,,expert.layer.13.qk,denoise,2,B,cross,matmul,1465,750,64,177,248932800,995731200,8,8,0.5337064912699331,8496000.0,matmul_physical_exact_v2,543744000.0,118226060.15149692
,,expert.layer.13.qk,denoise,2,O,cross,matmul,1465,750,64,177,194478750,777915000,8,8,0.4816695281618172,8496000.0,matmul_physical_exact_v2,543744000.0,146085785.4332031
,,expert.layer.13.qk,denoise,3,A,cross,matmul,1465,750,64,177,70320000,281280000,8,8,0.5366106655290103,8496000.0,matmul_physical_exact_v2,543744000.0,116757972.56712076
,,expert.layer.13.qk,denoise,3,B,cross,matmul,1465,750,64,177,248932800,995731200,8,8,0.5337146018925589,8496000.0,matmul_physical_exact_v2,543744000.0,118221947.38303187
,,expert.layer.13.qk,denoise,3,O,cross,matmul,1465,750,64,177,194478750,777915000,8,8,0.48116814047807277,8496000.0,matmul_physical_exact_v2,543744000.0,146368543.41590512
,,expert.layer.13.qk,denoise,4,A,cross,matmul,1465,750,64,177,70320000,281280000,8,8,0.5366693294937429,8496000.0,matmul_physical_exact_v2,543744000.0,116728411.88666777
,,expert.layer.13.qk,denoise,4,B,cross,matmul,1465,750,64,177,248932800,995731200,8,8,0.5337043762412989,8496000.0,matmul_physical_exact_v2,543744000.0,118227132.66082826
,,expert.layer.13.qk,denoise,4,O,cross,matmul,1465,750,64,177,194478750,777915000,8,8,0.48092588393333463,8496000.0,matmul_physical_exact_v2,543744000.0,146505262.14377177
,,expert.layer.13.qk,denoise,5,A,cross,matmul,1465,750,64,177,70320000,281280000,8,8,0.5367199054323094,8496000.0,matmul_physical_exact_v2,543744000.0,116702929.7541389
,,expert.layer.13.qk,denoise,5,B,cross,matmul,1465,750,64,177,248932800,995731200,8,8,0.533702354611365,8496000.0,matmul_physical_exact_v2,543744000.0,118228157.81318365
,,expert.layer.13.qk,denoise,5,O,cross,matmul,1465,750,64,177,194478750,777915000,8,8,0.48059074577556676,8496000.0,matmul_physical_exact_v2,543744000.0,146694504.30626243
,,expert.layer.13.qk,denoise,6,A,cross,matmul,1465,750,64,177,70320000,281280000,8,8,0.5366651308304892,8496000.0,matmul_physical_exact_v2,543744000.0,116730527.46219727
,,expert.layer.13.qk,denoise,6,B,cross,matmul,1465,750,64,177,248932800,995731200,8,8,0.5336989380266481,8496000.0,matmul_physical_exact_v2,543744000.0,118229890.34604503
,,expert.layer.13.qk,denoise,6,O,cross,matmul,1465,750,64,177,194478750,777915000,8,8,0.48046223173482966,8496000.0,matmul_physical_exact_v2,543744000.0,146767104.61363146
,,expert.layer.13.qk,denoise,7,A,cross,matmul,1465,750,64,177,70320000,281280000,8,8,0.5366350895904437,8496000.0,matmul_physical_exact_v2,543744000.0,116745664.86588684
,,expert.layer.13.qk,denoise,7,B,cross,matmul,1465,750,64,177,248932800,995731200,8,8,0.5336901916902875,8496000.0,matmul_physical_exact_v2,543744000.0,118234325.62690197
,,expert.layer.13.qk,denoise,7,O,cross,matmul,1465,750,64,177,194478750,777915000,8,8,0.4803850047884409,8496000.0,matmul_physical_exact_v2,543744000.0,146810740.39302585
,,expert.layer.13.qk,denoise,8,A,cross,matmul,1465,750,64,177,70320000,281280000,8,8,0.536272984215017,8496000.0,matmul_physical_exact_v2,543744000.0,116928202.42908892
,,expert.layer.13.qk,denoise,8,B,cross,matmul,1465,750,64,177,248932800,995731200,8,8,0.5336979558338636,8496000.0,matmul_physical_exact_v2,543744000.0,118230388.41339675
,,expert.layer.13.qk,denoise,8,O,cross,matmul,1465,750,64,177,194478750,777915000,8,8,0.4804041521245894,8496000.0,matmul_physical_exact_v2,543744000.0,146799920.91002244
,,expert.layer.13.qk,denoise,9,A,cross,matmul,1465,750,64,177,70320000,281280000,8,8,0.5357522184300342,8496000.0,matmul_physical_exact_v2,543744000.0,117190970.80810396
,,expert.layer.13.qk,denoise,9,B,cross,matmul,1465,750,64,177,248932800,995731200,8,8,0.5336897759154278,8496000.0,matmul_physical_exact_v2,543744000.0,118234536.4690554
,,expert.layer.13.qk,denoise,9,O,cross,matmul,1465,750,64,177,194478750,777915000,8,8,0.47997968672669894,8496000.0,matmul_physical_exact_v2,543744000.0,147039864.85366148
,,expert.layer.13.pv,denoise,0,A,cross,matmul,1465,750,177,64,194478750,777915000,8,8,0.7740713869767263,8496000.0,matmul_physical_exact_v2,543744000.0,27754726.37437062
,,expert.layer.13.pv,denoise,0,B,cross,matmul,1465,750,177,64,248932800,995731200,8,8,0.5293896666088197,8496000.0,matmul_physical_exact_v2,543744000.0,120425205.36065048
,,expert.layer.13.pv,denoise,0,O,cross,matmul,1465,750,177,64,70320000,281280000,8,8,0.5289932913822526,8496000.0,matmul_physical_exact_v2,543744000.0,120628148.92842233
,,expert.layer.13.pv,denoise,1,A,cross,matmul,1465,750,177,64,194478750,777915000,8,8,0.7769491885360226,8496000.0,matmul_physical_exact_v2,543744000.0,27052169.05902726
,,expert.layer.13.pv,denoise,1,B,cross,matmul,1465,750,177,64,248932800,995731200,8,8,0.529388862174852,8496000.0,matmul_physical_exact_v2,543744000.0,120425617.0567042
,,expert.layer.13.pv,denoise,1,O,cross,matmul,1465,750,177,64,70320000,281280000,8,8,0.5290352246871445,8496000.0,matmul_physical_exact_v2,543744000.0,120606671.05269185
,,expert.layer.13.pv,denoise,2,A,cross,matmul,1465,750,177,64,194478750,777915000,8,8,0.7792205215222743,8496000.0,matmul_physical_exact_v2,543744000.0,26504028.139593802
,,expert.layer.13.pv,denoise,2,B,cross,matmul,1465,750,177,64,248932800,995731200,8,8,0.5293892990397409,8496000.0,matmul_physical_exact_v2,543744000.0,120425393.47636299
,,expert.layer.13.pv,denoise,2,O,cross,matmul,1465,750,177,64,70320000,281280000,8,8,0.5290672746018202,8496000.0,matmul_physical_exact_v2,543744000.0,120590256.65316698
,,expert.layer.13.pv,denoise,3,A,cross,matmul,1465,750,177,64,194478750,777915000,8,8,0.781291844224626,8496000.0,matmul_physical_exact_v2,543744000.0,26009046.713154804
,,expert.layer.13.pv,denoise,3,B,cross,matmul,1465,750,177,64,248932800,995731200,8,8,0.5293885759530282,8496000.0,matmul_physical_exact_v2,543744000.0,120425763.54048862
,,expert.layer.13.pv,denoise,3,O,cross,matmul,1465,750,177,64,70320000,281280000,8,8,0.5290817015073948,8496000.0,matmul_physical_exact_v2,543744000.0,120582868.26198581
,,expert.layer.13.pv,denoise,4,A,cross,matmul,1465,750,177,64,194478750,777915000,8,8,0.7829491011228733,8496000.0,matmul_physical_exact_v2,543744000.0,25616373.9909005
,,expert.layer.13.pv,denoise,4,B,cross,matmul,1465,750,177,64,248932800,995731200,8,8,0.5293889796764428,8496000.0,matmul_physical_exact_v2,543744000.0,120425556.92128168
,,expert.layer.13.pv,denoise,4,O,cross,matmul,1465,750,177,64,70320000,281280000,8,8,0.5290740649886234,8496000.0,matmul_physical_exact_v2,543744000.0,120586779.09240438
,,expert.layer.13.pv,denoise,5,A,cross,matmul,1465,750,177,64,194478750,777915000,8,8,0.784385110198415,8496000.0,matmul_physical_exact_v2,543744000.0,25278539.319197156
,,expert.layer.13.pv,denoise,5,B,cross,matmul,1465,750,177,64,248932800,995731200,8,8,0.5293889344835233,8496000.0,matmul_physical_exact_v2,543744000.0,120425580.05028856
,,expert.layer.13.pv,denoise,5,O,cross,matmul,1465,750,177,64,70320000,281280000,8,8,0.5290901166097839,8496000.0,matmul_physical_exact_v2,543744000.0,120578558.775097
,,expert.layer.13.pv,denoise,6,A,cross,matmul,1465,750,177,64,194478750,777915000,8,8,0.7850752074455435,8496000.0,matmul_physical_exact_v2,543744000.0,25116985.228677064
,,expert.layer.13.pv,denoise,6,B,cross,matmul,1465,750,177,64,248932800,995731200,8,8,0.5293885699273057,8496000.0,matmul_physical_exact_v2,543744000.0,120425766.62435871
,,expert.layer.13.pv,denoise,6,O,cross,matmul,1465,750,177,64,70320000,281280000,8,8,0.5291129728384528,8496000.0,matmul_physical_exact_v2,543744000.0,120566854.18223624
,,expert.layer.13.pv,denoise,7,A,cross,matmul,1465,750,177,64,194478750,777915000,8,8,0.7851284330550253,8496000.0,matmul_physical_exact_v2,543744000.0,25104546.446763434
,,expert.layer.13.pv,denoise,7,B,cross,matmul,1465,750,177,64,248932800,995731200,8,8,0.5293891755124275,8496000.0,matmul_physical_exact_v2,543744000.0,120425456.69561082
,,expert.layer.13.pv,denoise,7,O,cross,matmul,1465,750,177,64,70320000,281280000,8,8,0.5291727886803186,8496000.0,matmul_physical_exact_v2,543744000.0,120536225.39266568
,,expert.layer.13.pv,denoise,8,A,cross,matmul,1465,750,177,64,194478750,777915000,8,8,0.7831870024359988,8496000.0,matmul_physical_exact_v2,543744000.0,25560250.480268396
,,expert.layer.13.pv,denoise,8,B,cross,matmul,1465,750,177,64,248932800,995731200,8,8,0.5293886693517287,8496000.0,matmul_physical_exact_v2,543744000.0,120425715.74050704
,,expert.layer.13.pv,denoise,8,O,cross,matmul,1465,750,177,64,70320000,281280000,8,8,0.5291363978953356,8496000.0,matmul_physical_exact_v2,543744000.0,120554858.88397948
,,expert.layer.13.pv,denoise,9,A,cross,matmul,1465,750,177,64,194478750,777915000,8,8,0.7777692112891511,8496000.0,matmul_physical_exact_v2,543744000.0,26853625.807365537
,,expert.layer.13.pv,denoise,9,B,cross,matmul,1465,750,177,64,248932800,995731200,8,8,0.5293895129528933,8496000.0,matmul_physical_exact_v2,543744000.0,120425283.99916817
,,expert.layer.13.pv,denoise,9,O,cross,matmul,1465,750,177,64,70320000,281280000,8,8,0.5291748222411832,8496000.0,matmul_physical_exact_v2,543744000.0,120535184.17323111
,,expert.layer.14.qk,denoise,0,A,self,matmul,1465,750,64,227,70320000,281280000,8,8,0.535266616894198,10896000.0,matmul_physical_exact_v2,697344000.0,150610346.93733233
,,expert.layer.14.qk,denoise,0,B,self,matmul,1465,750,64,227,319252800,1277011200,8,8,0.5380399717715867,10896000.0,matmul_physical_exact_v2,697344000.0,148818138.2047973
,,expert.layer.14.qk,denoise,0,O,self,matmul,1465,750,64,227,249416250,997665000,8,8,0.4755068063929275,10896000.0,matmul_physical_exact_v2,697344000.0,191834529.79756996
,,expert.layer.14.qk,denoise,1,A,self,matmul,1465,750,64,227,70320000,281280000,8,8,0.5353333155574517,10896000.0,matmul_physical_exact_v2,697344000.0,150567118.76259407
,,expert.layer.14.qk,denoise,1,B,self,matmul,1465,750,64,227,319252800,1277011200,8,8,0.5380501134210882,10896000.0,matmul_physical_exact_v2,697344000.0,148811604.11207014
,,expert.layer.14.qk,denoise,1,O,self,matmul,1465,750,64,227,249416250,997665000,8,8,0.47564494995815226,10896000.0,matmul_physical_exact_v2,697344000.0,191733490.48472434
,,expert.layer.14.qk,denoise,2,A,self,matmul,1465,750,64,227,70320000,281280000,8,8,0.5353648641922639,10896000.0,matmul_physical_exact_v2,697344000.0,150546673.88911304
,,expert.layer.14.qk,denoise,2,B,self,matmul,1465,750,64,227,319252800,1277011200,8,8,0.5380702487182571,10896000.0,matmul_physical_exact_v2,697344000.0,148798631.70681235
,,expert.layer.14.qk,denoise,2,O,self,matmul,1465,750,64,227,249416250,997665000,8,8,0.47568760956834205,10896000.0,matmul_physical_exact_v2,697344000.0,191702294.28190058
,,expert.layer.14.qk,denoise,3,A,self,matmul,1465,750,64,227,70320000,281280000,8,8,0.5355058127133105,10896000.0,matmul_physical_exact_v2,697344000.0,150455350.13452408
,,expert.layer.14.qk,denoise,3,B,self,matmul,1465,750,64,227,319252800,1277011200,8,8,0.5381048529566538,10896000.0,matmul_physical_exact_v2,697344000.0,148776338.8345901
,,expert.layer.14.qk,denoise,3,O,self,matmul,1465,750,64,227,249416250,997665000,8,8,0.47594380678885195,10896000.0,matmul_physical_exact_v2,697344000.0,191514995.2725564
,,expert.layer.14.qk,denoise,4,A,self,matmul,1465,750,64,227,70320000,281280000,8,8,0.5356018593572242,10896000.0,matmul_physical_exact_v2,697344000.0,150393135.20139295
,,expert.layer.14.qk,denoise,4,B,self,matmul,1465,750,64,227,319252800,1277011200,8,8,0.5381117738043332,10896000.0,matmul_physical_exact_v2,697344000.0,148771880.46055448
,,expert.layer.14.qk,denoise,4,O,self,matmul,1465,750,64,227,249416250,997665000,8,8,0.47619130269178533,10896000.0,matmul_physical_exact_v2,697344000.0,191334144.4985563
,,expert.layer.14.qk,denoise,5,A,self,matmul,1465,750,64,227,70320000,281280000,8,8,0.5358072063424346,10896000.0,matmul_physical_exact_v2,697344000.0,150260163.3121709
,,expert.layer.14.qk,denoise,5,B,self,matmul,1465,750,64,227,319252800,1277011200,8,8,0.5381302200012028,10896000.0,matmul_physical_exact_v2,697344000.0,148759997.8428923
,,expert.layer.14.qk,denoise,5,O,self,matmul,1465,750,64,227,249416250,997665000,8,8,0.4765769090827081,10896000.0,matmul_physical_exact_v2,697344000.0,191052543.55331615
,,expert.layer.14.qk,denoise,6,A,self,matmul,1465,750,64,227,70320000,281280000,8,8,0.5359943757110353,10896000.0,matmul_physical_exact_v2,697344000.0,150139013.52160284
,,expert.layer.14.qk,denoise,6,B,self,matmul,1465,750,64,227,319252800,1277011200,8,8,0.5381713997496654,10896000.0,matmul_physical_exact_v2,697344000.0,148733472.50406793
,,expert.layer.14.qk,denoise,6,O,self,matmul,1465,750,64,227,249416250,997665000,8,8,0.4770478898227361,10896000.0,matmul_physical_exact_v2,697344000.0,190708876.69346198
,,expert.layer.14.qk,denoise,7,A,self,matmul,1465,750,64,227,70320000,281280000,8,8,0.5361984286120591,10896000.0,matmul_physical_exact_v2,697344000.0,150006991.1352624
,,expert.layer.14.qk,denoise,7,B,self,matmul,1465,750,64,227,319252800,1277011200,8,8,0.5382107682375847,10896000.0,matmul_physical_exact_v2,697344000.0,148708116.0738227
,,expert.layer.14.qk,denoise,7,O,self,matmul,1465,750,64,227,249416250,997665000,8,8,0.47754350207735063,10896000.0,matmul_physical_exact_v2,697344000.0,190347570.69097897
,,expert.layer.14.qk,denoise,8,A,self,matmul,1465,750,64,227,70320000,281280000,8,8,0.5364388083048919,10896000.0,matmul_physical_exact_v2,697344000.0,149851539.78530014
,,expert.layer.14.qk,denoise,8,B,self,matmul,1465,750,64,227,319252800,1277011200,8,8,0.5382798028709537,10896000.0,matmul_physical_exact_v2,697344000.0,148663657.5104194
,,expert.layer.14.qk,denoise,8,O,self,matmul,1465,750,64,227,249416250,997665000,8,8,0.47745566297304204,10896000.0,matmul_physical_exact_v2,697344000.0,190411581.247734
,,expert.layer.14.qk,denoise,9,A,self,matmul,1465,750,64,227,70320000,281280000,8,8,0.536428494738339,10896000.0,matmul_physical_exact_v2,697344000.0,149858207.81985062
,,expert.layer.14.qk,denoise,9,B,self,matmul,1465,750,64,227,319252800,1277011200,8,8,0.538382955450978,10896000.0,matmul_physical_exact_v2,697344000.0,148597239.24702853
,,expert.layer.14.qk,denoise,9,O,self,matmul,1465,750,64,227,249416250,997665000,8,8,0.47518598828263997,10896000.0,matmul_physical_exact_v2,697344000.0,192069281.41865578
,,expert.layer.14.pv,denoise,0,A,self,matmul,1465,750,227,64,249416250,997665000,8,8,0.7558968862293455,10896000.0,matmul_physical_exact_v2,697344000.0,41552169.81388526
,,expert.layer.14.pv,denoise,0,B,self,matmul,1465,750,227,64,319252800,1277011200,8,8,0.5314682933086257,10896000.0,matmul_physical_exact_v2,697344000.0,153082321.7963673
,,expert.layer.14.pv,denoise,0,O,self,matmul,1465,750,227,64,70320000,281280000,8,8,0.5316228491183163,10896000.0,matmul_physical_exact_v2,697344000.0,152981343.10270736
,,expert.layer.14.pv,denoise,1,A,self,matmul,1465,750,227,64,249416250,997665000,8,8,0.7561690236702701,10896000.0,matmul_physical_exact_v2,697344000.0,41459572.89696896
,,expert.layer.14.pv,denoise,1,B,self,matmul,1465,750,227,64,319252800,1277011200,8,8,0.5314604421637023,10896000.0,matmul_physical_exact_v2,697344000.0,153087452.21356764
,,expert.layer.14.pv,denoise,1,O,self,matmul,1465,750,227,64,70320000,281280000,8,8,0.5316567548350398,10896000.0,matmul_physical_exact_v2,697344000.0,152959195.33425757
,,expert.layer.14.pv,denoise,2,A,self,matmul,1465,750,227,64,249416250,997665000,8,8,0.7564752687525371,10896000.0,matmul_physical_exact_v2,697344000.0,41355494.1036037
,,expert.layer.14.pv,denoise,2,B,self,matmul,1465,750,227,64,319252800,1277011200,8,8,0.5314695360541866,10896000.0,matmul_physical_exact_v2,697344000.0,153081509.71846157
,,expert.layer.14.pv,denoise,2,O,self,matmul,1465,750,227,64,70320000,281280000,8,8,0.5319349509385666,10896000.0,matmul_physical_exact_v2,697344000.0,152777533.63877138
,,expert.layer.14.pv,denoise,3,A,self,matmul,1465,750,227,64,249416250,997665000,8,8,0.7568055870457518,10896000.0,matmul_physical_exact_v2,697344000.0,41243380.54877378
,,expert.layer.14.pv,denoise,3,B,self,matmul,1465,750,227,64,319252800,1277011200,8,8,0.5314322043534152,10896000.0,matmul_physical_exact_v2,697344000.0,153105905.23263472
,,expert.layer.14.pv,denoise,3,O,self,matmul,1465,750,227,64,70320000,281280000,8,8,0.5320677545506257,10896000.0,matmul_physical_exact_v2,697344000.0,152690851.1146095
,,expert.layer.14.pv,denoise,4,A,self,matmul,1465,750,227,64,249416250,997665000,8,8,0.7571695268451835,10896000.0,matmul_physical_exact_v2,697344000.0,41120031.69244693
,,expert.layer.14.pv,denoise,4,B,self,matmul,1465,750,227,64,319252800,1277011200,8,8,0.5314402504848822,10896000.0,matmul_physical_exact_v2,697344000.0,153100647.08354175
,,expert.layer.14.pv,denoise,4,O,self,matmul,1465,750,227,64,70320000,281280000,8,8,0.532266616894198,10896000.0,matmul_physical_exact_v2,697344000.0,152561097.2511835
,,expert.layer.14.pv,denoise,5,A,self,matmul,1465,750,227,64,249416250,997665000,8,8,0.7576545734289566,10896000.0,matmul_physical_exact_v2,697344000.0,40955923.697779275
,,expert.layer.14.pv,denoise,5,B,self,matmul,1465,750,227,64,319252800,1277011200,8,8,0.5314230493828088,10896000.0,matmul_physical_exact_v2,697344000.0,153111888.1182203
,,expert.layer.14.pv,denoise,5,O,self,matmul,1465,750,227,64,70320000,281280000,8,8,0.5323330880261661,10896000.0,matmul_physical_exact_v2,697344000.0,152517738.41208476
,,expert.layer.14.pv,denoise,6,A,self,matmul,1465,750,227,64,249416250,997665000,8,8,0.75829622769166,10896000.0,matmul_physical_exact_v2,697344000.0,40739334.068473585
,,expert.layer.14.pv,denoise,6,B,self,matmul,1465,750,227,64,319252800,1277011200,8,8,0.5314277572506804,10896000.0,matmul_physical_exact_v2,697344000.0,153108811.45421997
,,expert.layer.14.pv,denoise,6,O,self,matmul,1465,750,227,64,70320000,281280000,8,8,0.5325542768771331,10896000.0,matmul_physical_exact_v2,697344000.0,152373502.22730306
,,expert.layer.14.pv,denoise,7,A,self,matmul,1465,750,227,64,249416250,997665000,8,8,0.759078165516481,10896000.0,matmul_physical_exact_v2,697344000.0,40476168.14627401
,,expert.layer.14.pv,denoise,7,B,self,matmul,1465,750,227,64,319252800,1277011200,8,8,0.5314264534249974,10896000.0,matmul_physical_exact_v2,697344000.0,153109663.52124482
,,expert.layer.14.pv,denoise,7,O,self,matmul,1465,750,227,64,70320000,281280000,8,8,0.5324965194823663,10896000.0,matmul_physical_exact_v2,697344000.0,152411158.9638606
,,expert.layer.14.pv,denoise,8,A,self,matmul,1465,750,227,64,249416250,997665000,8,8,0.7603429427713712,10896000.0,matmul_physical_exact_v2,697344000.0,40052304.85414928
,,expert.layer.14.pv,denoise,8,B,self,matmul,1465,750,227,64,319252800,1277011200,8,8,0.5314019955345732,10896000.0,matmul_physical_exact_v2,697344000.0,153125647.50980657
,,expert.layer.14.pv,denoise,8,O,self,matmul,1465,750,227,64,70320000,281280000,8,8,0.5320780325654152,10896000.0,matmul_physical_exact_v2,697344000.0,152684143.5555304
,,expert.layer.14.pv,denoise,9,A,self,matmul,1465,750,227,64,249416250,997665000,8,8,0.7637650283411767,10896000.0,matmul_physical_exact_v2,697344000.0,38916649.99361873
,,expert.layer.14.pv,denoise,9,B,self,matmul,1465,750,227,64,319252800,1277011200,8,8,0.5314183626580565,10896000.0,matmul_physical_exact_v2,697344000.0,153114950.9955713
,,expert.layer.14.pv,denoise,9,O,self,matmul,1465,750,227,64,70320000,281280000,8,8,0.5308428789817975,10896000.0,matmul_physical_exact_v2,697344000.0,153491275.01990107
,,expert.layer.15.qk,denoise,0,A,cross,matmul,1465,750,64,177,70320000,281280000,8,8,0.5371828604948805,8496000.0,matmul_physical_exact_v2,543744000.0,116469804.18873483
,,expert.layer.15.qk,denoise,0,B,cross,matmul,1465,750,64,177,248932800,995731200,8,8,0.5327736943464261,8496000.0,matmul_physical_exact_v2,543744000.0,118699543.95021184
,,expert.layer.15.qk,denoise,0,O,cross,matmul,1465,750,64,177,194478750,777915000,8,8,0.5205239698424635,8496000.0,matmul_physical_exact_v2,543744000.0,125005257.6421683
,,expert.layer.15.qk,denoise,1,A,cross,matmul,1465,750,64,177,70320000,281280000,8,8,0.5371956271331058,8496000.0,matmul_physical_exact_v2,543744000.0,116463378.72511584
,,expert.layer.15.qk,denoise,1,B,cross,matmul,1465,750,64,177,248932800,995731200,8,8,0.5327760413653805,8496000.0,matmul_physical_exact_v2,543744000.0,118698351.42583364
,,expert.layer.15.qk,denoise,1,O,cross,matmul,1465,750,64,177,194478750,777915000,8,8,0.5201747054626791,8496000.0,matmul_physical_exact_v2,543744000.0,125187438.95093864
,,expert.layer.15.qk,denoise,2,A,cross,matmul,1465,750,64,177,70320000,281280000,8,8,0.5371283951934016,8496000.0,matmul_physical_exact_v2,543744000.0,116497218.62834299
,,expert.layer.15.qk,denoise,2,B,cross,matmul,1465,750,64,177,248932800,995731200,8,8,0.5327648515985037,8496000.0,matmul_physical_exact_v2,543744000.0,118704037.01948307
,,expert.layer.15.qk,denoise,2,O,cross,matmul,1465,750,64,177,194478750,777915000,8,8,0.5196592185521555,8496000.0,matmul_physical_exact_v2,543744000.0,125456566.6989493
,,expert.layer.15.qk,denoise,3,A,cross,matmul,1465,750,64,177,70320000,281280000,8,8,0.5370739725540387,8496000.0,matmul_physical_exact_v2,543744000.0,116524614.81670998
,,expert.layer.15.qk,denoise,3,B,cross,matmul,1465,750,64,177,248932800,995731200,8,8,0.5327492299126512,8496000.0,matmul_physical_exact_v2,543744000.0,118711974.72785828
,,expert.layer.15.qk,denoise,3,O,cross,matmul,1465,750,64,177,194478750,777915000,8,8,0.5193678512433878,8496000.0,matmul_physical_exact_v2,543744000.0,125608812.89642951
,,expert.layer.15.qk,denoise,4,A,cross,matmul,1465,750,64,177,70320000,281280000,8,8,0.5370217150170649,8496000.0,matmul_physical_exact_v2,543744000.0,116550924.13051687
,,expert.layer.15.qk,denoise,4,B,cross,matmul,1465,750,64,177,248932800,995731200,8,8,0.532733044821735,8496000.0,matmul_physical_exact_v2,543744000.0,118720198.99415748
,,expert.layer.15.qk,denoise,4,O,cross,matmul,1465,750,64,177,194478750,777915000,8,8,0.5189588361196275,8496000.0,matmul_physical_exact_v2,543744000.0,125822688.57903166
,,expert.layer.15.qk,denoise,5,A,cross,matmul,1465,750,64,177,70320000,281280000,8,8,0.5369370591581343,8496000.0,matmul_physical_exact_v2,543744000.0,116593550.84100941
,,expert.layer.15.qk,denoise,5,B,cross,matmul,1465,750,64,177,248932800,995731200,8,8,0.5327152629143287,8496000.0,matmul_physical_exact_v2,543744000.0,118729234.992663
,,expert.layer.15.qk,denoise,5,O,cross,matmul,1465,750,64,177,194478750,777915000,8,8,0.5186789315027992,8496000.0,matmul_physical_exact_v2,543744000.0,125969156.70016147
,,expert.layer.15.qk,denoise,6,A,cross,matmul,1465,750,64,177,70320000,281280000,8,8,0.5368878732935154,8496000.0,matmul_physical_exact_v2,543744000.0,116618320.947489
,,expert.layer.15.qk,denoise,6,B,cross,matmul,1465,750,64,177,248932800,995731200,8,8,0.5326899880208634,8496000.0,matmul_physical_exact_v2,543744000.0,118742079.19528402
,,expert.layer.15.qk,denoise,6,O,cross,matmul,1465,750,64,177,194478750,777915000,8,8,0.5183731088872178,8496000.0,matmul_physical_exact_v2,543744000.0,126129284.5578381
,,expert.layer.15.qk,denoise,7,A,cross,matmul,1465,750,64,177,70320000,281280000,8,8,0.5367523108646188,8496000.0,matmul_physical_exact_v2,543744000.0,116686604.09426203
,,expert.layer.15.qk,denoise,7,B,cross,matmul,1465,750,64,177,248932800,995731200,8,8,0.5326762795019379,8496000.0,matmul_physical_exact_v2,543744000.0,118749045.88494861
,,expert.layer.15.qk,denoise,7,O,cross,matmul,1465,750,64,177,194478750,777915000,8,8,0.5180246736468638,8496000.0,matmul_physical_exact_v2,543744000.0,126311848.22089285
,,expert.layer.15.qk,denoise,8,A,cross,matmul,1465,750,64,177,70320000,281280000,8,8,0.536547571814562,8496000.0,matmul_physical_exact_v2,543744000.0,116789769.56867544
,,expert.layer.15.qk,denoise,8,B,cross,matmul,1465,750,64,177,248932800,995731200,8,8,0.5326638424104818,8496000.0,matmul_physical_exact_v2,543744000.0,118755366.61009824
,,expert.layer.15.qk,denoise,8,O,cross,matmul,1465,750,64,177,194478750,777915000,8,8,0.5178927710611057,8496000.0,matmul_physical_exact_v2,543744000.0,126380993.41682594
,,expert.layer.15.qk,denoise,9,A,cross,matmul,1465,750,64,177,70320000,281280000,8,8,0.5362226002559727,8496000.0,matmul_physical_exact_v2,543744000.0,116953612.31726481
,,expert.layer.15.qk,denoise,9,B,cross,matmul,1465,750,64,177,248932800,995731200,8,8,0.5326435869439463,8496000.0,matmul_physical_exact_v2,543744000.0,118765661.11628653
,,expert.layer.15.qk,denoise,9,O,cross,matmul,1465,750,64,177,194478750,777915000,8,8,0.5185884241851616,8496000.0,matmul_physical_exact_v2,543744000.0,126016535.47975399
,,expert.layer.15.pv,denoise,0,A,cross,matmul,1465,750,177,64,194478750,777915000,8,8,0.7766129589993765,8496000.0,matmul_physical_exact_v2,543744000.0,27133788.074193463
,,expert.layer.15.pv,denoise,0,B,cross,matmul,1465,750,177,64,248932800,995731200,8,8,0.5318711314860878,8496000.0,matmul_physical_exact_v2,543744000.0,119158581.7924377
,,expert.layer.15.pv,denoise,0,O,cross,matmul,1465,750,177,64,70320000,281280000,8,8,0.5265851713594994,8496000.0,matmul_physical_exact_v2,543744000.0,121864775.25773865
,,expert.layer.15.pv,denoise,1,A,cross,matmul,1465,750,177,64,194478750,777915000,8,8,0.7810284259848441,8496000.0,matmul_physical_exact_v2,543744000.0,26071736.49445311
,,expert.layer.15.pv,denoise,1,B,cross,matmul,1465,750,177,64,248932800,995731200,8,8,0.5318672780364821,8496000.0,matmul_physical_exact_v2,543744000.0,119160543.53208145
,,expert.layer.15.pv,denoise,1,O,cross,matmul,1465,750,177,64,70320000,281280000,8,8,0.5265983610637087,8496000.0,matmul_physical_exact_v2,543744000.0,121857984.85806891
,,expert.layer.15.pv,denoise,2,A,cross,matmul,1465,750,177,64,194478750,777915000,8,8,0.7851505215865486,8496000.0,matmul_physical_exact_v2,543744000.0,25099385.279361587
,,expert.layer.15.pv,denoise,2,B,cross,matmul,1465,750,177,64,248932800,995731200,8,8,0.5318679800331656,8496000.0,matmul_physical_exact_v2,543744000.0,119160186.15375811
,,expert.layer.15.pv,denoise,2,O,cross,matmul,1465,750,177,64,70320000,281280000,8,8,0.526573574374289,8496000.0,matmul_physical_exact_v2,543744000.0,121870745.8409178
,,expert.layer.15.pv,denoise,3,A,cross,matmul,1465,750,177,64,194478750,777915000,8,8,0.789325495716113,8496000.0,matmul_physical_exact_v2,543744000.0,24133395.995692924
,,expert.layer.15.pv,denoise,3,B,cross,matmul,1465,750,177,64,248932800,995731200,8,8,0.5318635872813868,8496000.0,matmul_physical_exact_v2,543744000.0,119162422.4612664
,,expert.layer.15.pv,denoise,3,O,cross,matmul,1465,750,177,64,70320000,281280000,8,8,0.5265083795506257,8496000.0,matmul_physical_exact_v2,543744000.0,121904313.41731448
,,expert.layer.15.pv,denoise,4,A,cross,matmul,1465,750,177,64,194478750,777915000,8,8,0.7936850928443339,8496000.0,matmul_physical_exact_v2,543744000.0,23144920.60229607
,,expert.layer.15.pv,denoise,4,B,cross,matmul,1465,750,177,64,248932800,995731200,8,8,0.531860300249706,8496000.0,matmul_physical_exact_v2,543744000.0,119164095.87107724
,,expert.layer.15.pv,denoise,4,O,cross,matmul,1465,750,177,64,70320000,281280000,8,8,0.5265069752559727,8496000.0,matmul_physical_exact_v2,543744000.0,121905036.51281175
,,expert.layer.15.pv,denoise,5,A,cross,matmul,1465,750,177,64,194478750,777915000,8,8,0.798001806109922,8496000.0,matmul_physical_exact_v2,543744000.0,22186533.424954608
,,expert.layer.15.pv,denoise,5,B,cross,matmul,1465,750,177,64,248932800,995731200,8,8,0.5318595138929061,8496000.0,matmul_physical_exact_v2,543744000.0,119164496.20275533
,,expert.layer.15.pv,denoise,5,O,cross,matmul,1465,750,177,64,70320000,281280000,8,8,0.5264703569397042,8496000.0,matmul_physical_exact_v2,543744000.0,121923892.67145391
,,expert.layer.15.pv,denoise,6,A,cross,matmul,1465,750,177,64,194478750,777915000,8,8,0.8021713053482707,8496000.0,matmul_physical_exact_v2,543744000.0,21280069.81535681
,,expert.layer.15.pv,denoise,6,B,cross,matmul,1465,750,177,64,248932800,995731200,8,8,0.5318564980187425,8496000.0,matmul_physical_exact_v2,543744000.0,119166031.58067547
,,expert.layer.15.pv,denoise,6,O,cross,matmul,1465,750,177,64,70320000,281280000,8,8,0.5264752559726963,8496000.0,matmul_physical_exact_v2,543744000.0,121921369.88923042
,,expert.layer.15.pv,denoise,7,A,cross,matmul,1465,750,177,64,194478750,777915000,8,8,0.805517267310696,8496000.0,matmul_physical_exact_v2,543744000.0,20566319.29845036
,,expert.layer.15.pv,denoise,7,B,cross,matmul,1465,750,177,64,248932800,995731200,8,8,0.5318561967326122,8496000.0,matmul_physical_exact_v2,543744000.0,119166184.96562651
,,expert.layer.15.pv,denoise,7,O,cross,matmul,1465,750,177,64,70320000,281280000,8,8,0.5264637727531285,8496000.0,matmul_physical_exact_v2,543744000.0,121927283.27328931
,,expert.layer.15.pv,denoise,8,A,cross,matmul,1465,750,177,64,194478750,777915000,8,8,0.80644350989504,8496000.0,matmul_physical_exact_v2,543744000.0,20370887.671388198
,,expert.layer.15.pv,denoise,8,B,cross,matmul,1465,750,177,64,248932800,995731200,8,8,0.5318548319064422,8496000.0,matmul_physical_exact_v2,543744000.0,119166879.80069114
,,expert.layer.15.pv,denoise,8,O,cross,matmul,1465,750,177,64,70320000,281280000,8,8,0.5263834222127417,8496000.0,matmul_physical_exact_v2,543744000.0,121968664.49700801
,,expert.layer.15.pv,denoise,9,A,cross,matmul,1465,750,177,64,194478750,777915000,8,8,0.8007629381102048,8496000.0,matmul_physical_exact_v2,543744000.0,21584139.29163147
,,expert.layer.15.pv,denoise,9,B,cross,matmul,1465,750,177,64,248932800,995731200,8,8,0.5318551211411272,8496000.0,matmul_physical_exact_v2,543744000.0,119166732.55070698
,,expert.layer.15.pv,denoise,9,O,cross,matmul,1465,750,177,64,70320000,281280000,8,8,0.526422497155859,8496000.0,matmul_physical_exact_v2,543744000.0,121948539.68614304
